run-id,use_vernalisation_fix,sowing-date,harvest-date,crop-id,sim.json,crop.json,site.json,incl_hist,climate_path_to_latlon_file,climate_path_to_csvs,gcm,rcm,scenario,ensmem,version,start_date,end_date,groundwater-level,impenetrable-layer,elevation,slope,latitude,landcover,fertilization,NitrogenResponseOn,irrigation,WaterDeficitResponseOn,EmergenceMoistureControlOn,EmergenceFloodingControlOn,LeafExtensionModifier,CO2,O3,FieldConditionModifier,StageTemperatureSum,comment,region_name,crop_data,irrigation_data,species_param_name,cultivar_param_name,param_value,param_index_in_array,coeff
732,True,fixed,auto,SM_sfix_hauto,sim_projection_avgyield.json,crop.json,site.json,False,dwd_core_ensemble,dwd_core_ensemble/csvs_dwd_core_ensemble,CCCma-CanESM2,CLMcom-CCLM4-8-17,rcp85,r1i1p1,v1,2027-01-01,2027-12-31,False,False,True,True,True,False,False,True,True,True,False,False,False,,,0.98,100_220_390_120_330_140_25,prediction_runs,,crop_MS_2027_100_25832_etrs89-utm32n.asc,irrigation_SM_2020_100_25832_etrs89-utm32n.asc,,DroughtStressThreshold,0.5,1,
733,True,fixed,auto,SM_sfix_hauto,sim_projection_avgyield.json,crop.json,site.json,False,dwd_core_ensemble,dwd_core_ensemble/csvs_dwd_core_ensemble,ICHEC-EC-EARTH,CLMcom-CCLM4-8-17,rcp26,r12i1p1,v1,2027-01-01,2027-12-31,False,False,True,True,True,False,False,True,True,True,False,False,False,,,0.98,100_220_390_120_330_140_25,prediction_runs,,crop_MS_2027_100_25832_etrs89-utm32n.asc,irrigation_SM_2020_100_25832_etrs89-utm32n.asc,,DroughtStressThreshold,0.5,1,
734,True,fixed,auto,SM_sfix_hauto,sim_projection_avgyield.json,crop.json,site.json,False,dwd_core_ensemble,dwd_core_ensemble/csvs_dwd_core_ensemble,ICHEC-EC-EARTH,KNMI-RACMO22E,rcp26,r12i1p1,v1,2027-01-01,2027-12-31,False,False,True,True,True,False,False,True,True,True,False,False,False,,,0.98,100_220_390_120_330_140_25,prediction_runs,,crop_MS_2027_100_25832_etrs89-utm32n.asc,irrigation_SM_2020_100_25832_etrs89-utm32n.asc,,DroughtStressThreshold,0.5,1,
735,True,fixed,auto,SM_sfix_hauto,sim_projection_avgyield.json,crop.json,site.json,False,dwd_core_ensemble,dwd_core_ensemble/csvs_dwd_core_ensemble,ICHEC-EC-EARTH,KNMI-RACMO22E,rcp45,r1i1p1,v1,2027-01-01,2027-12-31,False,False,True,True,True,False,False,True,True,True,False,False,False,,,0.98,100_220_390_120_330_140_25,prediction_runs,,crop_MS_2027_100_25832_etrs89-utm32n.asc,irrigation_SM_2020_100_25832_etrs89-utm32n.asc,,DroughtStressThreshold,0.5,1,
736,True,fixed,auto,SM_sfix_hauto,sim_projection_avgyield.json,crop.json,site.json,False,dwd_core_ensemble,dwd_core_ensemble/csvs_dwd_core_ensemble,ICHEC-EC-EARTH,KNMI-RACMO22E,rcp45,r12i1p1,v1,2027-01-01,2027-12-31,False,False,True,True,True,False,False,True,True,True,False,False,False,,,0.98,100_220_390_120_330_140_25,prediction_runs,,crop_MS_2027_100_25832_etrs89-utm32n.asc,irrigation_SM_2020_100_25832_etrs89-utm32n.asc,,DroughtStressThreshold,0.5,1,
737,True,fixed,auto,SM_sfix_hauto,sim_projection_avgyield.json,crop.json,site.json,False,dwd_core_ensemble,dwd_core_ensemble/csvs_dwd_core_ensemble,ICHEC-EC-EARTH,KNMI-RACMO22E,rcp85,r1i1p1,v1,2027-01-01,2027-12-31,False,False,True,True,True,False,False,True,True,True,False,False,False,,,0.98,100_220_390_120_330_140_25,prediction_runs,,crop_MS_2027_100_25832_etrs89-utm32n.asc,irrigation_SM_2020_100_25832_etrs89-utm32n.asc,,DroughtStressThreshold,0.5,1,
738,True,fixed,auto,SM_sfix_hauto,sim_projection_avgyield.json,crop.json,site.json,False,dwd_core_ensemble,dwd_core_ensemble/csvs_dwd_core_ensemble,ICHEC-EC-EARTH,SMHI-RCA4,rcp45,r12i1p1,v1,2027-01-01,2027-12-31,False,False,True,True,True,False,False,True,True,True,False,False,False,,,0.98,100_220_390_120_330_140_25,prediction_runs,,crop_MS_2027_100_25832_etrs89-utm32n.asc,irrigation_SM_2020_100_25832_etrs89-utm32n.asc,,DroughtStressThreshold,0.5,1,
739,True,fixed,auto,SM_sfix_hauto,sim_projection_avgyield.json,crop.json,site.json,False,dwd_core_ensemble,dwd_core_ensemble/csvs_dwd_core_ensemble,MIROC-MIROC5,CLMcom-CCLM4-8-17,rcp26,r1i1p1,v1,2027-01-01,2027-12-31,False,False,True,True,True,False,False,True,True,True,False,False,False,,,0.98,100_220_390_120_330_140_25,prediction_runs,,crop_MS_2027_100_25832_etrs89-utm32n.asc,irrigation_SM_2020_100_25832_etrs89-utm32n.asc,,DroughtStressThreshold,0.5,1,
740,True,fixed,auto,SM_sfix_hauto,sim_projection_avgyield.json,crop.json,site.json,False,dwd_core_ensemble,dwd_core_ensemble/csvs_dwd_core_ensemble,MIROC-MIROC5,GERICS-REMO2015,rcp85,r1i1p1,v1,2027-01-01,2027-12-31,False,False,True,True,True,False,False,True,True,True,False,False,False,,,0.98,100_220_390_120_330_140_25,prediction_runs,,crop_MS_2027_100_25832_etrs89-utm32n.asc,irrigation_SM_2020_100_25832_etrs89-utm32n.asc,,DroughtStressThreshold,0.5,1,
741,True,fixed,auto,SM_sfix_hauto,sim_projection_avgyield.json,crop.json,site.json,False,dwd_core_ensemble,dwd_core_ensemble/csvs_dwd_core_ensemble,MOHC-HadGEM2-ES,CLMcom-CCLM4-8-17,rcp45,r1i1p1,v1,2027-01-01,2027-12-31,False,False,True,True,True,False,False,True,True,True,False,False,False,,,0.98,100_220_390_120_330_140_25,prediction_runs,,crop_MS_2027_100_25832_etrs89-utm32n.asc,irrigation_SM_2020_100_25832_etrs89-utm32n.asc,,DroughtStressThreshold,0.5,1,
742,True,fixed,auto,SM_sfix_hauto,sim_projection_avgyield.json,crop.json,site.json,False,dwd_core_ensemble,dwd_core_ensemble/csvs_dwd_core_ensemble,MOHC-HadGEM2-ES,CLMcom-CCLM4-8-17,rcp85,r1i1p1,v1,2027-01-01,2027-12-31,False,False,True,True,True,False,False,True,True,True,False,False,False,,,0.98,100_220_390_120_330_140_25,prediction_runs,,crop_MS_2027_100_25832_etrs89-utm32n.asc,irrigation_SM_2020_100_25832_etrs89-utm32n.asc,,DroughtStressThreshold,0.5,1,
743,True,fixed,auto,SM_sfix_hauto,sim_projection_avgyield.json,crop.json,site.json,False,dwd_core_ensemble,dwd_core_ensemble/csvs_dwd_core_ensemble,MOHC-HadGEM2-ES,KNMI-RACMO22E,rcp26,r1i1p1,v2,2027-01-01,2027-12-31,False,False,True,True,True,False,False,True,True,True,False,False,False,,,0.98,100_220_390_120_330_140_25,prediction_runs,,crop_MS_2027_100_25832_etrs89-utm32n.asc,irrigation_SM_2020_100_25832_etrs89-utm32n.asc,,DroughtStressThreshold,0.5,1,
744,True,fixed,auto,SM_sfix_hauto,sim_projection_avgyield.json,crop.json,site.json,False,dwd_core_ensemble,dwd_core_ensemble/csvs_dwd_core_ensemble,MPI-M-MPI-ESM-LR,MPI-CSC-REMO2009,rcp26,r2i1p1,v1,2027-01-01,2027-12-31,False,False,True,True,True,False,False,True,True,True,False,False,False,,,0.98,100_220_390_120_330_140_25,prediction_runs,,crop_MS_2027_100_25832_etrs89-utm32n.asc,irrigation_SM_2020_100_25832_etrs89-utm32n.asc,,DroughtStressThreshold,0.5,1,
745,True,fixed,auto,SM_sfix_hauto,sim_projection_avgyield.json,crop.json,site.json,False,dwd_core_ensemble,dwd_core_ensemble/csvs_dwd_core_ensemble,MPI-M-MPI-ESM-LR,MPI-CSC-REMO2009,rcp45,r1i1p1,v1,2027-01-01,2027-12-31,False,False,True,True,True,False,False,True,True,True,False,False,False,,,0.98,100_220_390_120_330_140_25,prediction_runs,,crop_MS_2027_100_25832_etrs89-utm32n.asc,irrigation_SM_2020_100_25832_etrs89-utm32n.asc,,DroughtStressThreshold,0.5,1,
746,True,fixed,auto,SM_sfix_hauto,sim_projection_avgyield.json,crop.json,site.json,False,dwd_core_ensemble,dwd_core_ensemble/csvs_dwd_core_ensemble,MPI-M-MPI-ESM-LR,MPI-CSC-REMO2009,rcp45,r2i1p1,v1,2027-01-01,2027-12-31,False,False,True,True,True,False,False,True,True,True,False,False,False,,,0.98,100_220_390_120_330_140_25,prediction_runs,,crop_MS_2027_100_25832_etrs89-utm32n.asc,irrigation_SM_2020_100_25832_etrs89-utm32n.asc,,DroughtStressThreshold,0.5,1,
747,True,fixed,auto,SM_sfix_hauto,sim_projection_avgyield.json,crop.json,site.json,False,dwd_core_ensemble,dwd_core_ensemble/csvs_dwd_core_ensemble,MPI-M-MPI-ESM-LR,MPI-CSC-REMO2009,rcp85,r2i1p1,v1,2027-01-01,2027-12-31,False,False,True,True,True,False,False,True,True,True,False,False,False,,,0.98,100_220_390_120_330_140_25,prediction_runs,,crop_MS_2027_100_25832_etrs89-utm32n.asc,irrigation_SM_2020_100_25832_etrs89-utm32n.asc,,DroughtStressThreshold,0.5,1,
748,True,fixed,auto,SM_sfix_hauto,sim_projection_avgyield.json,crop.json,site.json,False,dwd_core_ensemble,dwd_core_ensemble/csvs_dwd_core_ensemble,MPI-M-MPI-ESM-LR,UHOH-WRF361H,rcp85,r1i1p1,v1,2027-01-01,2027-12-31,False,False,True,True,True,False,False,True,True,True,False,False,False,,,0.98,100_220_390_120_330_140_25,prediction_runs,,crop_MS_2027_100_25832_etrs89-utm32n.asc,irrigation_SM_2020_100_25832_etrs89-utm32n.asc,,DroughtStressThreshold,0.5,1,
749,True,fixed,auto,SM_sfix_hauto,sim_projection_avgyield.json,crop.json,site.json,False,dwd_core_ensemble,dwd_core_ensemble/csvs_dwd_core_ensemble,CCCma-CanESM2,CLMcom-CCLM4-8-17,rcp85,r1i1p1,v1,2028-01-01,2028-12-31,False,False,True,True,True,False,False,True,False,True,False,False,False,,,0.98,100_220_390_120_330_140_25,prediction_runs,,crop_MS_2028_100_25832_etrs89-utm32n.asc,irrigation_SM_2020_100_25832_etrs89-utm32n.asc,,DroughtStressThreshold,0.5,1,
750,True,fixed,auto,SM_sfix_hauto,sim_projection_avgyield.json,crop.json,site.json,False,dwd_core_ensemble,dwd_core_ensemble/csvs_dwd_core_ensemble,ICHEC-EC-EARTH,CLMcom-CCLM4-8-17,rcp26,r12i1p1,v1,2028-01-01,2028-12-31,False,False,True,True,True,False,False,True,False,True,False,False,False,,,0.98,100_220_390_120_330_140_25,prediction_runs,,crop_MS_2028_100_25832_etrs89-utm32n.asc,irrigation_SM_2020_100_25832_etrs89-utm32n.asc,,DroughtStressThreshold,0.5,1,
751,True,fixed,auto,SM_sfix_hauto,sim_projection_avgyield.json,crop.json,site.json,False,dwd_core_ensemble,dwd_core_ensemble/csvs_dwd_core_ensemble,ICHEC-EC-EARTH,KNMI-RACMO22E,rcp26,r12i1p1,v1,2028-01-01,2028-12-31,False,False,True,True,True,False,False,True,False,True,False,False,False,,,0.98,100_220_390_120_330_140_25,prediction_runs,,crop_MS_2028_100_25832_etrs89-utm32n.asc,irrigation_SM_2020_100_25832_etrs89-utm32n.asc,,DroughtStressThreshold,0.5,1,
752,True,fixed,auto,SM_sfix_hauto,sim_projection_avgyield.json,crop.json,site.json,False,dwd_core_ensemble,dwd_core_ensemble/csvs_dwd_core_ensemble,ICHEC-EC-EARTH,KNMI-RACMO22E,rcp45,r1i1p1,v1,2028-01-01,2028-12-31,False,False,True,True,True,False,False,True,False,True,False,False,False,,,0.98,100_220_390_120_330_140_25,prediction_runs,,crop_MS_2028_100_25832_etrs89-utm32n.asc,irrigation_SM_2020_100_25832_etrs89-utm32n.asc,,DroughtStressThreshold,0.5,1,
753,True,fixed,auto,SM_sfix_hauto,sim_projection_avgyield.json,crop.json,site.json,False,dwd_core_ensemble,dwd_core_ensemble/csvs_dwd_core_ensemble,ICHEC-EC-EARTH,KNMI-RACMO22E,rcp45,r12i1p1,v1,2028-01-01,2028-12-31,False,False,True,True,True,False,False,True,False,True,False,False,False,,,0.98,100_220_390_120_330_140_25,prediction_runs,,crop_MS_2028_100_25832_etrs89-utm32n.asc,irrigation_SM_2020_100_25832_etrs89-utm32n.asc,,DroughtStressThreshold,0.5,1,
754,True,fixed,auto,SM_sfix_hauto,sim_projection_avgyield.json,crop.json,site.json,False,dwd_core_ensemble,dwd_core_ensemble/csvs_dwd_core_ensemble,ICHEC-EC-EARTH,KNMI-RACMO22E,rcp85,r1i1p1,v1,2028-01-01,2028-12-31,False,False,True,True,True,False,False,True,False,True,False,False,False,,,0.98,100_220_390_120_330_140_25,prediction_runs,,crop_MS_2028_100_25832_etrs89-utm32n.asc,irrigation_SM_2020_100_25832_etrs89-utm32n.asc,,DroughtStressThreshold,0.5,1,
755,True,fixed,auto,SM_sfix_hauto,sim_projection_avgyield.json,crop.json,site.json,False,dwd_core_ensemble,dwd_core_ensemble/csvs_dwd_core_ensemble,ICHEC-EC-EARTH,SMHI-RCA4,rcp45,r12i1p1,v1,2028-01-01,2028-12-31,False,False,True,True,True,False,False,True,False,True,False,False,False,,,0.98,100_220_390_120_330_140_25,prediction_runs,,crop_MS_2028_100_25832_etrs89-utm32n.asc,irrigation_SM_2020_100_25832_etrs89-utm32n.asc,,DroughtStressThreshold,0.5,1,
756,True,fixed,auto,SM_sfix_hauto,sim_projection_avgyield.json,crop.json,site.json,False,dwd_core_ensemble,dwd_core_ensemble/csvs_dwd_core_ensemble,MIROC-MIROC5,CLMcom-CCLM4-8-17,rcp26,r1i1p1,v1,2028-01-01,2028-12-31,False,False,True,True,True,False,False,True,False,True,False,False,False,,,0.98,100_220_390_120_330_140_25,prediction_runs,,crop_MS_2028_100_25832_etrs89-utm32n.asc,irrigation_SM_2020_100_25832_etrs89-utm32n.asc,,DroughtStressThreshold,0.5,1,
757,True,fixed,auto,SM_sfix_hauto,sim_projection_avgyield.json,crop.json,site.json,False,dwd_core_ensemble,dwd_core_ensemble/csvs_dwd_core_ensemble,MIROC-MIROC5,GERICS-REMO2015,rcp85,r1i1p1,v1,2028-01-01,2028-12-31,False,False,True,True,True,False,False,True,False,True,False,False,False,,,0.98,100_220_390_120_330_140_25,prediction_runs,,crop_MS_2028_100_25832_etrs89-utm32n.asc,irrigation_SM_2020_100_25832_etrs89-utm32n.asc,,DroughtStressThreshold,0.5,1,
758,True,fixed,auto,SM_sfix_hauto,sim_projection_avgyield.json,crop.json,site.json,False,dwd_core_ensemble,dwd_core_ensemble/csvs_dwd_core_ensemble,MOHC-HadGEM2-ES,CLMcom-CCLM4-8-17,rcp45,r1i1p1,v1,2028-01-01,2028-12-31,False,False,True,True,True,False,False,True,False,True,False,False,False,,,0.98,100_220_390_120_330_140_25,prediction_runs,,crop_MS_2028_100_25832_etrs89-utm32n.asc,irrigation_SM_2020_100_25832_etrs89-utm32n.asc,,DroughtStressThreshold,0.5,1,
759,True,fixed,auto,SM_sfix_hauto,sim_projection_avgyield.json,crop.json,site.json,False,dwd_core_ensemble,dwd_core_ensemble/csvs_dwd_core_ensemble,MOHC-HadGEM2-ES,CLMcom-CCLM4-8-17,rcp85,r1i1p1,v1,2028-01-01,2028-12-31,False,False,True,True,True,False,False,True,False,True,False,False,False,,,0.98,100_220_390_120_330_140_25,prediction_runs,,crop_MS_2028_100_25832_etrs89-utm32n.asc,irrigation_SM_2020_100_25832_etrs89-utm32n.asc,,DroughtStressThreshold,0.5,1,
760,True,fixed,auto,SM_sfix_hauto,sim_projection_avgyield.json,crop.json,site.json,False,dwd_core_ensemble,dwd_core_ensemble/csvs_dwd_core_ensemble,MOHC-HadGEM2-ES,KNMI-RACMO22E,rcp26,r1i1p1,v2,2028-01-01,2028-12-31,False,False,True,True,True,False,False,True,False,True,False,False,False,,,0.98,100_220_390_120_330_140_25,prediction_runs,,crop_MS_2028_100_25832_etrs89-utm32n.asc,irrigation_SM_2020_100_25832_etrs89-utm32n.asc,,DroughtStressThreshold,0.5,1,
761,True,fixed,auto,SM_sfix_hauto,sim_projection_avgyield.json,crop.json,site.json,False,dwd_core_ensemble,dwd_core_ensemble/csvs_dwd_core_ensemble,MPI-M-MPI-ESM-LR,MPI-CSC-REMO2009,rcp26,r2i1p1,v1,2028-01-01,2028-12-31,False,False,True,True,True,False,False,True,False,True,False,False,False,,,0.98,100_220_390_120_330_140_25,prediction_runs,,crop_MS_2028_100_25832_etrs89-utm32n.asc,irrigation_SM_2020_100_25832_etrs89-utm32n.asc,,DroughtStressThreshold,0.5,1,
762,True,fixed,auto,SM_sfix_hauto,sim_projection_avgyield.json,crop.json,site.json,False,dwd_core_ensemble,dwd_core_ensemble/csvs_dwd_core_ensemble,MPI-M-MPI-ESM-LR,MPI-CSC-REMO2009,rcp45,r1i1p1,v1,2028-01-01,2028-12-31,False,False,True,True,True,False,False,True,False,True,False,False,False,,,0.98,100_220_390_120_330_140_25,prediction_runs,,crop_MS_2028_100_25832_etrs89-utm32n.asc,irrigation_SM_2020_100_25832_etrs89-utm32n.asc,,DroughtStressThreshold,0.5,1,
763,True,fixed,auto,SM_sfix_hauto,sim_projection_avgyield.json,crop.json,site.json,False,dwd_core_ensemble,dwd_core_ensemble/csvs_dwd_core_ensemble,MPI-M-MPI-ESM-LR,MPI-CSC-REMO2009,rcp45,r2i1p1,v1,2028-01-01,2028-12-31,False,False,True,True,True,False,False,True,False,True,False,False,False,,,0.98,100_220_390_120_330_140_25,prediction_runs,,crop_MS_2028_100_25832_etrs89-utm32n.asc,irrigation_SM_2020_100_25832_etrs89-utm32n.asc,,DroughtStressThreshold,0.5,1,
764,True,fixed,auto,SM_sfix_hauto,sim_projection_avgyield.json,crop.json,site.json,False,dwd_core_ensemble,dwd_core_ensemble/csvs_dwd_core_ensemble,MPI-M-MPI-ESM-LR,MPI-CSC-REMO2009,rcp85,r2i1p1,v1,2028-01-01,2028-12-31,False,False,True,True,True,False,False,True,False,True,False,False,False,,,0.98,100_220_390_120_330_140_25,prediction_runs,,crop_MS_2028_100_25832_etrs89-utm32n.asc,irrigation_SM_2020_100_25832_etrs89-utm32n.asc,,DroughtStressThreshold,0.5,1,
765,True,fixed,auto,SM_sfix_hauto,sim_projection_avgyield.json,crop.json,site.json,False,dwd_core_ensemble,dwd_core_ensemble/csvs_dwd_core_ensemble,MPI-M-MPI-ESM-LR,UHOH-WRF361H,rcp85,r1i1p1,v1,2028-01-01,2028-12-31,False,False,True,True,True,False,False,True,False,True,False,False,False,,,0.98,100_220_390_120_330_140_25,prediction_runs,,crop_MS_2028_100_25832_etrs89-utm32n.asc,irrigation_SM_2020_100_25832_etrs89-utm32n.asc,,DroughtStressThreshold,0.5,1,
766,True,fixed,auto,SM_sfix_hauto,sim_projection_avgyield.json,crop.json,site.json,False,dwd_core_ensemble,dwd_core_ensemble/csvs_dwd_core_ensemble,CCCma-CanESM2,CLMcom-CCLM4-8-17,rcp85,r1i1p1,v1,2029-01-01,2029-12-31,False,False,True,True,True,False,False,True,False,True,False,False,False,,,0.98,100_220_390_120_330_140_25,prediction_runs,,crop_MS_2029_100_25832_etrs89-utm32n.asc,irrigation_SM_2020_100_25832_etrs89-utm32n.asc,,DroughtStressThreshold,0.5,1,
767,True,fixed,auto,SM_sfix_hauto,sim_projection_avgyield.json,crop.json,site.json,False,dwd_core_ensemble,dwd_core_ensemble/csvs_dwd_core_ensemble,ICHEC-EC-EARTH,CLMcom-CCLM4-8-17,rcp26,r12i1p1,v1,2029-01-01,2029-12-31,False,False,True,True,True,False,False,True,False,True,False,False,False,,,0.98,100_220_390_120_330_140_25,prediction_runs,,crop_MS_2029_100_25832_etrs89-utm32n.asc,irrigation_SM_2020_100_25832_etrs89-utm32n.asc,,DroughtStressThreshold,0.5,1,
768,True,fixed,auto,SM_sfix_hauto,sim_projection_avgyield.json,crop.json,site.json,False,dwd_core_ensemble,dwd_core_ensemble/csvs_dwd_core_ensemble,ICHEC-EC-EARTH,KNMI-RACMO22E,rcp26,r12i1p1,v1,2029-01-01,2029-12-31,False,False,True,True,True,False,False,True,False,True,False,False,False,,,0.98,100_220_390_120_330_140_25,prediction_runs,,crop_MS_2029_100_25832_etrs89-utm32n.asc,irrigation_SM_2020_100_25832_etrs89-utm32n.asc,,DroughtStressThreshold,0.5,1,
769,True,fixed,auto,SM_sfix_hauto,sim_projection_avgyield.json,crop.json,site.json,False,dwd_core_ensemble,dwd_core_ensemble/csvs_dwd_core_ensemble,ICHEC-EC-EARTH,KNMI-RACMO22E,rcp45,r1i1p1,v1,2029-01-01,2029-12-31,False,False,True,True,True,False,False,True,False,True,False,False,False,,,0.98,100_220_390_120_330_140_25,prediction_runs,,crop_MS_2029_100_25832_etrs89-utm32n.asc,irrigation_SM_2020_100_25832_etrs89-utm32n.asc,,DroughtStressThreshold,0.5,1,
770,True,fixed,auto,SM_sfix_hauto,sim_projection_avgyield.json,crop.json,site.json,False,dwd_core_ensemble,dwd_core_ensemble/csvs_dwd_core_ensemble,ICHEC-EC-EARTH,KNMI-RACMO22E,rcp45,r12i1p1,v1,2029-01-01,2029-12-31,False,False,True,True,True,False,False,True,False,True,False,False,False,,,0.98,100_220_390_120_330_140_25,prediction_runs,,crop_MS_2029_100_25832_etrs89-utm32n.asc,irrigation_SM_2020_100_25832_etrs89-utm32n.asc,,DroughtStressThreshold,0.5,1,
771,True,fixed,auto,SM_sfix_hauto,sim_projection_avgyield.json,crop.json,site.json,False,dwd_core_ensemble,dwd_core_ensemble/csvs_dwd_core_ensemble,ICHEC-EC-EARTH,KNMI-RACMO22E,rcp85,r1i1p1,v1,2029-01-01,2029-12-31,False,False,True,True,True,False,False,True,False,True,False,False,False,,,0.98,100_220_390_120_330_140_25,prediction_runs,,crop_MS_2029_100_25832_etrs89-utm32n.asc,irrigation_SM_2020_100_25832_etrs89-utm32n.asc,,DroughtStressThreshold,0.5,1,
772,True,fixed,auto,SM_sfix_hauto,sim_projection_avgyield.json,crop.json,site.json,False,dwd_core_ensemble,dwd_core_ensemble/csvs_dwd_core_ensemble,ICHEC-EC-EARTH,SMHI-RCA4,rcp45,r12i1p1,v1,2029-01-01,2029-12-31,False,False,True,True,True,False,False,True,False,True,False,False,False,,,0.98,100_220_390_120_330_140_25,prediction_runs,,crop_MS_2029_100_25832_etrs89-utm32n.asc,irrigation_SM_2020_100_25832_etrs89-utm32n.asc,,DroughtStressThreshold,0.5,1,
773,True,fixed,auto,SM_sfix_hauto,sim_projection_avgyield.json,crop.json,site.json,False,dwd_core_ensemble,dwd_core_ensemble/csvs_dwd_core_ensemble,MIROC-MIROC5,CLMcom-CCLM4-8-17,rcp26,r1i1p1,v1,2029-01-01,2029-12-31,False,False,True,True,True,False,False,True,False,True,False,False,False,,,0.98,100_220_390_120_330_140_25,prediction_runs,,crop_MS_2029_100_25832_etrs89-utm32n.asc,irrigation_SM_2020_100_25832_etrs89-utm32n.asc,,DroughtStressThreshold,0.5,1,
774,True,fixed,auto,SM_sfix_hauto,sim_projection_avgyield.json,crop.json,site.json,False,dwd_core_ensemble,dwd_core_ensemble/csvs_dwd_core_ensemble,MIROC-MIROC5,GERICS-REMO2015,rcp85,r1i1p1,v1,2029-01-01,2029-12-31,False,False,True,True,True,False,False,True,False,True,False,False,False,,,0.98,100_220_390_120_330_140_25,prediction_runs,,crop_MS_2029_100_25832_etrs89-utm32n.asc,irrigation_SM_2020_100_25832_etrs89-utm32n.asc,,DroughtStressThreshold,0.5,1,
775,True,fixed,auto,SM_sfix_hauto,sim_projection_avgyield.json,crop.json,site.json,False,dwd_core_ensemble,dwd_core_ensemble/csvs_dwd_core_ensemble,MOHC-HadGEM2-ES,CLMcom-CCLM4-8-17,rcp45,r1i1p1,v1,2029-01-01,2029-12-31,False,False,True,True,True,False,False,True,False,True,False,False,False,,,0.98,100_220_390_120_330_140_25,prediction_runs,,crop_MS_2029_100_25832_etrs89-utm32n.asc,irrigation_SM_2020_100_25832_etrs89-utm32n.asc,,DroughtStressThreshold,0.5,1,
776,True,fixed,auto,SM_sfix_hauto,sim_projection_avgyield.json,crop.json,site.json,False,dwd_core_ensemble,dwd_core_ensemble/csvs_dwd_core_ensemble,MOHC-HadGEM2-ES,CLMcom-CCLM4-8-17,rcp85,r1i1p1,v1,2029-01-01,2029-12-31,False,False,True,True,True,False,False,True,False,True,False,False,False,,,0.98,100_220_390_120_330_140_25,prediction_runs,,crop_MS_2029_100_25832_etrs89-utm32n.asc,irrigation_SM_2020_100_25832_etrs89-utm32n.asc,,DroughtStressThreshold,0.5,1,
777,True,fixed,auto,SM_sfix_hauto,sim_projection_avgyield.json,crop.json,site.json,False,dwd_core_ensemble,dwd_core_ensemble/csvs_dwd_core_ensemble,MOHC-HadGEM2-ES,KNMI-RACMO22E,rcp26,r1i1p1,v2,2029-01-01,2029-12-31,False,False,True,True,True,False,False,True,False,True,False,False,False,,,0.98,100_220_390_120_330_140_25,prediction_runs,,crop_MS_2029_100_25832_etrs89-utm32n.asc,irrigation_SM_2020_100_25832_etrs89-utm32n.asc,,DroughtStressThreshold,0.5,1,
778,True,fixed,auto,SM_sfix_hauto,sim_projection_avgyield.json,crop.json,site.json,False,dwd_core_ensemble,dwd_core_ensemble/csvs_dwd_core_ensemble,MPI-M-MPI-ESM-LR,MPI-CSC-REMO2009,rcp26,r2i1p1,v1,2029-01-01,2029-12-31,False,False,True,True,True,False,False,True,False,True,False,False,False,,,0.98,100_220_390_120_330_140_25,prediction_runs,,crop_MS_2029_100_25832_etrs89-utm32n.asc,irrigation_SM_2020_100_25832_etrs89-utm32n.asc,,DroughtStressThreshold,0.5,1,
779,True,fixed,auto,SM_sfix_hauto,sim_projection_avgyield.json,crop.json,site.json,False,dwd_core_ensemble,dwd_core_ensemble/csvs_dwd_core_ensemble,MPI-M-MPI-ESM-LR,MPI-CSC-REMO2009,rcp45,r1i1p1,v1,2029-01-01,2029-12-31,False,False,True,True,True,False,False,True,False,True,False,False,False,,,0.98,100_220_390_120_330_140_25,prediction_runs,,crop_MS_2029_100_25832_etrs89-utm32n.asc,irrigation_SM_2020_100_25832_etrs89-utm32n.asc,,DroughtStressThreshold,0.5,1,
780,True,fixed,auto,SM_sfix_hauto,sim_projection_avgyield.json,crop.json,site.json,False,dwd_core_ensemble,dwd_core_ensemble/csvs_dwd_core_ensemble,MPI-M-MPI-ESM-LR,MPI-CSC-REMO2009,rcp45,r2i1p1,v1,2029-01-01,2029-12-31,False,False,True,True,True,False,False,True,False,True,False,False,False,,,0.98,100_220_390_120_330_140_25,prediction_runs,,crop_MS_2029_100_25832_etrs89-utm32n.asc,irrigation_SM_2020_100_25832_etrs89-utm32n.asc,,DroughtStressThreshold,0.5,1,
781,True,fixed,auto,SM_sfix_hauto,sim_projection_avgyield.json,crop.json,site.json,False,dwd_core_ensemble,dwd_core_ensemble/csvs_dwd_core_ensemble,MPI-M-MPI-ESM-LR,MPI-CSC-REMO2009,rcp85,r2i1p1,v1,2029-01-01,2029-12-31,False,False,True,True,True,False,False,True,False,True,False,False,False,,,0.98,100_220_390_120_330_140_25,prediction_runs,,crop_MS_2029_100_25832_etrs89-utm32n.asc,irrigation_SM_2020_100_25832_etrs89-utm32n.asc,,DroughtStressThreshold,0.5,1,
782,True,fixed,auto,SM_sfix_hauto,sim_projection_avgyield.json,crop.json,site.json,False,dwd_core_ensemble,dwd_core_ensemble/csvs_dwd_core_ensemble,MPI-M-MPI-ESM-LR,UHOH-WRF361H,rcp85,r1i1p1,v1,2029-01-01,2029-12-31,False,False,True,True,True,False,False,True,False,True,False,False,False,,,0.98,100_220_390_120_330_140_25,prediction_runs,,crop_MS_2029_100_25832_etrs89-utm32n.asc,irrigation_SM_2020_100_25832_etrs89-utm32n.asc,,DroughtStressThreshold,0.5,1,
783,True,fixed,auto,SM_sfix_hauto,sim_projection_avgyield.json,crop.json,site.json,False,dwd_core_ensemble,dwd_core_ensemble/csvs_dwd_core_ensemble,CCCma-CanESM2,CLMcom-CCLM4-8-17,rcp85,r1i1p1,v1,2030-01-01,2030-12-31,False,False,True,True,True,False,False,True,False,True,False,False,False,,,0.98,100_220_390_120_330_140_25,prediction_runs,,crop_MS_2030_100_25832_etrs89-utm32n.asc,irrigation_SM_2030_100_25832_etrs89-utm32n.asc,,DroughtStressThreshold,0.5,1,
784,True,fixed,auto,SM_sfix_hauto,sim_projection_avgyield.json,crop.json,site.json,False,dwd_core_ensemble,dwd_core_ensemble/csvs_dwd_core_ensemble,ICHEC-EC-EARTH,CLMcom-CCLM4-8-17,rcp26,r12i1p1,v1,2030-01-01,2030-12-31,False,False,True,True,True,False,False,True,False,True,False,False,False,,,0.98,100_220_390_120_330_140_25,prediction_runs,,crop_MS_2030_100_25832_etrs89-utm32n.asc,irrigation_SM_2030_100_25832_etrs89-utm32n.asc,,DroughtStressThreshold,0.5,1,
785,True,fixed,auto,SM_sfix_hauto,sim_projection_avgyield.json,crop.json,site.json,False,dwd_core_ensemble,dwd_core_ensemble/csvs_dwd_core_ensemble,ICHEC-EC-EARTH,KNMI-RACMO22E,rcp26,r12i1p1,v1,2030-01-01,2030-12-31,False,False,True,True,True,False,False,True,False,True,False,False,False,,,0.98,100_220_390_120_330_140_25,prediction_runs,,crop_MS_2030_100_25832_etrs89-utm32n.asc,irrigation_SM_2030_100_25832_etrs89-utm32n.asc,,DroughtStressThreshold,0.5,1,
786,True,fixed,auto,SM_sfix_hauto,sim_projection_avgyield.json,crop.json,site.json,False,dwd_core_ensemble,dwd_core_ensemble/csvs_dwd_core_ensemble,ICHEC-EC-EARTH,KNMI-RACMO22E,rcp45,r1i1p1,v1,2030-01-01,2030-12-31,False,False,True,True,True,False,False,True,False,True,False,False,False,,,0.98,100_220_390_120_330_140_25,prediction_runs,,crop_MS_2030_100_25832_etrs89-utm32n.asc,irrigation_SM_2030_100_25832_etrs89-utm32n.asc,,DroughtStressThreshold,0.5,1,
787,True,fixed,auto,SM_sfix_hauto,sim_projection_avgyield.json,crop.json,site.json,False,dwd_core_ensemble,dwd_core_ensemble/csvs_dwd_core_ensemble,ICHEC-EC-EARTH,KNMI-RACMO22E,rcp45,r12i1p1,v1,2030-01-01,2030-12-31,False,False,True,True,True,False,False,True,False,True,False,False,False,,,0.98,100_220_390_120_330_140_25,prediction_runs,,crop_MS_2030_100_25832_etrs89-utm32n.asc,irrigation_SM_2030_100_25832_etrs89-utm32n.asc,,DroughtStressThreshold,0.5,1,
788,True,fixed,auto,SM_sfix_hauto,sim_projection_avgyield.json,crop.json,site.json,False,dwd_core_ensemble,dwd_core_ensemble/csvs_dwd_core_ensemble,ICHEC-EC-EARTH,KNMI-RACMO22E,rcp85,r1i1p1,v1,2030-01-01,2030-12-31,False,False,True,True,True,False,False,True,False,True,False,False,False,,,0.98,100_220_390_120_330_140_25,prediction_runs,,crop_MS_2030_100_25832_etrs89-utm32n.asc,irrigation_SM_2030_100_25832_etrs89-utm32n.asc,,DroughtStressThreshold,0.5,1,
789,True,fixed,auto,SM_sfix_hauto,sim_projection_avgyield.json,crop.json,site.json,False,dwd_core_ensemble,dwd_core_ensemble/csvs_dwd_core_ensemble,ICHEC-EC-EARTH,SMHI-RCA4,rcp45,r12i1p1,v1,2030-01-01,2030-12-31,False,False,True,True,True,False,False,True,False,True,False,False,False,,,0.98,100_220_390_120_330_140_25,prediction_runs,,crop_MS_2030_100_25832_etrs89-utm32n.asc,irrigation_SM_2030_100_25832_etrs89-utm32n.asc,,DroughtStressThreshold,0.5,1,
790,True,fixed,auto,SM_sfix_hauto,sim_projection_avgyield.json,crop.json,site.json,False,dwd_core_ensemble,dwd_core_ensemble/csvs_dwd_core_ensemble,MIROC-MIROC5,CLMcom-CCLM4-8-17,rcp26,r1i1p1,v1,2030-01-01,2030-12-31,False,False,True,True,True,False,False,True,False,True,False,False,False,,,0.98,100_220_390_120_330_140_25,prediction_runs,,crop_MS_2030_100_25832_etrs89-utm32n.asc,irrigation_SM_2030_100_25832_etrs89-utm32n.asc,,DroughtStressThreshold,0.5,1,
791,True,fixed,auto,SM_sfix_hauto,sim_projection_avgyield.json,crop.json,site.json,False,dwd_core_ensemble,dwd_core_ensemble/csvs_dwd_core_ensemble,MIROC-MIROC5,GERICS-REMO2015,rcp85,r1i1p1,v1,2030-01-01,2030-12-31,False,False,True,True,True,False,False,True,False,True,False,False,False,,,0.98,100_220_390_120_330_140_25,prediction_runs,,crop_MS_2030_100_25832_etrs89-utm32n.asc,irrigation_SM_2030_100_25832_etrs89-utm32n.asc,,DroughtStressThreshold,0.5,1,
792,True,fixed,auto,SM_sfix_hauto,sim_projection_avgyield.json,crop.json,site.json,False,dwd_core_ensemble,dwd_core_ensemble/csvs_dwd_core_ensemble,MOHC-HadGEM2-ES,CLMcom-CCLM4-8-17,rcp45,r1i1p1,v1,2030-01-01,2030-12-31,False,False,True,True,True,False,False,True,False,True,False,False,False,,,0.98,100_220_390_120_330_140_25,prediction_runs,,crop_MS_2030_100_25832_etrs89-utm32n.asc,irrigation_SM_2030_100_25832_etrs89-utm32n.asc,,DroughtStressThreshold,0.5,1,
793,True,fixed,auto,SM_sfix_hauto,sim_projection_avgyield.json,crop.json,site.json,False,dwd_core_ensemble,dwd_core_ensemble/csvs_dwd_core_ensemble,MOHC-HadGEM2-ES,CLMcom-CCLM4-8-17,rcp85,r1i1p1,v1,2030-01-01,2030-12-31,False,False,True,True,True,False,False,True,False,True,False,False,False,,,0.98,100_220_390_120_330_140_25,prediction_runs,,crop_MS_2030_100_25832_etrs89-utm32n.asc,irrigation_SM_2030_100_25832_etrs89-utm32n.asc,,DroughtStressThreshold,0.5,1,
794,True,fixed,auto,SM_sfix_hauto,sim_projection_avgyield.json,crop.json,site.json,False,dwd_core_ensemble,dwd_core_ensemble/csvs_dwd_core_ensemble,MOHC-HadGEM2-ES,KNMI-RACMO22E,rcp26,r1i1p1,v2,2030-01-01,2030-12-31,False,False,True,True,True,False,False,True,False,True,False,False,False,,,0.98,100_220_390_120_330_140_25,prediction_runs,,crop_MS_2030_100_25832_etrs89-utm32n.asc,irrigation_SM_2030_100_25832_etrs89-utm32n.asc,,DroughtStressThreshold,0.5,1,
795,True,fixed,auto,SM_sfix_hauto,sim_projection_avgyield.json,crop.json,site.json,False,dwd_core_ensemble,dwd_core_ensemble/csvs_dwd_core_ensemble,MPI-M-MPI-ESM-LR,MPI-CSC-REMO2009,rcp26,r2i1p1,v1,2030-01-01,2030-12-31,False,False,True,True,True,False,False,True,False,True,False,False,False,,,0.98,100_220_390_120_330_140_25,prediction_runs,,crop_MS_2030_100_25832_etrs89-utm32n.asc,irrigation_SM_2030_100_25832_etrs89-utm32n.asc,,DroughtStressThreshold,0.5,1,
796,True,fixed,auto,SM_sfix_hauto,sim_projection_avgyield.json,crop.json,site.json,False,dwd_core_ensemble,dwd_core_ensemble/csvs_dwd_core_ensemble,MPI-M-MPI-ESM-LR,MPI-CSC-REMO2009,rcp45,r1i1p1,v1,2030-01-01,2030-12-31,False,False,True,True,True,False,False,True,False,True,False,False,False,,,0.98,100_220_390_120_330_140_25,prediction_runs,,crop_MS_2030_100_25832_etrs89-utm32n.asc,irrigation_SM_2030_100_25832_etrs89-utm32n.asc,,DroughtStressThreshold,0.5,1,
797,True,fixed,auto,SM_sfix_hauto,sim_projection_avgyield.json,crop.json,site.json,False,dwd_core_ensemble,dwd_core_ensemble/csvs_dwd_core_ensemble,MPI-M-MPI-ESM-LR,MPI-CSC-REMO2009,rcp45,r2i1p1,v1,2030-01-01,2030-12-31,False,False,True,True,True,False,False,True,False,True,False,False,False,,,0.98,100_220_390_120_330_140_25,prediction_runs,,crop_MS_2030_100_25832_etrs89-utm32n.asc,irrigation_SM_2030_100_25832_etrs89-utm32n.asc,,DroughtStressThreshold,0.5,1,
798,True,fixed,auto,SM_sfix_hauto,sim_projection_avgyield.json,crop.json,site.json,False,dwd_core_ensemble,dwd_core_ensemble/csvs_dwd_core_ensemble,MPI-M-MPI-ESM-LR,MPI-CSC-REMO2009,rcp85,r2i1p1,v1,2030-01-01,2030-12-31,False,False,True,True,True,False,False,True,False,True,False,False,False,,,0.98,100_220_390_120_330_140_25,prediction_runs,,crop_MS_2030_100_25832_etrs89-utm32n.asc,irrigation_SM_2030_100_25832_etrs89-utm32n.asc,,DroughtStressThreshold,0.5,1,
799,True,fixed,auto,SM_sfix_hauto,sim_projection_avgyield.json,crop.json,site.json,False,dwd_core_ensemble,dwd_core_ensemble/csvs_dwd_core_ensemble,MPI-M-MPI-ESM-LR,UHOH-WRF361H,rcp85,r1i1p1,v1,2030-01-01,2030-12-31,False,False,True,True,True,False,False,True,False,True,False,False,False,,,0.98,100_220_390_120_330_140_25,prediction_runs,,crop_MS_2030_100_25832_etrs89-utm32n.asc,irrigation_SM_2030_100_25832_etrs89-utm32n.asc,,DroughtStressThreshold,0.5,1,
800,True,fixed,auto,SM_sfix_hauto,sim_projection_avgyield.json,crop.json,site.json,False,dwd_core_ensemble,dwd_core_ensemble/csvs_dwd_core_ensemble,CCCma-CanESM2,CLMcom-CCLM4-8-17,rcp85,r1i1p1,v1,2031-01-01,2031-12-31,False,False,True,True,True,False,False,True,False,True,False,False,False,,,0.98,100_220_390_120_330_140_25,prediction_runs,,crop_MS_2031_100_25832_etrs89-utm32n.asc,irrigation_SM_2030_100_25832_etrs89-utm32n.asc,,DroughtStressThreshold,0.5,1,
801,True,fixed,auto,SM_sfix_hauto,sim_projection_avgyield.json,crop.json,site.json,False,dwd_core_ensemble,dwd_core_ensemble/csvs_dwd_core_ensemble,ICHEC-EC-EARTH,CLMcom-CCLM4-8-17,rcp26,r12i1p1,v1,2031-01-01,2031-12-31,False,False,True,True,True,False,False,True,False,True,False,False,False,,,0.98,100_220_390_120_330_140_25,prediction_runs,,crop_MS_2031_100_25832_etrs89-utm32n.asc,irrigation_SM_2030_100_25832_etrs89-utm32n.asc,,DroughtStressThreshold,0.5,1,
802,True,fixed,auto,SM_sfix_hauto,sim_projection_avgyield.json,crop.json,site.json,False,dwd_core_ensemble,dwd_core_ensemble/csvs_dwd_core_ensemble,ICHEC-EC-EARTH,KNMI-RACMO22E,rcp26,r12i1p1,v1,2031-01-01,2031-12-31,False,False,True,True,True,False,False,True,False,True,False,False,False,,,0.98,100_220_390_120_330_140_25,prediction_runs,,crop_MS_2031_100_25832_etrs89-utm32n.asc,irrigation_SM_2030_100_25832_etrs89-utm32n.asc,,DroughtStressThreshold,0.5,1,
803,True,fixed,auto,SM_sfix_hauto,sim_projection_avgyield.json,crop.json,site.json,False,dwd_core_ensemble,dwd_core_ensemble/csvs_dwd_core_ensemble,ICHEC-EC-EARTH,KNMI-RACMO22E,rcp45,r1i1p1,v1,2031-01-01,2031-12-31,False,False,True,True,True,False,False,True,False,True,False,False,False,,,0.98,100_220_390_120_330_140_25,prediction_runs,,crop_MS_2031_100_25832_etrs89-utm32n.asc,irrigation_SM_2030_100_25832_etrs89-utm32n.asc,,DroughtStressThreshold,0.5,1,
804,True,fixed,auto,SM_sfix_hauto,sim_projection_avgyield.json,crop.json,site.json,False,dwd_core_ensemble,dwd_core_ensemble/csvs_dwd_core_ensemble,ICHEC-EC-EARTH,KNMI-RACMO22E,rcp45,r12i1p1,v1,2031-01-01,2031-12-31,False,False,True,True,True,False,False,True,False,True,False,False,False,,,0.98,100_220_390_120_330_140_25,prediction_runs,,crop_MS_2031_100_25832_etrs89-utm32n.asc,irrigation_SM_2030_100_25832_etrs89-utm32n.asc,,DroughtStressThreshold,0.5,1,
805,True,fixed,auto,SM_sfix_hauto,sim_projection_avgyield.json,crop.json,site.json,False,dwd_core_ensemble,dwd_core_ensemble/csvs_dwd_core_ensemble,ICHEC-EC-EARTH,KNMI-RACMO22E,rcp85,r1i1p1,v1,2031-01-01,2031-12-31,False,False,True,True,True,False,False,True,False,True,False,False,False,,,0.98,100_220_390_120_330_140_25,prediction_runs,,crop_MS_2031_100_25832_etrs89-utm32n.asc,irrigation_SM_2030_100_25832_etrs89-utm32n.asc,,DroughtStressThreshold,0.5,1,
806,True,fixed,auto,SM_sfix_hauto,sim_projection_avgyield.json,crop.json,site.json,False,dwd_core_ensemble,dwd_core_ensemble/csvs_dwd_core_ensemble,ICHEC-EC-EARTH,SMHI-RCA4,rcp45,r12i1p1,v1,2031-01-01,2031-12-31,False,False,True,True,True,False,False,True,False,True,False,False,False,,,0.98,100_220_390_120_330_140_25,prediction_runs,,crop_MS_2031_100_25832_etrs89-utm32n.asc,irrigation_SM_2030_100_25832_etrs89-utm32n.asc,,DroughtStressThreshold,0.5,1,
807,True,fixed,auto,SM_sfix_hauto,sim_projection_avgyield.json,crop.json,site.json,False,dwd_core_ensemble,dwd_core_ensemble/csvs_dwd_core_ensemble,MIROC-MIROC5,CLMcom-CCLM4-8-17,rcp26,r1i1p1,v1,2031-01-01,2031-12-31,False,False,True,True,True,False,False,True,False,True,False,False,False,,,0.98,100_220_390_120_330_140_25,prediction_runs,,crop_MS_2031_100_25832_etrs89-utm32n.asc,irrigation_SM_2030_100_25832_etrs89-utm32n.asc,,DroughtStressThreshold,0.5,1,
808,True,fixed,auto,SM_sfix_hauto,sim_projection_avgyield.json,crop.json,site.json,False,dwd_core_ensemble,dwd_core_ensemble/csvs_dwd_core_ensemble,MIROC-MIROC5,GERICS-REMO2015,rcp85,r1i1p1,v1,2031-01-01,2031-12-31,False,False,True,True,True,False,False,True,False,True,False,False,False,,,0.98,100_220_390_120_330_140_25,prediction_runs,,crop_MS_2031_100_25832_etrs89-utm32n.asc,irrigation_SM_2030_100_25832_etrs89-utm32n.asc,,DroughtStressThreshold,0.5,1,
809,True,fixed,auto,SM_sfix_hauto,sim_projection_avgyield.json,crop.json,site.json,False,dwd_core_ensemble,dwd_core_ensemble/csvs_dwd_core_ensemble,MOHC-HadGEM2-ES,CLMcom-CCLM4-8-17,rcp45,r1i1p1,v1,2031-01-01,2031-12-31,False,False,True,True,True,False,False,True,False,True,False,False,False,,,0.98,100_220_390_120_330_140_25,prediction_runs,,crop_MS_2031_100_25832_etrs89-utm32n.asc,irrigation_SM_2030_100_25832_etrs89-utm32n.asc,,DroughtStressThreshold,0.5,1,
810,True,fixed,auto,SM_sfix_hauto,sim_projection_avgyield.json,crop.json,site.json,False,dwd_core_ensemble,dwd_core_ensemble/csvs_dwd_core_ensemble,MOHC-HadGEM2-ES,CLMcom-CCLM4-8-17,rcp85,r1i1p1,v1,2031-01-01,2031-12-31,False,False,True,True,True,False,False,True,False,True,False,False,False,,,0.98,100_220_390_120_330_140_25,prediction_runs,,crop_MS_2031_100_25832_etrs89-utm32n.asc,irrigation_SM_2030_100_25832_etrs89-utm32n.asc,,DroughtStressThreshold,0.5,1,
811,True,fixed,auto,SM_sfix_hauto,sim_projection_avgyield.json,crop.json,site.json,False,dwd_core_ensemble,dwd_core_ensemble/csvs_dwd_core_ensemble,MOHC-HadGEM2-ES,KNMI-RACMO22E,rcp26,r1i1p1,v2,2031-01-01,2031-12-31,False,False,True,True,True,False,False,True,False,True,False,False,False,,,0.98,100_220_390_120_330_140_25,prediction_runs,,crop_MS_2031_100_25832_etrs89-utm32n.asc,irrigation_SM_2030_100_25832_etrs89-utm32n.asc,,DroughtStressThreshold,0.5,1,
812,True,fixed,auto,SM_sfix_hauto,sim_projection_avgyield.json,crop.json,site.json,False,dwd_core_ensemble,dwd_core_ensemble/csvs_dwd_core_ensemble,MPI-M-MPI-ESM-LR,MPI-CSC-REMO2009,rcp26,r2i1p1,v1,2031-01-01,2031-12-31,False,False,True,True,True,False,False,True,False,True,False,False,False,,,0.98,100_220_390_120_330_140_25,prediction_runs,,crop_MS_2031_100_25832_etrs89-utm32n.asc,irrigation_SM_2030_100_25832_etrs89-utm32n.asc,,DroughtStressThreshold,0.5,1,
813,True,fixed,auto,SM_sfix_hauto,sim_projection_avgyield.json,crop.json,site.json,False,dwd_core_ensemble,dwd_core_ensemble/csvs_dwd_core_ensemble,MPI-M-MPI-ESM-LR,MPI-CSC-REMO2009,rcp45,r1i1p1,v1,2031-01-01,2031-12-31,False,False,True,True,True,False,False,True,False,True,False,False,False,,,0.98,100_220_390_120_330_140_25,prediction_runs,,crop_MS_2031_100_25832_etrs89-utm32n.asc,irrigation_SM_2030_100_25832_etrs89-utm32n.asc,,DroughtStressThreshold,0.5,1,
814,True,fixed,auto,SM_sfix_hauto,sim_projection_avgyield.json,crop.json,site.json,False,dwd_core_ensemble,dwd_core_ensemble/csvs_dwd_core_ensemble,MPI-M-MPI-ESM-LR,MPI-CSC-REMO2009,rcp45,r2i1p1,v1,2031-01-01,2031-12-31,False,False,True,True,True,False,False,True,False,True,False,False,False,,,0.98,100_220_390_120_330_140_25,prediction_runs,,crop_MS_2031_100_25832_etrs89-utm32n.asc,irrigation_SM_2030_100_25832_etrs89-utm32n.asc,,DroughtStressThreshold,0.5,1,
815,True,fixed,auto,SM_sfix_hauto,sim_projection_avgyield.json,crop.json,site.json,False,dwd_core_ensemble,dwd_core_ensemble/csvs_dwd_core_ensemble,MPI-M-MPI-ESM-LR,MPI-CSC-REMO2009,rcp85,r2i1p1,v1,2031-01-01,2031-12-31,False,False,True,True,True,False,False,True,False,True,False,False,False,,,0.98,100_220_390_120_330_140_25,prediction_runs,,crop_MS_2031_100_25832_etrs89-utm32n.asc,irrigation_SM_2030_100_25832_etrs89-utm32n.asc,,DroughtStressThreshold,0.5,1,
816,True,fixed,auto,SM_sfix_hauto,sim_projection_avgyield.json,crop.json,site.json,False,dwd_core_ensemble,dwd_core_ensemble/csvs_dwd_core_ensemble,MPI-M-MPI-ESM-LR,UHOH-WRF361H,rcp85,r1i1p1,v1,2031-01-01,2031-12-31,False,False,True,True,True,False,False,True,False,True,False,False,False,,,0.98,100_220_390_120_330_140_25,prediction_runs,,crop_MS_2031_100_25832_etrs89-utm32n.asc,irrigation_SM_2030_100_25832_etrs89-utm32n.asc,,DroughtStressThreshold,0.5,1,
817,True,fixed,auto,SM_sfix_hauto,sim_projection_avgyield.json,crop.json,site.json,False,dwd_core_ensemble,dwd_core_ensemble/csvs_dwd_core_ensemble,CCCma-CanESM2,CLMcom-CCLM4-8-17,rcp85,r1i1p1,v1,2032-01-01,2032-12-31,False,False,True,True,True,False,False,True,False,True,False,False,False,,,0.98,100_220_390_120_330_140_25,prediction_runs,,crop_MS_2032_100_25832_etrs89-utm32n.asc,irrigation_SM_2030_100_25832_etrs89-utm32n.asc,,DroughtStressThreshold,0.5,1,
818,True,fixed,auto,SM_sfix_hauto,sim_projection_avgyield.json,crop.json,site.json,False,dwd_core_ensemble,dwd_core_ensemble/csvs_dwd_core_ensemble,ICHEC-EC-EARTH,CLMcom-CCLM4-8-17,rcp26,r12i1p1,v1,2032-01-01,2032-12-31,False,False,True,True,True,False,False,True,False,True,False,False,False,,,0.98,100_220_390_120_330_140_25,prediction_runs,,crop_MS_2032_100_25832_etrs89-utm32n.asc,irrigation_SM_2030_100_25832_etrs89-utm32n.asc,,DroughtStressThreshold,0.5,1,
819,True,fixed,auto,SM_sfix_hauto,sim_projection_avgyield.json,crop.json,site.json,False,dwd_core_ensemble,dwd_core_ensemble/csvs_dwd_core_ensemble,ICHEC-EC-EARTH,KNMI-RACMO22E,rcp26,r12i1p1,v1,2032-01-01,2032-12-31,False,False,True,True,True,False,False,True,False,True,False,False,False,,,0.98,100_220_390_120_330_140_25,prediction_runs,,crop_MS_2032_100_25832_etrs89-utm32n.asc,irrigation_SM_2030_100_25832_etrs89-utm32n.asc,,DroughtStressThreshold,0.5,1,
820,True,fixed,auto,SM_sfix_hauto,sim_projection_avgyield.json,crop.json,site.json,False,dwd_core_ensemble,dwd_core_ensemble/csvs_dwd_core_ensemble,ICHEC-EC-EARTH,KNMI-RACMO22E,rcp45,r1i1p1,v1,2032-01-01,2032-12-31,False,False,True,True,True,False,False,True,False,True,False,False,False,,,0.98,100_220_390_120_330_140_25,prediction_runs,,crop_MS_2032_100_25832_etrs89-utm32n.asc,irrigation_SM_2030_100_25832_etrs89-utm32n.asc,,DroughtStressThreshold,0.5,1,
821,True,fixed,auto,SM_sfix_hauto,sim_projection_avgyield.json,crop.json,site.json,False,dwd_core_ensemble,dwd_core_ensemble/csvs_dwd_core_ensemble,ICHEC-EC-EARTH,KNMI-RACMO22E,rcp45,r12i1p1,v1,2032-01-01,2032-12-31,False,False,True,True,True,False,False,True,False,True,False,False,False,,,0.98,100_220_390_120_330_140_25,prediction_runs,,crop_MS_2032_100_25832_etrs89-utm32n.asc,irrigation_SM_2030_100_25832_etrs89-utm32n.asc,,DroughtStressThreshold,0.5,1,
822,True,fixed,auto,SM_sfix_hauto,sim_projection_avgyield.json,crop.json,site.json,False,dwd_core_ensemble,dwd_core_ensemble/csvs_dwd_core_ensemble,ICHEC-EC-EARTH,KNMI-RACMO22E,rcp85,r1i1p1,v1,2032-01-01,2032-12-31,False,False,True,True,True,False,False,True,False,True,False,False,False,,,0.98,100_220_390_120_330_140_25,prediction_runs,,crop_MS_2032_100_25832_etrs89-utm32n.asc,irrigation_SM_2030_100_25832_etrs89-utm32n.asc,,DroughtStressThreshold,0.5,1,
823,True,fixed,auto,SM_sfix_hauto,sim_projection_avgyield.json,crop.json,site.json,False,dwd_core_ensemble,dwd_core_ensemble/csvs_dwd_core_ensemble,ICHEC-EC-EARTH,SMHI-RCA4,rcp45,r12i1p1,v1,2032-01-01,2032-12-31,False,False,True,True,True,False,False,True,False,True,False,False,False,,,0.98,100_220_390_120_330_140_25,prediction_runs,,crop_MS_2032_100_25832_etrs89-utm32n.asc,irrigation_SM_2030_100_25832_etrs89-utm32n.asc,,DroughtStressThreshold,0.5,1,
824,True,fixed,auto,SM_sfix_hauto,sim_projection_avgyield.json,crop.json,site.json,False,dwd_core_ensemble,dwd_core_ensemble/csvs_dwd_core_ensemble,MIROC-MIROC5,CLMcom-CCLM4-8-17,rcp26,r1i1p1,v1,2032-01-01,2032-12-31,False,False,True,True,True,False,False,True,False,True,False,False,False,,,0.98,100_220_390_120_330_140_25,prediction_runs,,crop_MS_2032_100_25832_etrs89-utm32n.asc,irrigation_SM_2030_100_25832_etrs89-utm32n.asc,,DroughtStressThreshold,0.5,1,
825,True,fixed,auto,SM_sfix_hauto,sim_projection_avgyield.json,crop.json,site.json,False,dwd_core_ensemble,dwd_core_ensemble/csvs_dwd_core_ensemble,MIROC-MIROC5,GERICS-REMO2015,rcp85,r1i1p1,v1,2032-01-01,2032-12-31,False,False,True,True,True,False,False,True,False,True,False,False,False,,,0.98,100_220_390_120_330_140_25,prediction_runs,,crop_MS_2032_100_25832_etrs89-utm32n.asc,irrigation_SM_2030_100_25832_etrs89-utm32n.asc,,DroughtStressThreshold,0.5,1,
826,True,fixed,auto,SM_sfix_hauto,sim_projection_avgyield.json,crop.json,site.json,False,dwd_core_ensemble,dwd_core_ensemble/csvs_dwd_core_ensemble,MOHC-HadGEM2-ES,CLMcom-CCLM4-8-17,rcp45,r1i1p1,v1,2032-01-01,2032-12-31,False,False,True,True,True,False,False,True,False,True,False,False,False,,,0.98,100_220_390_120_330_140_25,prediction_runs,,crop_MS_2032_100_25832_etrs89-utm32n.asc,irrigation_SM_2030_100_25832_etrs89-utm32n.asc,,DroughtStressThreshold,0.5,1,
827,True,fixed,auto,SM_sfix_hauto,sim_projection_avgyield.json,crop.json,site.json,False,dwd_core_ensemble,dwd_core_ensemble/csvs_dwd_core_ensemble,MOHC-HadGEM2-ES,CLMcom-CCLM4-8-17,rcp85,r1i1p1,v1,2032-01-01,2032-12-31,False,False,True,True,True,False,False,True,False,True,False,False,False,,,0.98,100_220_390_120_330_140_25,prediction_runs,,crop_MS_2032_100_25832_etrs89-utm32n.asc,irrigation_SM_2030_100_25832_etrs89-utm32n.asc,,DroughtStressThreshold,0.5,1,
828,True,fixed,auto,SM_sfix_hauto,sim_projection_avgyield.json,crop.json,site.json,False,dwd_core_ensemble,dwd_core_ensemble/csvs_dwd_core_ensemble,MOHC-HadGEM2-ES,KNMI-RACMO22E,rcp26,r1i1p1,v2,2032-01-01,2032-12-31,False,False,True,True,True,False,False,True,False,True,False,False,False,,,0.98,100_220_390_120_330_140_25,prediction_runs,,crop_MS_2032_100_25832_etrs89-utm32n.asc,irrigation_SM_2030_100_25832_etrs89-utm32n.asc,,DroughtStressThreshold,0.5,1,
829,True,fixed,auto,SM_sfix_hauto,sim_projection_avgyield.json,crop.json,site.json,False,dwd_core_ensemble,dwd_core_ensemble/csvs_dwd_core_ensemble,MPI-M-MPI-ESM-LR,MPI-CSC-REMO2009,rcp26,r2i1p1,v1,2032-01-01,2032-12-31,False,False,True,True,True,False,False,True,False,True,False,False,False,,,0.98,100_220_390_120_330_140_25,prediction_runs,,crop_MS_2032_100_25832_etrs89-utm32n.asc,irrigation_SM_2030_100_25832_etrs89-utm32n.asc,,DroughtStressThreshold,0.5,1,
830,True,fixed,auto,SM_sfix_hauto,sim_projection_avgyield.json,crop.json,site.json,False,dwd_core_ensemble,dwd_core_ensemble/csvs_dwd_core_ensemble,MPI-M-MPI-ESM-LR,MPI-CSC-REMO2009,rcp45,r1i1p1,v1,2032-01-01,2032-12-31,False,False,True,True,True,False,False,True,False,True,False,False,False,,,0.98,100_220_390_120_330_140_25,prediction_runs,,crop_MS_2032_100_25832_etrs89-utm32n.asc,irrigation_SM_2030_100_25832_etrs89-utm32n.asc,,DroughtStressThreshold,0.5,1,
831,True,fixed,auto,SM_sfix_hauto,sim_projection_avgyield.json,crop.json,site.json,False,dwd_core_ensemble,dwd_core_ensemble/csvs_dwd_core_ensemble,MPI-M-MPI-ESM-LR,MPI-CSC-REMO2009,rcp45,r2i1p1,v1,2032-01-01,2032-12-31,False,False,True,True,True,False,False,True,False,True,False,False,False,,,0.98,100_220_390_120_330_140_25,prediction_runs,,crop_MS_2032_100_25832_etrs89-utm32n.asc,irrigation_SM_2030_100_25832_etrs89-utm32n.asc,,DroughtStressThreshold,0.5,1,
832,True,fixed,auto,SM_sfix_hauto,sim_projection_avgyield.json,crop.json,site.json,False,dwd_core_ensemble,dwd_core_ensemble/csvs_dwd_core_ensemble,MPI-M-MPI-ESM-LR,MPI-CSC-REMO2009,rcp85,r2i1p1,v1,2032-01-01,2032-12-31,False,False,True,True,True,False,False,True,False,True,False,False,False,,,0.98,100_220_390_120_330_140_25,prediction_runs,,crop_MS_2032_100_25832_etrs89-utm32n.asc,irrigation_SM_2030_100_25832_etrs89-utm32n.asc,,DroughtStressThreshold,0.5,1,
833,True,fixed,auto,SM_sfix_hauto,sim_projection_avgyield.json,crop.json,site.json,False,dwd_core_ensemble,dwd_core_ensemble/csvs_dwd_core_ensemble,MPI-M-MPI-ESM-LR,UHOH-WRF361H,rcp85,r1i1p1,v1,2032-01-01,2032-12-31,False,False,True,True,True,False,False,True,False,True,False,False,False,,,0.98,100_220_390_120_330_140_25,prediction_runs,,crop_MS_2032_100_25832_etrs89-utm32n.asc,irrigation_SM_2030_100_25832_etrs89-utm32n.asc,,DroughtStressThreshold,0.5,1,
834,True,fixed,auto,SM_sfix_hauto,sim_projection_avgyield.json,crop.json,site.json,False,dwd_core_ensemble,dwd_core_ensemble/csvs_dwd_core_ensemble,CCCma-CanESM2,CLMcom-CCLM4-8-17,rcp85,r1i1p1,v1,2033-01-01,2033-12-31,False,False,True,True,True,False,False,True,False,True,False,False,False,,,0.98,100_220_390_120_330_140_25,prediction_runs,,crop_MS_2033_100_25832_etrs89-utm32n.asc,irrigation_SM_2030_100_25832_etrs89-utm32n.asc,,DroughtStressThreshold,0.5,1,
835,True,fixed,auto,SM_sfix_hauto,sim_projection_avgyield.json,crop.json,site.json,False,dwd_core_ensemble,dwd_core_ensemble/csvs_dwd_core_ensemble,ICHEC-EC-EARTH,CLMcom-CCLM4-8-17,rcp26,r12i1p1,v1,2033-01-01,2033-12-31,False,False,True,True,True,False,False,True,False,True,False,False,False,,,0.98,100_220_390_120_330_140_25,prediction_runs,,crop_MS_2033_100_25832_etrs89-utm32n.asc,irrigation_SM_2030_100_25832_etrs89-utm32n.asc,,DroughtStressThreshold,0.5,1,
836,True,fixed,auto,SM_sfix_hauto,sim_projection_avgyield.json,crop.json,site.json,False,dwd_core_ensemble,dwd_core_ensemble/csvs_dwd_core_ensemble,ICHEC-EC-EARTH,KNMI-RACMO22E,rcp26,r12i1p1,v1,2033-01-01,2033-12-31,False,False,True,True,True,False,False,True,False,True,False,False,False,,,0.98,100_220_390_120_330_140_25,prediction_runs,,crop_MS_2033_100_25832_etrs89-utm32n.asc,irrigation_SM_2030_100_25832_etrs89-utm32n.asc,,DroughtStressThreshold,0.5,1,
837,True,fixed,auto,SM_sfix_hauto,sim_projection_avgyield.json,crop.json,site.json,False,dwd_core_ensemble,dwd_core_ensemble/csvs_dwd_core_ensemble,ICHEC-EC-EARTH,KNMI-RACMO22E,rcp45,r1i1p1,v1,2033-01-01,2033-12-31,False,False,True,True,True,False,False,True,False,True,False,False,False,,,0.98,100_220_390_120_330_140_25,prediction_runs,,crop_MS_2033_100_25832_etrs89-utm32n.asc,irrigation_SM_2030_100_25832_etrs89-utm32n.asc,,DroughtStressThreshold,0.5,1,
838,True,fixed,auto,SM_sfix_hauto,sim_projection_avgyield.json,crop.json,site.json,False,dwd_core_ensemble,dwd_core_ensemble/csvs_dwd_core_ensemble,ICHEC-EC-EARTH,KNMI-RACMO22E,rcp45,r12i1p1,v1,2033-01-01,2033-12-31,False,False,True,True,True,False,False,True,False,True,False,False,False,,,0.98,100_220_390_120_330_140_25,prediction_runs,,crop_MS_2033_100_25832_etrs89-utm32n.asc,irrigation_SM_2030_100_25832_etrs89-utm32n.asc,,DroughtStressThreshold,0.5,1,
839,True,fixed,auto,SM_sfix_hauto,sim_projection_avgyield.json,crop.json,site.json,False,dwd_core_ensemble,dwd_core_ensemble/csvs_dwd_core_ensemble,ICHEC-EC-EARTH,KNMI-RACMO22E,rcp85,r1i1p1,v1,2033-01-01,2033-12-31,False,False,True,True,True,False,False,True,False,True,False,False,False,,,0.98,100_220_390_120_330_140_25,prediction_runs,,crop_MS_2033_100_25832_etrs89-utm32n.asc,irrigation_SM_2030_100_25832_etrs89-utm32n.asc,,DroughtStressThreshold,0.5,1,
840,True,fixed,auto,SM_sfix_hauto,sim_projection_avgyield.json,crop.json,site.json,False,dwd_core_ensemble,dwd_core_ensemble/csvs_dwd_core_ensemble,ICHEC-EC-EARTH,SMHI-RCA4,rcp45,r12i1p1,v1,2033-01-01,2033-12-31,False,False,True,True,True,False,False,True,False,True,False,False,False,,,0.98,100_220_390_120_330_140_25,prediction_runs,,crop_MS_2033_100_25832_etrs89-utm32n.asc,irrigation_SM_2030_100_25832_etrs89-utm32n.asc,,DroughtStressThreshold,0.5,1,
841,True,fixed,auto,SM_sfix_hauto,sim_projection_avgyield.json,crop.json,site.json,False,dwd_core_ensemble,dwd_core_ensemble/csvs_dwd_core_ensemble,MIROC-MIROC5,CLMcom-CCLM4-8-17,rcp26,r1i1p1,v1,2033-01-01,2033-12-31,False,False,True,True,True,False,False,True,False,True,False,False,False,,,0.98,100_220_390_120_330_140_25,prediction_runs,,crop_MS_2033_100_25832_etrs89-utm32n.asc,irrigation_SM_2030_100_25832_etrs89-utm32n.asc,,DroughtStressThreshold,0.5,1,
842,True,fixed,auto,SM_sfix_hauto,sim_projection_avgyield.json,crop.json,site.json,False,dwd_core_ensemble,dwd_core_ensemble/csvs_dwd_core_ensemble,MIROC-MIROC5,GERICS-REMO2015,rcp85,r1i1p1,v1,2033-01-01,2033-12-31,False,False,True,True,True,False,False,True,False,True,False,False,False,,,0.98,100_220_390_120_330_140_25,prediction_runs,,crop_MS_2033_100_25832_etrs89-utm32n.asc,irrigation_SM_2030_100_25832_etrs89-utm32n.asc,,DroughtStressThreshold,0.5,1,
843,True,fixed,auto,SM_sfix_hauto,sim_projection_avgyield.json,crop.json,site.json,False,dwd_core_ensemble,dwd_core_ensemble/csvs_dwd_core_ensemble,MOHC-HadGEM2-ES,CLMcom-CCLM4-8-17,rcp45,r1i1p1,v1,2033-01-01,2033-12-31,False,False,True,True,True,False,False,True,False,True,False,False,False,,,0.98,100_220_390_120_330_140_25,prediction_runs,,crop_MS_2033_100_25832_etrs89-utm32n.asc,irrigation_SM_2030_100_25832_etrs89-utm32n.asc,,DroughtStressThreshold,0.5,1,
844,True,fixed,auto,SM_sfix_hauto,sim_projection_avgyield.json,crop.json,site.json,False,dwd_core_ensemble,dwd_core_ensemble/csvs_dwd_core_ensemble,MOHC-HadGEM2-ES,CLMcom-CCLM4-8-17,rcp85,r1i1p1,v1,2033-01-01,2033-12-31,False,False,True,True,True,False,False,True,False,True,False,False,False,,,0.98,100_220_390_120_330_140_25,prediction_runs,,crop_MS_2033_100_25832_etrs89-utm32n.asc,irrigation_SM_2030_100_25832_etrs89-utm32n.asc,,DroughtStressThreshold,0.5,1,
845,True,fixed,auto,SM_sfix_hauto,sim_projection_avgyield.json,crop.json,site.json,False,dwd_core_ensemble,dwd_core_ensemble/csvs_dwd_core_ensemble,MOHC-HadGEM2-ES,KNMI-RACMO22E,rcp26,r1i1p1,v2,2033-01-01,2033-12-31,False,False,True,True,True,False,False,True,False,True,False,False,False,,,0.98,100_220_390_120_330_140_25,prediction_runs,,crop_MS_2033_100_25832_etrs89-utm32n.asc,irrigation_SM_2030_100_25832_etrs89-utm32n.asc,,DroughtStressThreshold,0.5,1,
846,True,fixed,auto,SM_sfix_hauto,sim_projection_avgyield.json,crop.json,site.json,False,dwd_core_ensemble,dwd_core_ensemble/csvs_dwd_core_ensemble,MPI-M-MPI-ESM-LR,MPI-CSC-REMO2009,rcp26,r2i1p1,v1,2033-01-01,2033-12-31,False,False,True,True,True,False,False,True,False,True,False,False,False,,,0.98,100_220_390_120_330_140_25,prediction_runs,,crop_MS_2033_100_25832_etrs89-utm32n.asc,irrigation_SM_2030_100_25832_etrs89-utm32n.asc,,DroughtStressThreshold,0.5,1,
847,True,fixed,auto,SM_sfix_hauto,sim_projection_avgyield.json,crop.json,site.json,False,dwd_core_ensemble,dwd_core_ensemble/csvs_dwd_core_ensemble,MPI-M-MPI-ESM-LR,MPI-CSC-REMO2009,rcp45,r1i1p1,v1,2033-01-01,2033-12-31,False,False,True,True,True,False,False,True,False,True,False,False,False,,,0.98,100_220_390_120_330_140_25,prediction_runs,,crop_MS_2033_100_25832_etrs89-utm32n.asc,irrigation_SM_2030_100_25832_etrs89-utm32n.asc,,DroughtStressThreshold,0.5,1,
848,True,fixed,auto,SM_sfix_hauto,sim_projection_avgyield.json,crop.json,site.json,False,dwd_core_ensemble,dwd_core_ensemble/csvs_dwd_core_ensemble,MPI-M-MPI-ESM-LR,MPI-CSC-REMO2009,rcp45,r2i1p1,v1,2033-01-01,2033-12-31,False,False,True,True,True,False,False,True,False,True,False,False,False,,,0.98,100_220_390_120_330_140_25,prediction_runs,,crop_MS_2033_100_25832_etrs89-utm32n.asc,irrigation_SM_2030_100_25832_etrs89-utm32n.asc,,DroughtStressThreshold,0.5,1,
849,True,fixed,auto,SM_sfix_hauto,sim_projection_avgyield.json,crop.json,site.json,False,dwd_core_ensemble,dwd_core_ensemble/csvs_dwd_core_ensemble,MPI-M-MPI-ESM-LR,MPI-CSC-REMO2009,rcp85,r2i1p1,v1,2033-01-01,2033-12-31,False,False,True,True,True,False,False,True,False,True,False,False,False,,,0.98,100_220_390_120_330_140_25,prediction_runs,,crop_MS_2033_100_25832_etrs89-utm32n.asc,irrigation_SM_2030_100_25832_etrs89-utm32n.asc,,DroughtStressThreshold,0.5,1,
850,True,fixed,auto,SM_sfix_hauto,sim_projection_avgyield.json,crop.json,site.json,False,dwd_core_ensemble,dwd_core_ensemble/csvs_dwd_core_ensemble,MPI-M-MPI-ESM-LR,UHOH-WRF361H,rcp85,r1i1p1,v1,2033-01-01,2033-12-31,False,False,True,True,True,False,False,True,False,True,False,False,False,,,0.98,100_220_390_120_330_140_25,prediction_runs,,crop_MS_2033_100_25832_etrs89-utm32n.asc,irrigation_SM_2030_100_25832_etrs89-utm32n.asc,,DroughtStressThreshold,0.5,1,
851,True,fixed,auto,SM_sfix_hauto,sim_projection_avgyield.json,crop.json,site.json,False,dwd_core_ensemble,dwd_core_ensemble/csvs_dwd_core_ensemble,CCCma-CanESM2,CLMcom-CCLM4-8-17,rcp85,r1i1p1,v1,2034-01-01,2034-12-31,False,False,True,True,True,False,False,True,False,True,False,False,False,,,0.98,100_220_390_120_330_140_25,prediction_runs,,crop_MS_2034_100_25832_etrs89-utm32n.asc,irrigation_SM_2030_100_25832_etrs89-utm32n.asc,,DroughtStressThreshold,0.5,1,
852,True,fixed,auto,SM_sfix_hauto,sim_projection_avgyield.json,crop.json,site.json,False,dwd_core_ensemble,dwd_core_ensemble/csvs_dwd_core_ensemble,ICHEC-EC-EARTH,CLMcom-CCLM4-8-17,rcp26,r12i1p1,v1,2034-01-01,2034-12-31,False,False,True,True,True,False,False,True,False,True,False,False,False,,,0.98,100_220_390_120_330_140_25,prediction_runs,,crop_MS_2034_100_25832_etrs89-utm32n.asc,irrigation_SM_2030_100_25832_etrs89-utm32n.asc,,DroughtStressThreshold,0.5,1,
853,True,fixed,auto,SM_sfix_hauto,sim_projection_avgyield.json,crop.json,site.json,False,dwd_core_ensemble,dwd_core_ensemble/csvs_dwd_core_ensemble,ICHEC-EC-EARTH,KNMI-RACMO22E,rcp26,r12i1p1,v1,2034-01-01,2034-12-31,False,False,True,True,True,False,False,True,False,True,False,False,False,,,0.98,100_220_390_120_330_140_25,prediction_runs,,crop_MS_2034_100_25832_etrs89-utm32n.asc,irrigation_SM_2030_100_25832_etrs89-utm32n.asc,,DroughtStressThreshold,0.5,1,
854,True,fixed,auto,SM_sfix_hauto,sim_projection_avgyield.json,crop.json,site.json,False,dwd_core_ensemble,dwd_core_ensemble/csvs_dwd_core_ensemble,ICHEC-EC-EARTH,KNMI-RACMO22E,rcp45,r1i1p1,v1,2034-01-01,2034-12-31,False,False,True,True,True,False,False,True,False,True,False,False,False,,,0.98,100_220_390_120_330_140_25,prediction_runs,,crop_MS_2034_100_25832_etrs89-utm32n.asc,irrigation_SM_2030_100_25832_etrs89-utm32n.asc,,DroughtStressThreshold,0.5,1,
855,True,fixed,auto,SM_sfix_hauto,sim_projection_avgyield.json,crop.json,site.json,False,dwd_core_ensemble,dwd_core_ensemble/csvs_dwd_core_ensemble,ICHEC-EC-EARTH,KNMI-RACMO22E,rcp45,r12i1p1,v1,2034-01-01,2034-12-31,False,False,True,True,True,False,False,True,False,True,False,False,False,,,0.98,100_220_390_120_330_140_25,prediction_runs,,crop_MS_2034_100_25832_etrs89-utm32n.asc,irrigation_SM_2030_100_25832_etrs89-utm32n.asc,,DroughtStressThreshold,0.5,1,
856,True,fixed,auto,SM_sfix_hauto,sim_projection_avgyield.json,crop.json,site.json,False,dwd_core_ensemble,dwd_core_ensemble/csvs_dwd_core_ensemble,ICHEC-EC-EARTH,KNMI-RACMO22E,rcp85,r1i1p1,v1,2034-01-01,2034-12-31,False,False,True,True,True,False,False,True,False,True,False,False,False,,,0.98,100_220_390_120_330_140_25,prediction_runs,,crop_MS_2034_100_25832_etrs89-utm32n.asc,irrigation_SM_2030_100_25832_etrs89-utm32n.asc,,DroughtStressThreshold,0.5,1,
857,True,fixed,auto,SM_sfix_hauto,sim_projection_avgyield.json,crop.json,site.json,False,dwd_core_ensemble,dwd_core_ensemble/csvs_dwd_core_ensemble,ICHEC-EC-EARTH,SMHI-RCA4,rcp45,r12i1p1,v1,2034-01-01,2034-12-31,False,False,True,True,True,False,False,True,False,True,False,False,False,,,0.98,100_220_390_120_330_140_25,prediction_runs,,crop_MS_2034_100_25832_etrs89-utm32n.asc,irrigation_SM_2030_100_25832_etrs89-utm32n.asc,,DroughtStressThreshold,0.5,1,
858,True,fixed,auto,SM_sfix_hauto,sim_projection_avgyield.json,crop.json,site.json,False,dwd_core_ensemble,dwd_core_ensemble/csvs_dwd_core_ensemble,MIROC-MIROC5,CLMcom-CCLM4-8-17,rcp26,r1i1p1,v1,2034-01-01,2034-12-31,False,False,True,True,True,False,False,True,False,True,False,False,False,,,0.98,100_220_390_120_330_140_25,prediction_runs,,crop_MS_2034_100_25832_etrs89-utm32n.asc,irrigation_SM_2030_100_25832_etrs89-utm32n.asc,,DroughtStressThreshold,0.5,1,
859,True,fixed,auto,SM_sfix_hauto,sim_projection_avgyield.json,crop.json,site.json,False,dwd_core_ensemble,dwd_core_ensemble/csvs_dwd_core_ensemble,MIROC-MIROC5,GERICS-REMO2015,rcp85,r1i1p1,v1,2034-01-01,2034-12-31,False,False,True,True,True,False,False,True,False,True,False,False,False,,,0.98,100_220_390_120_330_140_25,prediction_runs,,crop_MS_2034_100_25832_etrs89-utm32n.asc,irrigation_SM_2030_100_25832_etrs89-utm32n.asc,,DroughtStressThreshold,0.5,1,
860,True,fixed,auto,SM_sfix_hauto,sim_projection_avgyield.json,crop.json,site.json,False,dwd_core_ensemble,dwd_core_ensemble/csvs_dwd_core_ensemble,MOHC-HadGEM2-ES,CLMcom-CCLM4-8-17,rcp45,r1i1p1,v1,2034-01-01,2034-12-31,False,False,True,True,True,False,False,True,False,True,False,False,False,,,0.98,100_220_390_120_330_140_25,prediction_runs,,crop_MS_2034_100_25832_etrs89-utm32n.asc,irrigation_SM_2030_100_25832_etrs89-utm32n.asc,,DroughtStressThreshold,0.5,1,
861,True,fixed,auto,SM_sfix_hauto,sim_projection_avgyield.json,crop.json,site.json,False,dwd_core_ensemble,dwd_core_ensemble/csvs_dwd_core_ensemble,MOHC-HadGEM2-ES,CLMcom-CCLM4-8-17,rcp85,r1i1p1,v1,2034-01-01,2034-12-31,False,False,True,True,True,False,False,True,False,True,False,False,False,,,0.98,100_220_390_120_330_140_25,prediction_runs,,crop_MS_2034_100_25832_etrs89-utm32n.asc,irrigation_SM_2030_100_25832_etrs89-utm32n.asc,,DroughtStressThreshold,0.5,1,
862,True,fixed,auto,SM_sfix_hauto,sim_projection_avgyield.json,crop.json,site.json,False,dwd_core_ensemble,dwd_core_ensemble/csvs_dwd_core_ensemble,MOHC-HadGEM2-ES,KNMI-RACMO22E,rcp26,r1i1p1,v2,2034-01-01,2034-12-31,False,False,True,True,True,False,False,True,False,True,False,False,False,,,0.98,100_220_390_120_330_140_25,prediction_runs,,crop_MS_2034_100_25832_etrs89-utm32n.asc,irrigation_SM_2030_100_25832_etrs89-utm32n.asc,,DroughtStressThreshold,0.5,1,
863,True,fixed,auto,SM_sfix_hauto,sim_projection_avgyield.json,crop.json,site.json,False,dwd_core_ensemble,dwd_core_ensemble/csvs_dwd_core_ensemble,MPI-M-MPI-ESM-LR,MPI-CSC-REMO2009,rcp26,r2i1p1,v1,2034-01-01,2034-12-31,False,False,True,True,True,False,False,True,False,True,False,False,False,,,0.98,100_220_390_120_330_140_25,prediction_runs,,crop_MS_2034_100_25832_etrs89-utm32n.asc,irrigation_SM_2030_100_25832_etrs89-utm32n.asc,,DroughtStressThreshold,0.5,1,
864,True,fixed,auto,SM_sfix_hauto,sim_projection_avgyield.json,crop.json,site.json,False,dwd_core_ensemble,dwd_core_ensemble/csvs_dwd_core_ensemble,MPI-M-MPI-ESM-LR,MPI-CSC-REMO2009,rcp45,r1i1p1,v1,2034-01-01,2034-12-31,False,False,True,True,True,False,False,True,False,True,False,False,False,,,0.98,100_220_390_120_330_140_25,prediction_runs,,crop_MS_2034_100_25832_etrs89-utm32n.asc,irrigation_SM_2030_100_25832_etrs89-utm32n.asc,,DroughtStressThreshold,0.5,1,
865,True,fixed,auto,SM_sfix_hauto,sim_projection_avgyield.json,crop.json,site.json,False,dwd_core_ensemble,dwd_core_ensemble/csvs_dwd_core_ensemble,MPI-M-MPI-ESM-LR,MPI-CSC-REMO2009,rcp45,r2i1p1,v1,2034-01-01,2034-12-31,False,False,True,True,True,False,False,True,False,True,False,False,False,,,0.98,100_220_390_120_330_140_25,prediction_runs,,crop_MS_2034_100_25832_etrs89-utm32n.asc,irrigation_SM_2030_100_25832_etrs89-utm32n.asc,,DroughtStressThreshold,0.5,1,
866,True,fixed,auto,SM_sfix_hauto,sim_projection_avgyield.json,crop.json,site.json,False,dwd_core_ensemble,dwd_core_ensemble/csvs_dwd_core_ensemble,MPI-M-MPI-ESM-LR,MPI-CSC-REMO2009,rcp85,r2i1p1,v1,2034-01-01,2034-12-31,False,False,True,True,True,False,False,True,False,True,False,False,False,,,0.98,100_220_390_120_330_140_25,prediction_runs,,crop_MS_2034_100_25832_etrs89-utm32n.asc,irrigation_SM_2030_100_25832_etrs89-utm32n.asc,,DroughtStressThreshold,0.5,1,
867,True,fixed,auto,SM_sfix_hauto,sim_projection_avgyield.json,crop.json,site.json,False,dwd_core_ensemble,dwd_core_ensemble/csvs_dwd_core_ensemble,MPI-M-MPI-ESM-LR,UHOH-WRF361H,rcp85,r1i1p1,v1,2034-01-01,2034-12-31,False,False,True,True,True,False,False,True,False,True,False,False,False,,,0.98,100_220_390_120_330_140_25,prediction_runs,,crop_MS_2034_100_25832_etrs89-utm32n.asc,irrigation_SM_2030_100_25832_etrs89-utm32n.asc,,DroughtStressThreshold,0.5,1,
868,True,fixed,auto,SM_sfix_hauto,sim_projection_avgyield.json,crop.json,site.json,False,dwd_core_ensemble,dwd_core_ensemble/csvs_dwd_core_ensemble,CCCma-CanESM2,CLMcom-CCLM4-8-17,rcp85,r1i1p1,v1,2035-01-01,2035-12-31,False,False,True,True,True,False,False,True,False,True,False,False,False,,,0.98,100_220_390_120_330_140_25,prediction_runs,,crop_MS_2035_100_25832_etrs89-utm32n.asc,irrigation_SM_2030_100_25832_etrs89-utm32n.asc,,DroughtStressThreshold,0.5,1,
869,True,fixed,auto,SM_sfix_hauto,sim_projection_avgyield.json,crop.json,site.json,False,dwd_core_ensemble,dwd_core_ensemble/csvs_dwd_core_ensemble,ICHEC-EC-EARTH,CLMcom-CCLM4-8-17,rcp26,r12i1p1,v1,2035-01-01,2035-12-31,False,False,True,True,True,False,False,True,False,True,False,False,False,,,0.98,100_220_390_120_330_140_25,prediction_runs,,crop_MS_2035_100_25832_etrs89-utm32n.asc,irrigation_SM_2030_100_25832_etrs89-utm32n.asc,,DroughtStressThreshold,0.5,1,
870,True,fixed,auto,SM_sfix_hauto,sim_projection_avgyield.json,crop.json,site.json,False,dwd_core_ensemble,dwd_core_ensemble/csvs_dwd_core_ensemble,ICHEC-EC-EARTH,KNMI-RACMO22E,rcp26,r12i1p1,v1,2035-01-01,2035-12-31,False,False,True,True,True,False,False,True,False,True,False,False,False,,,0.98,100_220_390_120_330_140_25,prediction_runs,,crop_MS_2035_100_25832_etrs89-utm32n.asc,irrigation_SM_2030_100_25832_etrs89-utm32n.asc,,DroughtStressThreshold,0.5,1,
871,True,fixed,auto,SM_sfix_hauto,sim_projection_avgyield.json,crop.json,site.json,False,dwd_core_ensemble,dwd_core_ensemble/csvs_dwd_core_ensemble,ICHEC-EC-EARTH,KNMI-RACMO22E,rcp45,r1i1p1,v1,2035-01-01,2035-12-31,False,False,True,True,True,False,False,True,False,True,False,False,False,,,0.98,100_220_390_120_330_140_25,prediction_runs,,crop_MS_2035_100_25832_etrs89-utm32n.asc,irrigation_SM_2030_100_25832_etrs89-utm32n.asc,,DroughtStressThreshold,0.5,1,
872,True,fixed,auto,SM_sfix_hauto,sim_projection_avgyield.json,crop.json,site.json,False,dwd_core_ensemble,dwd_core_ensemble/csvs_dwd_core_ensemble,ICHEC-EC-EARTH,KNMI-RACMO22E,rcp45,r12i1p1,v1,2035-01-01,2035-12-31,False,False,True,True,True,False,False,True,False,True,False,False,False,,,0.98,100_220_390_120_330_140_25,prediction_runs,,crop_MS_2035_100_25832_etrs89-utm32n.asc,irrigation_SM_2030_100_25832_etrs89-utm32n.asc,,DroughtStressThreshold,0.5,1,
873,True,fixed,auto,SM_sfix_hauto,sim_projection_avgyield.json,crop.json,site.json,False,dwd_core_ensemble,dwd_core_ensemble/csvs_dwd_core_ensemble,ICHEC-EC-EARTH,KNMI-RACMO22E,rcp85,r1i1p1,v1,2035-01-01,2035-12-31,False,False,True,True,True,False,False,True,False,True,False,False,False,,,0.98,100_220_390_120_330_140_25,prediction_runs,,crop_MS_2035_100_25832_etrs89-utm32n.asc,irrigation_SM_2030_100_25832_etrs89-utm32n.asc,,DroughtStressThreshold,0.5,1,
874,True,fixed,auto,SM_sfix_hauto,sim_projection_avgyield.json,crop.json,site.json,False,dwd_core_ensemble,dwd_core_ensemble/csvs_dwd_core_ensemble,ICHEC-EC-EARTH,SMHI-RCA4,rcp45,r12i1p1,v1,2035-01-01,2035-12-31,False,False,True,True,True,False,False,True,False,True,False,False,False,,,0.98,100_220_390_120_330_140_25,prediction_runs,,crop_MS_2035_100_25832_etrs89-utm32n.asc,irrigation_SM_2030_100_25832_etrs89-utm32n.asc,,DroughtStressThreshold,0.5,1,
875,True,fixed,auto,SM_sfix_hauto,sim_projection_avgyield.json,crop.json,site.json,False,dwd_core_ensemble,dwd_core_ensemble/csvs_dwd_core_ensemble,MIROC-MIROC5,CLMcom-CCLM4-8-17,rcp26,r1i1p1,v1,2035-01-01,2035-12-31,False,False,True,True,True,False,False,True,False,True,False,False,False,,,0.98,100_220_390_120_330_140_25,prediction_runs,,crop_MS_2035_100_25832_etrs89-utm32n.asc,irrigation_SM_2030_100_25832_etrs89-utm32n.asc,,DroughtStressThreshold,0.5,1,
876,True,fixed,auto,SM_sfix_hauto,sim_projection_avgyield.json,crop.json,site.json,False,dwd_core_ensemble,dwd_core_ensemble/csvs_dwd_core_ensemble,MIROC-MIROC5,GERICS-REMO2015,rcp85,r1i1p1,v1,2035-01-01,2035-12-31,False,False,True,True,True,False,False,True,False,True,False,False,False,,,0.98,100_220_390_120_330_140_25,prediction_runs,,crop_MS_2035_100_25832_etrs89-utm32n.asc,irrigation_SM_2030_100_25832_etrs89-utm32n.asc,,DroughtStressThreshold,0.5,1,
877,True,fixed,auto,SM_sfix_hauto,sim_projection_avgyield.json,crop.json,site.json,False,dwd_core_ensemble,dwd_core_ensemble/csvs_dwd_core_ensemble,MOHC-HadGEM2-ES,CLMcom-CCLM4-8-17,rcp45,r1i1p1,v1,2035-01-01,2035-12-31,False,False,True,True,True,False,False,True,False,True,False,False,False,,,0.98,100_220_390_120_330_140_25,prediction_runs,,crop_MS_2035_100_25832_etrs89-utm32n.asc,irrigation_SM_2030_100_25832_etrs89-utm32n.asc,,DroughtStressThreshold,0.5,1,
878,True,fixed,auto,SM_sfix_hauto,sim_projection_avgyield.json,crop.json,site.json,False,dwd_core_ensemble,dwd_core_ensemble/csvs_dwd_core_ensemble,MOHC-HadGEM2-ES,CLMcom-CCLM4-8-17,rcp85,r1i1p1,v1,2035-01-01,2035-12-31,False,False,True,True,True,False,False,True,False,True,False,False,False,,,0.98,100_220_390_120_330_140_25,prediction_runs,,crop_MS_2035_100_25832_etrs89-utm32n.asc,irrigation_SM_2030_100_25832_etrs89-utm32n.asc,,DroughtStressThreshold,0.5,1,
879,True,fixed,auto,SM_sfix_hauto,sim_projection_avgyield.json,crop.json,site.json,False,dwd_core_ensemble,dwd_core_ensemble/csvs_dwd_core_ensemble,MOHC-HadGEM2-ES,KNMI-RACMO22E,rcp26,r1i1p1,v2,2035-01-01,2035-12-31,False,False,True,True,True,False,False,True,False,True,False,False,False,,,0.98,100_220_390_120_330_140_25,prediction_runs,,crop_MS_2035_100_25832_etrs89-utm32n.asc,irrigation_SM_2030_100_25832_etrs89-utm32n.asc,,DroughtStressThreshold,0.5,1,
880,True,fixed,auto,SM_sfix_hauto,sim_projection_avgyield.json,crop.json,site.json,False,dwd_core_ensemble,dwd_core_ensemble/csvs_dwd_core_ensemble,MPI-M-MPI-ESM-LR,MPI-CSC-REMO2009,rcp26,r2i1p1,v1,2035-01-01,2035-12-31,False,False,True,True,True,False,False,True,False,True,False,False,False,,,0.98,100_220_390_120_330_140_25,prediction_runs,,crop_MS_2035_100_25832_etrs89-utm32n.asc,irrigation_SM_2030_100_25832_etrs89-utm32n.asc,,DroughtStressThreshold,0.5,1,
881,True,fixed,auto,SM_sfix_hauto,sim_projection_avgyield.json,crop.json,site.json,False,dwd_core_ensemble,dwd_core_ensemble/csvs_dwd_core_ensemble,MPI-M-MPI-ESM-LR,MPI-CSC-REMO2009,rcp45,r1i1p1,v1,2035-01-01,2035-12-31,False,False,True,True,True,False,False,True,False,True,False,False,False,,,0.98,100_220_390_120_330_140_25,prediction_runs,,crop_MS_2035_100_25832_etrs89-utm32n.asc,irrigation_SM_2030_100_25832_etrs89-utm32n.asc,,DroughtStressThreshold,0.5,1,
882,True,fixed,auto,SM_sfix_hauto,sim_projection_avgyield.json,crop.json,site.json,False,dwd_core_ensemble,dwd_core_ensemble/csvs_dwd_core_ensemble,MPI-M-MPI-ESM-LR,MPI-CSC-REMO2009,rcp45,r2i1p1,v1,2035-01-01,2035-12-31,False,False,True,True,True,False,False,True,False,True,False,False,False,,,0.98,100_220_390_120_330_140_25,prediction_runs,,crop_MS_2035_100_25832_etrs89-utm32n.asc,irrigation_SM_2030_100_25832_etrs89-utm32n.asc,,DroughtStressThreshold,0.5,1,
883,True,fixed,auto,SM_sfix_hauto,sim_projection_avgyield.json,crop.json,site.json,False,dwd_core_ensemble,dwd_core_ensemble/csvs_dwd_core_ensemble,MPI-M-MPI-ESM-LR,MPI-CSC-REMO2009,rcp85,r2i1p1,v1,2035-01-01,2035-12-31,False,False,True,True,True,False,False,True,False,True,False,False,False,,,0.98,100_220_390_120_330_140_25,prediction_runs,,crop_MS_2035_100_25832_etrs89-utm32n.asc,irrigation_SM_2030_100_25832_etrs89-utm32n.asc,,DroughtStressThreshold,0.5,1,
884,True,fixed,auto,SM_sfix_hauto,sim_projection_avgyield.json,crop.json,site.json,False,dwd_core_ensemble,dwd_core_ensemble/csvs_dwd_core_ensemble,MPI-M-MPI-ESM-LR,UHOH-WRF361H,rcp85,r1i1p1,v1,2035-01-01,2035-12-31,False,False,True,True,True,False,False,True,False,True,False,False,False,,,0.98,100_220_390_120_330_140_25,prediction_runs,,crop_MS_2035_100_25832_etrs89-utm32n.asc,irrigation_SM_2030_100_25832_etrs89-utm32n.asc,,DroughtStressThreshold,0.5,1,
885,True,fixed,auto,SM_sfix_hauto,sim_projection_avgyield.json,crop.json,site.json,False,dwd_core_ensemble,dwd_core_ensemble/csvs_dwd_core_ensemble,CCCma-CanESM2,CLMcom-CCLM4-8-17,rcp85,r1i1p1,v1,2036-01-01,2036-12-31,False,False,True,True,True,False,False,True,False,True,False,False,False,,,0.98,100_220_390_120_330_140_25,prediction_runs,,crop_MS_2036_100_25832_etrs89-utm32n.asc,irrigation_SM_2030_100_25832_etrs89-utm32n.asc,,DroughtStressThreshold,0.5,1,
886,True,fixed,auto,SM_sfix_hauto,sim_projection_avgyield.json,crop.json,site.json,False,dwd_core_ensemble,dwd_core_ensemble/csvs_dwd_core_ensemble,ICHEC-EC-EARTH,CLMcom-CCLM4-8-17,rcp26,r12i1p1,v1,2036-01-01,2036-12-31,False,False,True,True,True,False,False,True,False,True,False,False,False,,,0.98,100_220_390_120_330_140_25,prediction_runs,,crop_MS_2036_100_25832_etrs89-utm32n.asc,irrigation_SM_2030_100_25832_etrs89-utm32n.asc,,DroughtStressThreshold,0.5,1,
887,True,fixed,auto,SM_sfix_hauto,sim_projection_avgyield.json,crop.json,site.json,False,dwd_core_ensemble,dwd_core_ensemble/csvs_dwd_core_ensemble,ICHEC-EC-EARTH,KNMI-RACMO22E,rcp26,r12i1p1,v1,2036-01-01,2036-12-31,False,False,True,True,True,False,False,True,False,True,False,False,False,,,0.98,100_220_390_120_330_140_25,prediction_runs,,crop_MS_2036_100_25832_etrs89-utm32n.asc,irrigation_SM_2030_100_25832_etrs89-utm32n.asc,,DroughtStressThreshold,0.5,1,
888,True,fixed,auto,SM_sfix_hauto,sim_projection_avgyield.json,crop.json,site.json,False,dwd_core_ensemble,dwd_core_ensemble/csvs_dwd_core_ensemble,ICHEC-EC-EARTH,KNMI-RACMO22E,rcp45,r1i1p1,v1,2036-01-01,2036-12-31,False,False,True,True,True,False,False,True,False,True,False,False,False,,,0.98,100_220_390_120_330_140_25,prediction_runs,,crop_MS_2036_100_25832_etrs89-utm32n.asc,irrigation_SM_2030_100_25832_etrs89-utm32n.asc,,DroughtStressThreshold,0.5,1,
889,True,fixed,auto,SM_sfix_hauto,sim_projection_avgyield.json,crop.json,site.json,False,dwd_core_ensemble,dwd_core_ensemble/csvs_dwd_core_ensemble,ICHEC-EC-EARTH,KNMI-RACMO22E,rcp45,r12i1p1,v1,2036-01-01,2036-12-31,False,False,True,True,True,False,False,True,False,True,False,False,False,,,0.98,100_220_390_120_330_140_25,prediction_runs,,crop_MS_2036_100_25832_etrs89-utm32n.asc,irrigation_SM_2030_100_25832_etrs89-utm32n.asc,,DroughtStressThreshold,0.5,1,
890,True,fixed,auto,SM_sfix_hauto,sim_projection_avgyield.json,crop.json,site.json,False,dwd_core_ensemble,dwd_core_ensemble/csvs_dwd_core_ensemble,ICHEC-EC-EARTH,KNMI-RACMO22E,rcp85,r1i1p1,v1,2036-01-01,2036-12-31,False,False,True,True,True,False,False,True,False,True,False,False,False,,,0.98,100_220_390_120_330_140_25,prediction_runs,,crop_MS_2036_100_25832_etrs89-utm32n.asc,irrigation_SM_2030_100_25832_etrs89-utm32n.asc,,DroughtStressThreshold,0.5,1,
891,True,fixed,auto,SM_sfix_hauto,sim_projection_avgyield.json,crop.json,site.json,False,dwd_core_ensemble,dwd_core_ensemble/csvs_dwd_core_ensemble,ICHEC-EC-EARTH,SMHI-RCA4,rcp45,r12i1p1,v1,2036-01-01,2036-12-31,False,False,True,True,True,False,False,True,False,True,False,False,False,,,0.98,100_220_390_120_330_140_25,prediction_runs,,crop_MS_2036_100_25832_etrs89-utm32n.asc,irrigation_SM_2030_100_25832_etrs89-utm32n.asc,,DroughtStressThreshold,0.5,1,
892,True,fixed,auto,SM_sfix_hauto,sim_projection_avgyield.json,crop.json,site.json,False,dwd_core_ensemble,dwd_core_ensemble/csvs_dwd_core_ensemble,MIROC-MIROC5,CLMcom-CCLM4-8-17,rcp26,r1i1p1,v1,2036-01-01,2036-12-31,False,False,True,True,True,False,False,True,False,True,False,False,False,,,0.98,100_220_390_120_330_140_25,prediction_runs,,crop_MS_2036_100_25832_etrs89-utm32n.asc,irrigation_SM_2030_100_25832_etrs89-utm32n.asc,,DroughtStressThreshold,0.5,1,
893,True,fixed,auto,SM_sfix_hauto,sim_projection_avgyield.json,crop.json,site.json,False,dwd_core_ensemble,dwd_core_ensemble/csvs_dwd_core_ensemble,MIROC-MIROC5,GERICS-REMO2015,rcp85,r1i1p1,v1,2036-01-01,2036-12-31,False,False,True,True,True,False,False,True,False,True,False,False,False,,,0.98,100_220_390_120_330_140_25,prediction_runs,,crop_MS_2036_100_25832_etrs89-utm32n.asc,irrigation_SM_2030_100_25832_etrs89-utm32n.asc,,DroughtStressThreshold,0.5,1,
894,True,fixed,auto,SM_sfix_hauto,sim_projection_avgyield.json,crop.json,site.json,False,dwd_core_ensemble,dwd_core_ensemble/csvs_dwd_core_ensemble,MOHC-HadGEM2-ES,CLMcom-CCLM4-8-17,rcp45,r1i1p1,v1,2036-01-01,2036-12-31,False,False,True,True,True,False,False,True,False,True,False,False,False,,,0.98,100_220_390_120_330_140_25,prediction_runs,,crop_MS_2036_100_25832_etrs89-utm32n.asc,irrigation_SM_2030_100_25832_etrs89-utm32n.asc,,DroughtStressThreshold,0.5,1,
895,True,fixed,auto,SM_sfix_hauto,sim_projection_avgyield.json,crop.json,site.json,False,dwd_core_ensemble,dwd_core_ensemble/csvs_dwd_core_ensemble,MOHC-HadGEM2-ES,CLMcom-CCLM4-8-17,rcp85,r1i1p1,v1,2036-01-01,2036-12-31,False,False,True,True,True,False,False,True,False,True,False,False,False,,,0.98,100_220_390_120_330_140_25,prediction_runs,,crop_MS_2036_100_25832_etrs89-utm32n.asc,irrigation_SM_2030_100_25832_etrs89-utm32n.asc,,DroughtStressThreshold,0.5,1,
896,True,fixed,auto,SM_sfix_hauto,sim_projection_avgyield.json,crop.json,site.json,False,dwd_core_ensemble,dwd_core_ensemble/csvs_dwd_core_ensemble,MOHC-HadGEM2-ES,KNMI-RACMO22E,rcp26,r1i1p1,v2,2036-01-01,2036-12-31,False,False,True,True,True,False,False,True,False,True,False,False,False,,,0.98,100_220_390_120_330_140_25,prediction_runs,,crop_MS_2036_100_25832_etrs89-utm32n.asc,irrigation_SM_2030_100_25832_etrs89-utm32n.asc,,DroughtStressThreshold,0.5,1,
897,True,fixed,auto,SM_sfix_hauto,sim_projection_avgyield.json,crop.json,site.json,False,dwd_core_ensemble,dwd_core_ensemble/csvs_dwd_core_ensemble,MPI-M-MPI-ESM-LR,MPI-CSC-REMO2009,rcp26,r2i1p1,v1,2036-01-01,2036-12-31,False,False,True,True,True,False,False,True,False,True,False,False,False,,,0.98,100_220_390_120_330_140_25,prediction_runs,,crop_MS_2036_100_25832_etrs89-utm32n.asc,irrigation_SM_2030_100_25832_etrs89-utm32n.asc,,DroughtStressThreshold,0.5,1,
898,True,fixed,auto,SM_sfix_hauto,sim_projection_avgyield.json,crop.json,site.json,False,dwd_core_ensemble,dwd_core_ensemble/csvs_dwd_core_ensemble,MPI-M-MPI-ESM-LR,MPI-CSC-REMO2009,rcp45,r1i1p1,v1,2036-01-01,2036-12-31,False,False,True,True,True,False,False,True,False,True,False,False,False,,,0.98,100_220_390_120_330_140_25,prediction_runs,,crop_MS_2036_100_25832_etrs89-utm32n.asc,irrigation_SM_2030_100_25832_etrs89-utm32n.asc,,DroughtStressThreshold,0.5,1,
899,True,fixed,auto,SM_sfix_hauto,sim_projection_avgyield.json,crop.json,site.json,False,dwd_core_ensemble,dwd_core_ensemble/csvs_dwd_core_ensemble,MPI-M-MPI-ESM-LR,MPI-CSC-REMO2009,rcp45,r2i1p1,v1,2036-01-01,2036-12-31,False,False,True,True,True,False,False,True,False,True,False,False,False,,,0.98,100_220_390_120_330_140_25,prediction_runs,,crop_MS_2036_100_25832_etrs89-utm32n.asc,irrigation_SM_2030_100_25832_etrs89-utm32n.asc,,DroughtStressThreshold,0.5,1,
900,True,fixed,auto,SM_sfix_hauto,sim_projection_avgyield.json,crop.json,site.json,False,dwd_core_ensemble,dwd_core_ensemble/csvs_dwd_core_ensemble,MPI-M-MPI-ESM-LR,MPI-CSC-REMO2009,rcp85,r2i1p1,v1,2036-01-01,2036-12-31,False,False,True,True,True,False,False,True,False,True,False,False,False,,,0.98,100_220_390_120_330_140_25,prediction_runs,,crop_MS_2036_100_25832_etrs89-utm32n.asc,irrigation_SM_2030_100_25832_etrs89-utm32n.asc,,DroughtStressThreshold,0.5,1,
901,True,fixed,auto,SM_sfix_hauto,sim_projection_avgyield.json,crop.json,site.json,False,dwd_core_ensemble,dwd_core_ensemble/csvs_dwd_core_ensemble,MPI-M-MPI-ESM-LR,UHOH-WRF361H,rcp85,r1i1p1,v1,2036-01-01,2036-12-31,False,False,True,True,True,False,False,True,False,True,False,False,False,,,0.98,100_220_390_120_330_140_25,prediction_runs,,crop_MS_2036_100_25832_etrs89-utm32n.asc,irrigation_SM_2030_100_25832_etrs89-utm32n.asc,,DroughtStressThreshold,0.5,1,
902,True,fixed,auto,SM_sfix_hauto,sim_projection_avgyield.json,crop.json,site.json,False,dwd_core_ensemble,dwd_core_ensemble/csvs_dwd_core_ensemble,CCCma-CanESM2,CLMcom-CCLM4-8-17,rcp85,r1i1p1,v1,2037-01-01,2037-12-31,False,False,True,True,True,False,False,True,False,True,False,False,False,,,0.98,100_220_390_120_330_140_25,prediction_runs,,crop_MS_2037_100_25832_etrs89-utm32n.asc,irrigation_SM_2030_100_25832_etrs89-utm32n.asc,,DroughtStressThreshold,0.5,1,
903,True,fixed,auto,SM_sfix_hauto,sim_projection_avgyield.json,crop.json,site.json,False,dwd_core_ensemble,dwd_core_ensemble/csvs_dwd_core_ensemble,ICHEC-EC-EARTH,CLMcom-CCLM4-8-17,rcp26,r12i1p1,v1,2037-01-01,2037-12-31,False,False,True,True,True,False,False,True,False,True,False,False,False,,,0.98,100_220_390_120_330_140_25,prediction_runs,,crop_MS_2037_100_25832_etrs89-utm32n.asc,irrigation_SM_2030_100_25832_etrs89-utm32n.asc,,DroughtStressThreshold,0.5,1,
904,True,fixed,auto,SM_sfix_hauto,sim_projection_avgyield.json,crop.json,site.json,False,dwd_core_ensemble,dwd_core_ensemble/csvs_dwd_core_ensemble,ICHEC-EC-EARTH,KNMI-RACMO22E,rcp26,r12i1p1,v1,2037-01-01,2037-12-31,False,False,True,True,True,False,False,True,False,True,False,False,False,,,0.98,100_220_390_120_330_140_25,prediction_runs,,crop_MS_2037_100_25832_etrs89-utm32n.asc,irrigation_SM_2030_100_25832_etrs89-utm32n.asc,,DroughtStressThreshold,0.5,1,
905,True,fixed,auto,SM_sfix_hauto,sim_projection_avgyield.json,crop.json,site.json,False,dwd_core_ensemble,dwd_core_ensemble/csvs_dwd_core_ensemble,ICHEC-EC-EARTH,KNMI-RACMO22E,rcp45,r1i1p1,v1,2037-01-01,2037-12-31,False,False,True,True,True,False,False,True,False,True,False,False,False,,,0.98,100_220_390_120_330_140_25,prediction_runs,,crop_MS_2037_100_25832_etrs89-utm32n.asc,irrigation_SM_2030_100_25832_etrs89-utm32n.asc,,DroughtStressThreshold,0.5,1,
906,True,fixed,auto,SM_sfix_hauto,sim_projection_avgyield.json,crop.json,site.json,False,dwd_core_ensemble,dwd_core_ensemble/csvs_dwd_core_ensemble,ICHEC-EC-EARTH,KNMI-RACMO22E,rcp45,r12i1p1,v1,2037-01-01,2037-12-31,False,False,True,True,True,False,False,True,False,True,False,False,False,,,0.98,100_220_390_120_330_140_25,prediction_runs,,crop_MS_2037_100_25832_etrs89-utm32n.asc,irrigation_SM_2030_100_25832_etrs89-utm32n.asc,,DroughtStressThreshold,0.5,1,
907,True,fixed,auto,SM_sfix_hauto,sim_projection_avgyield.json,crop.json,site.json,False,dwd_core_ensemble,dwd_core_ensemble/csvs_dwd_core_ensemble,ICHEC-EC-EARTH,KNMI-RACMO22E,rcp85,r1i1p1,v1,2037-01-01,2037-12-31,False,False,True,True,True,False,False,True,False,True,False,False,False,,,0.98,100_220_390_120_330_140_25,prediction_runs,,crop_MS_2037_100_25832_etrs89-utm32n.asc,irrigation_SM_2030_100_25832_etrs89-utm32n.asc,,DroughtStressThreshold,0.5,1,
908,True,fixed,auto,SM_sfix_hauto,sim_projection_avgyield.json,crop.json,site.json,False,dwd_core_ensemble,dwd_core_ensemble/csvs_dwd_core_ensemble,ICHEC-EC-EARTH,SMHI-RCA4,rcp45,r12i1p1,v1,2037-01-01,2037-12-31,False,False,True,True,True,False,False,True,False,True,False,False,False,,,0.98,100_220_390_120_330_140_25,prediction_runs,,crop_MS_2037_100_25832_etrs89-utm32n.asc,irrigation_SM_2030_100_25832_etrs89-utm32n.asc,,DroughtStressThreshold,0.5,1,
909,True,fixed,auto,SM_sfix_hauto,sim_projection_avgyield.json,crop.json,site.json,False,dwd_core_ensemble,dwd_core_ensemble/csvs_dwd_core_ensemble,MIROC-MIROC5,CLMcom-CCLM4-8-17,rcp26,r1i1p1,v1,2037-01-01,2037-12-31,False,False,True,True,True,False,False,True,False,True,False,False,False,,,0.98,100_220_390_120_330_140_25,prediction_runs,,crop_MS_2037_100_25832_etrs89-utm32n.asc,irrigation_SM_2030_100_25832_etrs89-utm32n.asc,,DroughtStressThreshold,0.5,1,
910,True,fixed,auto,SM_sfix_hauto,sim_projection_avgyield.json,crop.json,site.json,False,dwd_core_ensemble,dwd_core_ensemble/csvs_dwd_core_ensemble,MIROC-MIROC5,GERICS-REMO2015,rcp85,r1i1p1,v1,2037-01-01,2037-12-31,False,False,True,True,True,False,False,True,False,True,False,False,False,,,0.98,100_220_390_120_330_140_25,prediction_runs,,crop_MS_2037_100_25832_etrs89-utm32n.asc,irrigation_SM_2030_100_25832_etrs89-utm32n.asc,,DroughtStressThreshold,0.5,1,
911,True,fixed,auto,SM_sfix_hauto,sim_projection_avgyield.json,crop.json,site.json,False,dwd_core_ensemble,dwd_core_ensemble/csvs_dwd_core_ensemble,MOHC-HadGEM2-ES,CLMcom-CCLM4-8-17,rcp45,r1i1p1,v1,2037-01-01,2037-12-31,False,False,True,True,True,False,False,True,False,True,False,False,False,,,0.98,100_220_390_120_330_140_25,prediction_runs,,crop_MS_2037_100_25832_etrs89-utm32n.asc,irrigation_SM_2030_100_25832_etrs89-utm32n.asc,,DroughtStressThreshold,0.5,1,
912,True,fixed,auto,SM_sfix_hauto,sim_projection_avgyield.json,crop.json,site.json,False,dwd_core_ensemble,dwd_core_ensemble/csvs_dwd_core_ensemble,MOHC-HadGEM2-ES,CLMcom-CCLM4-8-17,rcp85,r1i1p1,v1,2037-01-01,2037-12-31,False,False,True,True,True,False,False,True,False,True,False,False,False,,,0.98,100_220_390_120_330_140_25,prediction_runs,,crop_MS_2037_100_25832_etrs89-utm32n.asc,irrigation_SM_2030_100_25832_etrs89-utm32n.asc,,DroughtStressThreshold,0.5,1,
913,True,fixed,auto,SM_sfix_hauto,sim_projection_avgyield.json,crop.json,site.json,False,dwd_core_ensemble,dwd_core_ensemble/csvs_dwd_core_ensemble,MOHC-HadGEM2-ES,KNMI-RACMO22E,rcp26,r1i1p1,v2,2037-01-01,2037-12-31,False,False,True,True,True,False,False,True,False,True,False,False,False,,,0.98,100_220_390_120_330_140_25,prediction_runs,,crop_MS_2037_100_25832_etrs89-utm32n.asc,irrigation_SM_2030_100_25832_etrs89-utm32n.asc,,DroughtStressThreshold,0.5,1,
914,True,fixed,auto,SM_sfix_hauto,sim_projection_avgyield.json,crop.json,site.json,False,dwd_core_ensemble,dwd_core_ensemble/csvs_dwd_core_ensemble,MPI-M-MPI-ESM-LR,MPI-CSC-REMO2009,rcp26,r2i1p1,v1,2037-01-01,2037-12-31,False,False,True,True,True,False,False,True,False,True,False,False,False,,,0.98,100_220_390_120_330_140_25,prediction_runs,,crop_MS_2037_100_25832_etrs89-utm32n.asc,irrigation_SM_2030_100_25832_etrs89-utm32n.asc,,DroughtStressThreshold,0.5,1,
915,True,fixed,auto,SM_sfix_hauto,sim_projection_avgyield.json,crop.json,site.json,False,dwd_core_ensemble,dwd_core_ensemble/csvs_dwd_core_ensemble,MPI-M-MPI-ESM-LR,MPI-CSC-REMO2009,rcp45,r1i1p1,v1,2037-01-01,2037-12-31,False,False,True,True,True,False,False,True,False,True,False,False,False,,,0.98,100_220_390_120_330_140_25,prediction_runs,,crop_MS_2037_100_25832_etrs89-utm32n.asc,irrigation_SM_2030_100_25832_etrs89-utm32n.asc,,DroughtStressThreshold,0.5,1,
916,True,fixed,auto,SM_sfix_hauto,sim_projection_avgyield.json,crop.json,site.json,False,dwd_core_ensemble,dwd_core_ensemble/csvs_dwd_core_ensemble,MPI-M-MPI-ESM-LR,MPI-CSC-REMO2009,rcp45,r2i1p1,v1,2037-01-01,2037-12-31,False,False,True,True,True,False,False,True,False,True,False,False,False,,,0.98,100_220_390_120_330_140_25,prediction_runs,,crop_MS_2037_100_25832_etrs89-utm32n.asc,irrigation_SM_2030_100_25832_etrs89-utm32n.asc,,DroughtStressThreshold,0.5,1,
917,True,fixed,auto,SM_sfix_hauto,sim_projection_avgyield.json,crop.json,site.json,False,dwd_core_ensemble,dwd_core_ensemble/csvs_dwd_core_ensemble,MPI-M-MPI-ESM-LR,MPI-CSC-REMO2009,rcp85,r2i1p1,v1,2037-01-01,2037-12-31,False,False,True,True,True,False,False,True,False,True,False,False,False,,,0.98,100_220_390_120_330_140_25,prediction_runs,,crop_MS_2037_100_25832_etrs89-utm32n.asc,irrigation_SM_2030_100_25832_etrs89-utm32n.asc,,DroughtStressThreshold,0.5,1,
918,True,fixed,auto,SM_sfix_hauto,sim_projection_avgyield.json,crop.json,site.json,False,dwd_core_ensemble,dwd_core_ensemble/csvs_dwd_core_ensemble,MPI-M-MPI-ESM-LR,UHOH-WRF361H,rcp85,r1i1p1,v1,2037-01-01,2037-12-31,False,False,True,True,True,False,False,True,False,True,False,False,False,,,0.98,100_220_390_120_330_140_25,prediction_runs,,crop_MS_2037_100_25832_etrs89-utm32n.asc,irrigation_SM_2030_100_25832_etrs89-utm32n.asc,,DroughtStressThreshold,0.5,1,
919,True,fixed,auto,SM_sfix_hauto,sim_projection_avgyield.json,crop.json,site.json,False,dwd_core_ensemble,dwd_core_ensemble/csvs_dwd_core_ensemble,CCCma-CanESM2,CLMcom-CCLM4-8-17,rcp85,r1i1p1,v1,2038-01-01,2038-12-31,False,False,True,True,True,False,False,True,False,True,False,False,False,,,0.98,100_220_390_120_330_140_25,prediction_runs,,crop_MS_2038_100_25832_etrs89-utm32n.asc,irrigation_SM_2030_100_25832_etrs89-utm32n.asc,,DroughtStressThreshold,0.5,1,
920,True,fixed,auto,SM_sfix_hauto,sim_projection_avgyield.json,crop.json,site.json,False,dwd_core_ensemble,dwd_core_ensemble/csvs_dwd_core_ensemble,ICHEC-EC-EARTH,CLMcom-CCLM4-8-17,rcp26,r12i1p1,v1,2038-01-01,2038-12-31,False,False,True,True,True,False,False,True,False,True,False,False,False,,,0.98,100_220_390_120_330_140_25,prediction_runs,,crop_MS_2038_100_25832_etrs89-utm32n.asc,irrigation_SM_2030_100_25832_etrs89-utm32n.asc,,DroughtStressThreshold,0.5,1,
921,True,fixed,auto,SM_sfix_hauto,sim_projection_avgyield.json,crop.json,site.json,False,dwd_core_ensemble,dwd_core_ensemble/csvs_dwd_core_ensemble,ICHEC-EC-EARTH,KNMI-RACMO22E,rcp26,r12i1p1,v1,2038-01-01,2038-12-31,False,False,True,True,True,False,False,True,False,True,False,False,False,,,0.98,100_220_390_120_330_140_25,prediction_runs,,crop_MS_2038_100_25832_etrs89-utm32n.asc,irrigation_SM_2030_100_25832_etrs89-utm32n.asc,,DroughtStressThreshold,0.5,1,
922,True,fixed,auto,SM_sfix_hauto,sim_projection_avgyield.json,crop.json,site.json,False,dwd_core_ensemble,dwd_core_ensemble/csvs_dwd_core_ensemble,ICHEC-EC-EARTH,KNMI-RACMO22E,rcp45,r1i1p1,v1,2038-01-01,2038-12-31,False,False,True,True,True,False,False,True,False,True,False,False,False,,,0.98,100_220_390_120_330_140_25,prediction_runs,,crop_MS_2038_100_25832_etrs89-utm32n.asc,irrigation_SM_2030_100_25832_etrs89-utm32n.asc,,DroughtStressThreshold,0.5,1,
923,True,fixed,auto,SM_sfix_hauto,sim_projection_avgyield.json,crop.json,site.json,False,dwd_core_ensemble,dwd_core_ensemble/csvs_dwd_core_ensemble,ICHEC-EC-EARTH,KNMI-RACMO22E,rcp45,r12i1p1,v1,2038-01-01,2038-12-31,False,False,True,True,True,False,False,True,False,True,False,False,False,,,0.98,100_220_390_120_330_140_25,prediction_runs,,crop_MS_2038_100_25832_etrs89-utm32n.asc,irrigation_SM_2030_100_25832_etrs89-utm32n.asc,,DroughtStressThreshold,0.5,1,
924,True,fixed,auto,SM_sfix_hauto,sim_projection_avgyield.json,crop.json,site.json,False,dwd_core_ensemble,dwd_core_ensemble/csvs_dwd_core_ensemble,ICHEC-EC-EARTH,KNMI-RACMO22E,rcp85,r1i1p1,v1,2038-01-01,2038-12-31,False,False,True,True,True,False,False,True,False,True,False,False,False,,,0.98,100_220_390_120_330_140_25,prediction_runs,,crop_MS_2038_100_25832_etrs89-utm32n.asc,irrigation_SM_2030_100_25832_etrs89-utm32n.asc,,DroughtStressThreshold,0.5,1,
925,True,fixed,auto,SM_sfix_hauto,sim_projection_avgyield.json,crop.json,site.json,False,dwd_core_ensemble,dwd_core_ensemble/csvs_dwd_core_ensemble,ICHEC-EC-EARTH,SMHI-RCA4,rcp45,r12i1p1,v1,2038-01-01,2038-12-31,False,False,True,True,True,False,False,True,False,True,False,False,False,,,0.98,100_220_390_120_330_140_25,prediction_runs,,crop_MS_2038_100_25832_etrs89-utm32n.asc,irrigation_SM_2030_100_25832_etrs89-utm32n.asc,,DroughtStressThreshold,0.5,1,
926,True,fixed,auto,SM_sfix_hauto,sim_projection_avgyield.json,crop.json,site.json,False,dwd_core_ensemble,dwd_core_ensemble/csvs_dwd_core_ensemble,MIROC-MIROC5,CLMcom-CCLM4-8-17,rcp26,r1i1p1,v1,2038-01-01,2038-12-31,False,False,True,True,True,False,False,True,False,True,False,False,False,,,0.98,100_220_390_120_330_140_25,prediction_runs,,crop_MS_2038_100_25832_etrs89-utm32n.asc,irrigation_SM_2030_100_25832_etrs89-utm32n.asc,,DroughtStressThreshold,0.5,1,
927,True,fixed,auto,SM_sfix_hauto,sim_projection_avgyield.json,crop.json,site.json,False,dwd_core_ensemble,dwd_core_ensemble/csvs_dwd_core_ensemble,MIROC-MIROC5,GERICS-REMO2015,rcp85,r1i1p1,v1,2038-01-01,2038-12-31,False,False,True,True,True,False,False,True,False,True,False,False,False,,,0.98,100_220_390_120_330_140_25,prediction_runs,,crop_MS_2038_100_25832_etrs89-utm32n.asc,irrigation_SM_2030_100_25832_etrs89-utm32n.asc,,DroughtStressThreshold,0.5,1,
928,True,fixed,auto,SM_sfix_hauto,sim_projection_avgyield.json,crop.json,site.json,False,dwd_core_ensemble,dwd_core_ensemble/csvs_dwd_core_ensemble,MOHC-HadGEM2-ES,CLMcom-CCLM4-8-17,rcp45,r1i1p1,v1,2038-01-01,2038-12-31,False,False,True,True,True,False,False,True,False,True,False,False,False,,,0.98,100_220_390_120_330_140_25,prediction_runs,,crop_MS_2038_100_25832_etrs89-utm32n.asc,irrigation_SM_2030_100_25832_etrs89-utm32n.asc,,DroughtStressThreshold,0.5,1,
929,True,fixed,auto,SM_sfix_hauto,sim_projection_avgyield.json,crop.json,site.json,False,dwd_core_ensemble,dwd_core_ensemble/csvs_dwd_core_ensemble,MOHC-HadGEM2-ES,CLMcom-CCLM4-8-17,rcp85,r1i1p1,v1,2038-01-01,2038-12-31,False,False,True,True,True,False,False,True,False,True,False,False,False,,,0.98,100_220_390_120_330_140_25,prediction_runs,,crop_MS_2038_100_25832_etrs89-utm32n.asc,irrigation_SM_2030_100_25832_etrs89-utm32n.asc,,DroughtStressThreshold,0.5,1,
930,True,fixed,auto,SM_sfix_hauto,sim_projection_avgyield.json,crop.json,site.json,False,dwd_core_ensemble,dwd_core_ensemble/csvs_dwd_core_ensemble,MOHC-HadGEM2-ES,KNMI-RACMO22E,rcp26,r1i1p1,v2,2038-01-01,2038-12-31,False,False,True,True,True,False,False,True,False,True,False,False,False,,,0.98,100_220_390_120_330_140_25,prediction_runs,,crop_MS_2038_100_25832_etrs89-utm32n.asc,irrigation_SM_2030_100_25832_etrs89-utm32n.asc,,DroughtStressThreshold,0.5,1,
931,True,fixed,auto,SM_sfix_hauto,sim_projection_avgyield.json,crop.json,site.json,False,dwd_core_ensemble,dwd_core_ensemble/csvs_dwd_core_ensemble,MPI-M-MPI-ESM-LR,MPI-CSC-REMO2009,rcp26,r2i1p1,v1,2038-01-01,2038-12-31,False,False,True,True,True,False,False,True,False,True,False,False,False,,,0.98,100_220_390_120_330_140_25,prediction_runs,,crop_MS_2038_100_25832_etrs89-utm32n.asc,irrigation_SM_2030_100_25832_etrs89-utm32n.asc,,DroughtStressThreshold,0.5,1,
932,True,fixed,auto,SM_sfix_hauto,sim_projection_avgyield.json,crop.json,site.json,False,dwd_core_ensemble,dwd_core_ensemble/csvs_dwd_core_ensemble,MPI-M-MPI-ESM-LR,MPI-CSC-REMO2009,rcp45,r1i1p1,v1,2038-01-01,2038-12-31,False,False,True,True,True,False,False,True,False,True,False,False,False,,,0.98,100_220_390_120_330_140_25,prediction_runs,,crop_MS_2038_100_25832_etrs89-utm32n.asc,irrigation_SM_2030_100_25832_etrs89-utm32n.asc,,DroughtStressThreshold,0.5,1,
933,True,fixed,auto,SM_sfix_hauto,sim_projection_avgyield.json,crop.json,site.json,False,dwd_core_ensemble,dwd_core_ensemble/csvs_dwd_core_ensemble,MPI-M-MPI-ESM-LR,MPI-CSC-REMO2009,rcp45,r2i1p1,v1,2038-01-01,2038-12-31,False,False,True,True,True,False,False,True,False,True,False,False,False,,,0.98,100_220_390_120_330_140_25,prediction_runs,,crop_MS_2038_100_25832_etrs89-utm32n.asc,irrigation_SM_2030_100_25832_etrs89-utm32n.asc,,DroughtStressThreshold,0.5,1,
934,True,fixed,auto,SM_sfix_hauto,sim_projection_avgyield.json,crop.json,site.json,False,dwd_core_ensemble,dwd_core_ensemble/csvs_dwd_core_ensemble,MPI-M-MPI-ESM-LR,MPI-CSC-REMO2009,rcp85,r2i1p1,v1,2038-01-01,2038-12-31,False,False,True,True,True,False,False,True,False,True,False,False,False,,,0.98,100_220_390_120_330_140_25,prediction_runs,,crop_MS_2038_100_25832_etrs89-utm32n.asc,irrigation_SM_2030_100_25832_etrs89-utm32n.asc,,DroughtStressThreshold,0.5,1,
935,True,fixed,auto,SM_sfix_hauto,sim_projection_avgyield.json,crop.json,site.json,False,dwd_core_ensemble,dwd_core_ensemble/csvs_dwd_core_ensemble,MPI-M-MPI-ESM-LR,UHOH-WRF361H,rcp85,r1i1p1,v1,2038-01-01,2038-12-31,False,False,True,True,True,False,False,True,False,True,False,False,False,,,0.98,100_220_390_120_330_140_25,prediction_runs,,crop_MS_2038_100_25832_etrs89-utm32n.asc,irrigation_SM_2030_100_25832_etrs89-utm32n.asc,,DroughtStressThreshold,0.5,1,
936,True,fixed,auto,SM_sfix_hauto,sim_projection_avgyield.json,crop.json,site.json,False,dwd_core_ensemble,dwd_core_ensemble/csvs_dwd_core_ensemble,CCCma-CanESM2,CLMcom-CCLM4-8-17,rcp85,r1i1p1,v1,2039-01-01,2039-12-31,False,False,True,True,True,False,False,True,False,True,False,False,False,,,0.98,100_220_390_120_330_140_25,prediction_runs,,crop_MS_2039_100_25832_etrs89-utm32n.asc,irrigation_SM_2030_100_25832_etrs89-utm32n.asc,,DroughtStressThreshold,0.5,1,
937,True,fixed,auto,SM_sfix_hauto,sim_projection_avgyield.json,crop.json,site.json,False,dwd_core_ensemble,dwd_core_ensemble/csvs_dwd_core_ensemble,ICHEC-EC-EARTH,CLMcom-CCLM4-8-17,rcp26,r12i1p1,v1,2039-01-01,2039-12-31,False,False,True,True,True,False,False,True,False,True,False,False,False,,,0.98,100_220_390_120_330_140_25,prediction_runs,,crop_MS_2039_100_25832_etrs89-utm32n.asc,irrigation_SM_2030_100_25832_etrs89-utm32n.asc,,DroughtStressThreshold,0.5,1,
938,True,fixed,auto,SM_sfix_hauto,sim_projection_avgyield.json,crop.json,site.json,False,dwd_core_ensemble,dwd_core_ensemble/csvs_dwd_core_ensemble,ICHEC-EC-EARTH,KNMI-RACMO22E,rcp26,r12i1p1,v1,2039-01-01,2039-12-31,False,False,True,True,True,False,False,True,False,True,False,False,False,,,0.98,100_220_390_120_330_140_25,prediction_runs,,crop_MS_2039_100_25832_etrs89-utm32n.asc,irrigation_SM_2030_100_25832_etrs89-utm32n.asc,,DroughtStressThreshold,0.5,1,
939,True,fixed,auto,SM_sfix_hauto,sim_projection_avgyield.json,crop.json,site.json,False,dwd_core_ensemble,dwd_core_ensemble/csvs_dwd_core_ensemble,ICHEC-EC-EARTH,KNMI-RACMO22E,rcp45,r1i1p1,v1,2039-01-01,2039-12-31,False,False,True,True,True,False,False,True,False,True,False,False,False,,,0.98,100_220_390_120_330_140_25,prediction_runs,,crop_MS_2039_100_25832_etrs89-utm32n.asc,irrigation_SM_2030_100_25832_etrs89-utm32n.asc,,DroughtStressThreshold,0.5,1,
940,True,fixed,auto,SM_sfix_hauto,sim_projection_avgyield.json,crop.json,site.json,False,dwd_core_ensemble,dwd_core_ensemble/csvs_dwd_core_ensemble,ICHEC-EC-EARTH,KNMI-RACMO22E,rcp45,r12i1p1,v1,2039-01-01,2039-12-31,False,False,True,True,True,False,False,True,False,True,False,False,False,,,0.98,100_220_390_120_330_140_25,prediction_runs,,crop_MS_2039_100_25832_etrs89-utm32n.asc,irrigation_SM_2030_100_25832_etrs89-utm32n.asc,,DroughtStressThreshold,0.5,1,
941,True,fixed,auto,SM_sfix_hauto,sim_projection_avgyield.json,crop.json,site.json,False,dwd_core_ensemble,dwd_core_ensemble/csvs_dwd_core_ensemble,ICHEC-EC-EARTH,KNMI-RACMO22E,rcp85,r1i1p1,v1,2039-01-01,2039-12-31,False,False,True,True,True,False,False,True,False,True,False,False,False,,,0.98,100_220_390_120_330_140_25,prediction_runs,,crop_MS_2039_100_25832_etrs89-utm32n.asc,irrigation_SM_2030_100_25832_etrs89-utm32n.asc,,DroughtStressThreshold,0.5,1,
942,True,fixed,auto,SM_sfix_hauto,sim_projection_avgyield.json,crop.json,site.json,False,dwd_core_ensemble,dwd_core_ensemble/csvs_dwd_core_ensemble,ICHEC-EC-EARTH,SMHI-RCA4,rcp45,r12i1p1,v1,2039-01-01,2039-12-31,False,False,True,True,True,False,False,True,False,True,False,False,False,,,0.98,100_220_390_120_330_140_25,prediction_runs,,crop_MS_2039_100_25832_etrs89-utm32n.asc,irrigation_SM_2030_100_25832_etrs89-utm32n.asc,,DroughtStressThreshold,0.5,1,
943,True,fixed,auto,SM_sfix_hauto,sim_projection_avgyield.json,crop.json,site.json,False,dwd_core_ensemble,dwd_core_ensemble/csvs_dwd_core_ensemble,MIROC-MIROC5,CLMcom-CCLM4-8-17,rcp26,r1i1p1,v1,2039-01-01,2039-12-31,False,False,True,True,True,False,False,True,False,True,False,False,False,,,0.98,100_220_390_120_330_140_25,prediction_runs,,crop_MS_2039_100_25832_etrs89-utm32n.asc,irrigation_SM_2030_100_25832_etrs89-utm32n.asc,,DroughtStressThreshold,0.5,1,
944,True,fixed,auto,SM_sfix_hauto,sim_projection_avgyield.json,crop.json,site.json,False,dwd_core_ensemble,dwd_core_ensemble/csvs_dwd_core_ensemble,MIROC-MIROC5,GERICS-REMO2015,rcp85,r1i1p1,v1,2039-01-01,2039-12-31,False,False,True,True,True,False,False,True,False,True,False,False,False,,,0.98,100_220_390_120_330_140_25,prediction_runs,,crop_MS_2039_100_25832_etrs89-utm32n.asc,irrigation_SM_2030_100_25832_etrs89-utm32n.asc,,DroughtStressThreshold,0.5,1,
945,True,fixed,auto,SM_sfix_hauto,sim_projection_avgyield.json,crop.json,site.json,False,dwd_core_ensemble,dwd_core_ensemble/csvs_dwd_core_ensemble,MOHC-HadGEM2-ES,CLMcom-CCLM4-8-17,rcp45,r1i1p1,v1,2039-01-01,2039-12-31,False,False,True,True,True,False,False,True,False,True,False,False,False,,,0.98,100_220_390_120_330_140_25,prediction_runs,,crop_MS_2039_100_25832_etrs89-utm32n.asc,irrigation_SM_2030_100_25832_etrs89-utm32n.asc,,DroughtStressThreshold,0.5,1,
946,True,fixed,auto,SM_sfix_hauto,sim_projection_avgyield.json,crop.json,site.json,False,dwd_core_ensemble,dwd_core_ensemble/csvs_dwd_core_ensemble,MOHC-HadGEM2-ES,CLMcom-CCLM4-8-17,rcp85,r1i1p1,v1,2039-01-01,2039-12-31,False,False,True,True,True,False,False,True,False,True,False,False,False,,,0.98,100_220_390_120_330_140_25,prediction_runs,,crop_MS_2039_100_25832_etrs89-utm32n.asc,irrigation_SM_2030_100_25832_etrs89-utm32n.asc,,DroughtStressThreshold,0.5,1,
947,True,fixed,auto,SM_sfix_hauto,sim_projection_avgyield.json,crop.json,site.json,False,dwd_core_ensemble,dwd_core_ensemble/csvs_dwd_core_ensemble,MOHC-HadGEM2-ES,KNMI-RACMO22E,rcp26,r1i1p1,v2,2039-01-01,2039-12-31,False,False,True,True,True,False,False,True,False,True,False,False,False,,,0.98,100_220_390_120_330_140_25,prediction_runs,,crop_MS_2039_100_25832_etrs89-utm32n.asc,irrigation_SM_2030_100_25832_etrs89-utm32n.asc,,DroughtStressThreshold,0.5,1,
948,True,fixed,auto,SM_sfix_hauto,sim_projection_avgyield.json,crop.json,site.json,False,dwd_core_ensemble,dwd_core_ensemble/csvs_dwd_core_ensemble,MPI-M-MPI-ESM-LR,MPI-CSC-REMO2009,rcp26,r2i1p1,v1,2039-01-01,2039-12-31,False,False,True,True,True,False,False,True,False,True,False,False,False,,,0.98,100_220_390_120_330_140_25,prediction_runs,,crop_MS_2039_100_25832_etrs89-utm32n.asc,irrigation_SM_2030_100_25832_etrs89-utm32n.asc,,DroughtStressThreshold,0.5,1,
949,True,fixed,auto,SM_sfix_hauto,sim_projection_avgyield.json,crop.json,site.json,False,dwd_core_ensemble,dwd_core_ensemble/csvs_dwd_core_ensemble,MPI-M-MPI-ESM-LR,MPI-CSC-REMO2009,rcp45,r1i1p1,v1,2039-01-01,2039-12-31,False,False,True,True,True,False,False,True,False,True,False,False,False,,,0.98,100_220_390_120_330_140_25,prediction_runs,,crop_MS_2039_100_25832_etrs89-utm32n.asc,irrigation_SM_2030_100_25832_etrs89-utm32n.asc,,DroughtStressThreshold,0.5,1,
950,True,fixed,auto,SM_sfix_hauto,sim_projection_avgyield.json,crop.json,site.json,False,dwd_core_ensemble,dwd_core_ensemble/csvs_dwd_core_ensemble,MPI-M-MPI-ESM-LR,MPI-CSC-REMO2009,rcp45,r2i1p1,v1,2039-01-01,2039-12-31,False,False,True,True,True,False,False,True,False,True,False,False,False,,,0.98,100_220_390_120_330_140_25,prediction_runs,,crop_MS_2039_100_25832_etrs89-utm32n.asc,irrigation_SM_2030_100_25832_etrs89-utm32n.asc,,DroughtStressThreshold,0.5,1,
951,True,fixed,auto,SM_sfix_hauto,sim_projection_avgyield.json,crop.json,site.json,False,dwd_core_ensemble,dwd_core_ensemble/csvs_dwd_core_ensemble,MPI-M-MPI-ESM-LR,MPI-CSC-REMO2009,rcp85,r2i1p1,v1,2039-01-01,2039-12-31,False,False,True,True,True,False,False,True,False,True,False,False,False,,,0.98,100_220_390_120_330_140_25,prediction_runs,,crop_MS_2039_100_25832_etrs89-utm32n.asc,irrigation_SM_2030_100_25832_etrs89-utm32n.asc,,DroughtStressThreshold,0.5,1,
952,True,fixed,auto,SM_sfix_hauto,sim_projection_avgyield.json,crop.json,site.json,False,dwd_core_ensemble,dwd_core_ensemble/csvs_dwd_core_ensemble,MPI-M-MPI-ESM-LR,UHOH-WRF361H,rcp85,r1i1p1,v1,2039-01-01,2039-12-31,False,False,True,True,True,False,False,True,False,True,False,False,False,,,0.98,100_220_390_120_330_140_25,prediction_runs,,crop_MS_2039_100_25832_etrs89-utm32n.asc,irrigation_SM_2030_100_25832_etrs89-utm32n.asc,,DroughtStressThreshold,0.5,1,
953,True,fixed,auto,SM_sfix_hauto,sim_projection_avgyield.json,crop.json,site.json,False,dwd_core_ensemble,dwd_core_ensemble/csvs_dwd_core_ensemble,CCCma-CanESM2,CLMcom-CCLM4-8-17,rcp85,r1i1p1,v1,2040-01-01,2040-12-31,False,False,True,True,True,False,False,True,False,True,False,False,False,,,0.98,100_220_390_120_330_140_25,prediction_runs,,crop_MS_2040_100_25832_etrs89-utm32n.asc,irrigation_SM_2040_100_25832_etrs89-utm32n.asc,,DroughtStressThreshold,0.5,1,
954,True,fixed,auto,SM_sfix_hauto,sim_projection_avgyield.json,crop.json,site.json,False,dwd_core_ensemble,dwd_core_ensemble/csvs_dwd_core_ensemble,ICHEC-EC-EARTH,CLMcom-CCLM4-8-17,rcp26,r12i1p1,v1,2040-01-01,2040-12-31,False,False,True,True,True,False,False,True,False,True,False,False,False,,,0.98,100_220_390_120_330_140_25,prediction_runs,,crop_MS_2040_100_25832_etrs89-utm32n.asc,irrigation_SM_2040_100_25832_etrs89-utm32n.asc,,DroughtStressThreshold,0.5,1,
955,True,fixed,auto,SM_sfix_hauto,sim_projection_avgyield.json,crop.json,site.json,False,dwd_core_ensemble,dwd_core_ensemble/csvs_dwd_core_ensemble,ICHEC-EC-EARTH,KNMI-RACMO22E,rcp26,r12i1p1,v1,2040-01-01,2040-12-31,False,False,True,True,True,False,False,True,False,True,False,False,False,,,0.98,100_220_390_120_330_140_25,prediction_runs,,crop_MS_2040_100_25832_etrs89-utm32n.asc,irrigation_SM_2040_100_25832_etrs89-utm32n.asc,,DroughtStressThreshold,0.5,1,
956,True,fixed,auto,SM_sfix_hauto,sim_projection_avgyield.json,crop.json,site.json,False,dwd_core_ensemble,dwd_core_ensemble/csvs_dwd_core_ensemble,ICHEC-EC-EARTH,KNMI-RACMO22E,rcp45,r1i1p1,v1,2040-01-01,2040-12-31,False,False,True,True,True,False,False,True,False,True,False,False,False,,,0.98,100_220_390_120_330_140_25,prediction_runs,,crop_MS_2040_100_25832_etrs89-utm32n.asc,irrigation_SM_2040_100_25832_etrs89-utm32n.asc,,DroughtStressThreshold,0.5,1,
957,True,fixed,auto,SM_sfix_hauto,sim_projection_avgyield.json,crop.json,site.json,False,dwd_core_ensemble,dwd_core_ensemble/csvs_dwd_core_ensemble,ICHEC-EC-EARTH,KNMI-RACMO22E,rcp45,r12i1p1,v1,2040-01-01,2040-12-31,False,False,True,True,True,False,False,True,False,True,False,False,False,,,0.98,100_220_390_120_330_140_25,prediction_runs,,crop_MS_2040_100_25832_etrs89-utm32n.asc,irrigation_SM_2040_100_25832_etrs89-utm32n.asc,,DroughtStressThreshold,0.5,1,
958,True,fixed,auto,SM_sfix_hauto,sim_projection_avgyield.json,crop.json,site.json,False,dwd_core_ensemble,dwd_core_ensemble/csvs_dwd_core_ensemble,ICHEC-EC-EARTH,KNMI-RACMO22E,rcp85,r1i1p1,v1,2040-01-01,2040-12-31,False,False,True,True,True,False,False,True,False,True,False,False,False,,,0.98,100_220_390_120_330_140_25,prediction_runs,,crop_MS_2040_100_25832_etrs89-utm32n.asc,irrigation_SM_2040_100_25832_etrs89-utm32n.asc,,DroughtStressThreshold,0.5,1,
959,True,fixed,auto,SM_sfix_hauto,sim_projection_avgyield.json,crop.json,site.json,False,dwd_core_ensemble,dwd_core_ensemble/csvs_dwd_core_ensemble,ICHEC-EC-EARTH,SMHI-RCA4,rcp45,r12i1p1,v1,2040-01-01,2040-12-31,False,False,True,True,True,False,False,True,False,True,False,False,False,,,0.98,100_220_390_120_330_140_25,prediction_runs,,crop_MS_2040_100_25832_etrs89-utm32n.asc,irrigation_SM_2040_100_25832_etrs89-utm32n.asc,,DroughtStressThreshold,0.5,1,
960,True,fixed,auto,SM_sfix_hauto,sim_projection_avgyield.json,crop.json,site.json,False,dwd_core_ensemble,dwd_core_ensemble/csvs_dwd_core_ensemble,MIROC-MIROC5,CLMcom-CCLM4-8-17,rcp26,r1i1p1,v1,2040-01-01,2040-12-31,False,False,True,True,True,False,False,True,False,True,False,False,False,,,0.98,100_220_390_120_330_140_25,prediction_runs,,crop_MS_2040_100_25832_etrs89-utm32n.asc,irrigation_SM_2040_100_25832_etrs89-utm32n.asc,,DroughtStressThreshold,0.5,1,
961,True,fixed,auto,SM_sfix_hauto,sim_projection_avgyield.json,crop.json,site.json,False,dwd_core_ensemble,dwd_core_ensemble/csvs_dwd_core_ensemble,MIROC-MIROC5,GERICS-REMO2015,rcp85,r1i1p1,v1,2040-01-01,2040-12-31,False,False,True,True,True,False,False,True,False,True,False,False,False,,,0.98,100_220_390_120_330_140_25,prediction_runs,,crop_MS_2040_100_25832_etrs89-utm32n.asc,irrigation_SM_2040_100_25832_etrs89-utm32n.asc,,DroughtStressThreshold,0.5,1,
962,True,fixed,auto,SM_sfix_hauto,sim_projection_avgyield.json,crop.json,site.json,False,dwd_core_ensemble,dwd_core_ensemble/csvs_dwd_core_ensemble,MOHC-HadGEM2-ES,CLMcom-CCLM4-8-17,rcp45,r1i1p1,v1,2040-01-01,2040-12-31,False,False,True,True,True,False,False,True,False,True,False,False,False,,,0.98,100_220_390_120_330_140_25,prediction_runs,,crop_MS_2040_100_25832_etrs89-utm32n.asc,irrigation_SM_2040_100_25832_etrs89-utm32n.asc,,DroughtStressThreshold,0.5,1,
963,True,fixed,auto,SM_sfix_hauto,sim_projection_avgyield.json,crop.json,site.json,False,dwd_core_ensemble,dwd_core_ensemble/csvs_dwd_core_ensemble,MOHC-HadGEM2-ES,CLMcom-CCLM4-8-17,rcp85,r1i1p1,v1,2040-01-01,2040-12-31,False,False,True,True,True,False,False,True,False,True,False,False,False,,,0.98,100_220_390_120_330_140_25,prediction_runs,,crop_MS_2040_100_25832_etrs89-utm32n.asc,irrigation_SM_2040_100_25832_etrs89-utm32n.asc,,DroughtStressThreshold,0.5,1,
964,True,fixed,auto,SM_sfix_hauto,sim_projection_avgyield.json,crop.json,site.json,False,dwd_core_ensemble,dwd_core_ensemble/csvs_dwd_core_ensemble,MOHC-HadGEM2-ES,KNMI-RACMO22E,rcp26,r1i1p1,v2,2040-01-01,2040-12-31,False,False,True,True,True,False,False,True,False,True,False,False,False,,,0.98,100_220_390_120_330_140_25,prediction_runs,,crop_MS_2040_100_25832_etrs89-utm32n.asc,irrigation_SM_2040_100_25832_etrs89-utm32n.asc,,DroughtStressThreshold,0.5,1,
965,True,fixed,auto,SM_sfix_hauto,sim_projection_avgyield.json,crop.json,site.json,False,dwd_core_ensemble,dwd_core_ensemble/csvs_dwd_core_ensemble,MPI-M-MPI-ESM-LR,MPI-CSC-REMO2009,rcp26,r2i1p1,v1,2040-01-01,2040-12-31,False,False,True,True,True,False,False,True,False,True,False,False,False,,,0.98,100_220_390_120_330_140_25,prediction_runs,,crop_MS_2040_100_25832_etrs89-utm32n.asc,irrigation_SM_2040_100_25832_etrs89-utm32n.asc,,DroughtStressThreshold,0.5,1,
966,True,fixed,auto,SM_sfix_hauto,sim_projection_avgyield.json,crop.json,site.json,False,dwd_core_ensemble,dwd_core_ensemble/csvs_dwd_core_ensemble,MPI-M-MPI-ESM-LR,MPI-CSC-REMO2009,rcp45,r1i1p1,v1,2040-01-01,2040-12-31,False,False,True,True,True,False,False,True,False,True,False,False,False,,,0.98,100_220_390_120_330_140_25,prediction_runs,,crop_MS_2040_100_25832_etrs89-utm32n.asc,irrigation_SM_2040_100_25832_etrs89-utm32n.asc,,DroughtStressThreshold,0.5,1,
967,True,fixed,auto,SM_sfix_hauto,sim_projection_avgyield.json,crop.json,site.json,False,dwd_core_ensemble,dwd_core_ensemble/csvs_dwd_core_ensemble,MPI-M-MPI-ESM-LR,MPI-CSC-REMO2009,rcp45,r2i1p1,v1,2040-01-01,2040-12-31,False,False,True,True,True,False,False,True,False,True,False,False,False,,,0.98,100_220_390_120_330_140_25,prediction_runs,,crop_MS_2040_100_25832_etrs89-utm32n.asc,irrigation_SM_2040_100_25832_etrs89-utm32n.asc,,DroughtStressThreshold,0.5,1,
968,True,fixed,auto,SM_sfix_hauto,sim_projection_avgyield.json,crop.json,site.json,False,dwd_core_ensemble,dwd_core_ensemble/csvs_dwd_core_ensemble,MPI-M-MPI-ESM-LR,MPI-CSC-REMO2009,rcp85,r2i1p1,v1,2040-01-01,2040-12-31,False,False,True,True,True,False,False,True,False,True,False,False,False,,,0.98,100_220_390_120_330_140_25,prediction_runs,,crop_MS_2040_100_25832_etrs89-utm32n.asc,irrigation_SM_2040_100_25832_etrs89-utm32n.asc,,DroughtStressThreshold,0.5,1,
969,True,fixed,auto,SM_sfix_hauto,sim_projection_avgyield.json,crop.json,site.json,False,dwd_core_ensemble,dwd_core_ensemble/csvs_dwd_core_ensemble,MPI-M-MPI-ESM-LR,UHOH-WRF361H,rcp85,r1i1p1,v1,2040-01-01,2040-12-31,False,False,True,True,True,False,False,True,False,True,False,False,False,,,0.98,100_220_390_120_330_140_25,prediction_runs,,crop_MS_2040_100_25832_etrs89-utm32n.asc,irrigation_SM_2040_100_25832_etrs89-utm32n.asc,,DroughtStressThreshold,0.5,1,
970,True,fixed,auto,SM_sfix_hauto,sim_projection_avgyield.json,crop.json,site.json,False,dwd_core_ensemble,dwd_core_ensemble/csvs_dwd_core_ensemble,CCCma-CanESM2,CLMcom-CCLM4-8-17,rcp85,r1i1p1,v1,2041-01-01,2041-12-31,False,False,True,True,True,False,False,True,False,True,False,False,False,,,0.98,100_220_390_120_330_140_25,prediction_runs,,crop_MS_2041_100_25832_etrs89-utm32n.asc,irrigation_SM_2040_100_25832_etrs89-utm32n.asc,,DroughtStressThreshold,0.5,1,
971,True,fixed,auto,SM_sfix_hauto,sim_projection_avgyield.json,crop.json,site.json,False,dwd_core_ensemble,dwd_core_ensemble/csvs_dwd_core_ensemble,ICHEC-EC-EARTH,CLMcom-CCLM4-8-17,rcp26,r12i1p1,v1,2041-01-01,2041-12-31,False,False,True,True,True,False,False,True,False,True,False,False,False,,,0.98,100_220_390_120_330_140_25,prediction_runs,,crop_MS_2041_100_25832_etrs89-utm32n.asc,irrigation_SM_2040_100_25832_etrs89-utm32n.asc,,DroughtStressThreshold,0.5,1,
972,True,fixed,auto,SM_sfix_hauto,sim_projection_avgyield.json,crop.json,site.json,False,dwd_core_ensemble,dwd_core_ensemble/csvs_dwd_core_ensemble,ICHEC-EC-EARTH,KNMI-RACMO22E,rcp26,r12i1p1,v1,2041-01-01,2041-12-31,False,False,True,True,True,False,False,True,False,True,False,False,False,,,0.98,100_220_390_120_330_140_25,prediction_runs,,crop_MS_2041_100_25832_etrs89-utm32n.asc,irrigation_SM_2040_100_25832_etrs89-utm32n.asc,,DroughtStressThreshold,0.5,1,
973,True,fixed,auto,SM_sfix_hauto,sim_projection_avgyield.json,crop.json,site.json,False,dwd_core_ensemble,dwd_core_ensemble/csvs_dwd_core_ensemble,ICHEC-EC-EARTH,KNMI-RACMO22E,rcp45,r1i1p1,v1,2041-01-01,2041-12-31,False,False,True,True,True,False,False,True,False,True,False,False,False,,,0.98,100_220_390_120_330_140_25,prediction_runs,,crop_MS_2041_100_25832_etrs89-utm32n.asc,irrigation_SM_2040_100_25832_etrs89-utm32n.asc,,DroughtStressThreshold,0.5,1,
974,True,fixed,auto,SM_sfix_hauto,sim_projection_avgyield.json,crop.json,site.json,False,dwd_core_ensemble,dwd_core_ensemble/csvs_dwd_core_ensemble,ICHEC-EC-EARTH,KNMI-RACMO22E,rcp45,r12i1p1,v1,2041-01-01,2041-12-31,False,False,True,True,True,False,False,True,False,True,False,False,False,,,0.98,100_220_390_120_330_140_25,prediction_runs,,crop_MS_2041_100_25832_etrs89-utm32n.asc,irrigation_SM_2040_100_25832_etrs89-utm32n.asc,,DroughtStressThreshold,0.5,1,
975,True,fixed,auto,SM_sfix_hauto,sim_projection_avgyield.json,crop.json,site.json,False,dwd_core_ensemble,dwd_core_ensemble/csvs_dwd_core_ensemble,ICHEC-EC-EARTH,KNMI-RACMO22E,rcp85,r1i1p1,v1,2041-01-01,2041-12-31,False,False,True,True,True,False,False,True,False,True,False,False,False,,,0.98,100_220_390_120_330_140_25,prediction_runs,,crop_MS_2041_100_25832_etrs89-utm32n.asc,irrigation_SM_2040_100_25832_etrs89-utm32n.asc,,DroughtStressThreshold,0.5,1,
976,True,fixed,auto,SM_sfix_hauto,sim_projection_avgyield.json,crop.json,site.json,False,dwd_core_ensemble,dwd_core_ensemble/csvs_dwd_core_ensemble,ICHEC-EC-EARTH,SMHI-RCA4,rcp45,r12i1p1,v1,2041-01-01,2041-12-31,False,False,True,True,True,False,False,True,False,True,False,False,False,,,0.98,100_220_390_120_330_140_25,prediction_runs,,crop_MS_2041_100_25832_etrs89-utm32n.asc,irrigation_SM_2040_100_25832_etrs89-utm32n.asc,,DroughtStressThreshold,0.5,1,
977,True,fixed,auto,SM_sfix_hauto,sim_projection_avgyield.json,crop.json,site.json,False,dwd_core_ensemble,dwd_core_ensemble/csvs_dwd_core_ensemble,MIROC-MIROC5,CLMcom-CCLM4-8-17,rcp26,r1i1p1,v1,2041-01-01,2041-12-31,False,False,True,True,True,False,False,True,False,True,False,False,False,,,0.98,100_220_390_120_330_140_25,prediction_runs,,crop_MS_2041_100_25832_etrs89-utm32n.asc,irrigation_SM_2040_100_25832_etrs89-utm32n.asc,,DroughtStressThreshold,0.5,1,
978,True,fixed,auto,SM_sfix_hauto,sim_projection_avgyield.json,crop.json,site.json,False,dwd_core_ensemble,dwd_core_ensemble/csvs_dwd_core_ensemble,MIROC-MIROC5,GERICS-REMO2015,rcp85,r1i1p1,v1,2041-01-01,2041-12-31,False,False,True,True,True,False,False,True,False,True,False,False,False,,,0.98,100_220_390_120_330_140_25,prediction_runs,,crop_MS_2041_100_25832_etrs89-utm32n.asc,irrigation_SM_2040_100_25832_etrs89-utm32n.asc,,DroughtStressThreshold,0.5,1,
979,True,fixed,auto,SM_sfix_hauto,sim_projection_avgyield.json,crop.json,site.json,False,dwd_core_ensemble,dwd_core_ensemble/csvs_dwd_core_ensemble,MOHC-HadGEM2-ES,CLMcom-CCLM4-8-17,rcp45,r1i1p1,v1,2041-01-01,2041-12-31,False,False,True,True,True,False,False,True,False,True,False,False,False,,,0.98,100_220_390_120_330_140_25,prediction_runs,,crop_MS_2041_100_25832_etrs89-utm32n.asc,irrigation_SM_2040_100_25832_etrs89-utm32n.asc,,DroughtStressThreshold,0.5,1,
980,True,fixed,auto,SM_sfix_hauto,sim_projection_avgyield.json,crop.json,site.json,False,dwd_core_ensemble,dwd_core_ensemble/csvs_dwd_core_ensemble,MOHC-HadGEM2-ES,CLMcom-CCLM4-8-17,rcp85,r1i1p1,v1,2041-01-01,2041-12-31,False,False,True,True,True,False,False,True,False,True,False,False,False,,,0.98,100_220_390_120_330_140_25,prediction_runs,,crop_MS_2041_100_25832_etrs89-utm32n.asc,irrigation_SM_2040_100_25832_etrs89-utm32n.asc,,DroughtStressThreshold,0.5,1,
981,True,fixed,auto,SM_sfix_hauto,sim_projection_avgyield.json,crop.json,site.json,False,dwd_core_ensemble,dwd_core_ensemble/csvs_dwd_core_ensemble,MOHC-HadGEM2-ES,KNMI-RACMO22E,rcp26,r1i1p1,v2,2041-01-01,2041-12-31,False,False,True,True,True,False,False,True,False,True,False,False,False,,,0.98,100_220_390_120_330_140_25,prediction_runs,,crop_MS_2041_100_25832_etrs89-utm32n.asc,irrigation_SM_2040_100_25832_etrs89-utm32n.asc,,DroughtStressThreshold,0.5,1,
982,True,fixed,auto,SM_sfix_hauto,sim_projection_avgyield.json,crop.json,site.json,False,dwd_core_ensemble,dwd_core_ensemble/csvs_dwd_core_ensemble,MPI-M-MPI-ESM-LR,MPI-CSC-REMO2009,rcp26,r2i1p1,v1,2041-01-01,2041-12-31,False,False,True,True,True,False,False,True,False,True,False,False,False,,,0.98,100_220_390_120_330_140_25,prediction_runs,,crop_MS_2041_100_25832_etrs89-utm32n.asc,irrigation_SM_2040_100_25832_etrs89-utm32n.asc,,DroughtStressThreshold,0.5,1,
983,True,fixed,auto,SM_sfix_hauto,sim_projection_avgyield.json,crop.json,site.json,False,dwd_core_ensemble,dwd_core_ensemble/csvs_dwd_core_ensemble,MPI-M-MPI-ESM-LR,MPI-CSC-REMO2009,rcp45,r1i1p1,v1,2041-01-01,2041-12-31,False,False,True,True,True,False,False,True,False,True,False,False,False,,,0.98,100_220_390_120_330_140_25,prediction_runs,,crop_MS_2041_100_25832_etrs89-utm32n.asc,irrigation_SM_2040_100_25832_etrs89-utm32n.asc,,DroughtStressThreshold,0.5,1,
984,True,fixed,auto,SM_sfix_hauto,sim_projection_avgyield.json,crop.json,site.json,False,dwd_core_ensemble,dwd_core_ensemble/csvs_dwd_core_ensemble,MPI-M-MPI-ESM-LR,MPI-CSC-REMO2009,rcp45,r2i1p1,v1,2041-01-01,2041-12-31,False,False,True,True,True,False,False,True,False,True,False,False,False,,,0.98,100_220_390_120_330_140_25,prediction_runs,,crop_MS_2041_100_25832_etrs89-utm32n.asc,irrigation_SM_2040_100_25832_etrs89-utm32n.asc,,DroughtStressThreshold,0.5,1,
985,True,fixed,auto,SM_sfix_hauto,sim_projection_avgyield.json,crop.json,site.json,False,dwd_core_ensemble,dwd_core_ensemble/csvs_dwd_core_ensemble,MPI-M-MPI-ESM-LR,MPI-CSC-REMO2009,rcp85,r2i1p1,v1,2041-01-01,2041-12-31,False,False,True,True,True,False,False,True,False,True,False,False,False,,,0.98,100_220_390_120_330_140_25,prediction_runs,,crop_MS_2041_100_25832_etrs89-utm32n.asc,irrigation_SM_2040_100_25832_etrs89-utm32n.asc,,DroughtStressThreshold,0.5,1,
986,True,fixed,auto,SM_sfix_hauto,sim_projection_avgyield.json,crop.json,site.json,False,dwd_core_ensemble,dwd_core_ensemble/csvs_dwd_core_ensemble,MPI-M-MPI-ESM-LR,UHOH-WRF361H,rcp85,r1i1p1,v1,2041-01-01,2041-12-31,False,False,True,True,True,False,False,True,False,True,False,False,False,,,0.98,100_220_390_120_330_140_25,prediction_runs,,crop_MS_2041_100_25832_etrs89-utm32n.asc,irrigation_SM_2040_100_25832_etrs89-utm32n.asc,,DroughtStressThreshold,0.5,1,
987,True,fixed,auto,SM_sfix_hauto,sim_projection_avgyield.json,crop.json,site.json,False,dwd_core_ensemble,dwd_core_ensemble/csvs_dwd_core_ensemble,CCCma-CanESM2,CLMcom-CCLM4-8-17,rcp85,r1i1p1,v1,2042-01-01,2042-12-31,False,False,True,True,True,False,False,True,False,True,False,False,False,,,0.98,100_220_390_120_330_140_25,prediction_runs,,crop_MS_2042_100_25832_etrs89-utm32n.asc,irrigation_SM_2040_100_25832_etrs89-utm32n.asc,,DroughtStressThreshold,0.5,1,
988,True,fixed,auto,SM_sfix_hauto,sim_projection_avgyield.json,crop.json,site.json,False,dwd_core_ensemble,dwd_core_ensemble/csvs_dwd_core_ensemble,ICHEC-EC-EARTH,CLMcom-CCLM4-8-17,rcp26,r12i1p1,v1,2042-01-01,2042-12-31,False,False,True,True,True,False,False,True,False,True,False,False,False,,,0.98,100_220_390_120_330_140_25,prediction_runs,,crop_MS_2042_100_25832_etrs89-utm32n.asc,irrigation_SM_2040_100_25832_etrs89-utm32n.asc,,DroughtStressThreshold,0.5,1,
989,True,fixed,auto,SM_sfix_hauto,sim_projection_avgyield.json,crop.json,site.json,False,dwd_core_ensemble,dwd_core_ensemble/csvs_dwd_core_ensemble,ICHEC-EC-EARTH,KNMI-RACMO22E,rcp26,r12i1p1,v1,2042-01-01,2042-12-31,False,False,True,True,True,False,False,True,False,True,False,False,False,,,0.98,100_220_390_120_330_140_25,prediction_runs,,crop_MS_2042_100_25832_etrs89-utm32n.asc,irrigation_SM_2040_100_25832_etrs89-utm32n.asc,,DroughtStressThreshold,0.5,1,
990,True,fixed,auto,SM_sfix_hauto,sim_projection_avgyield.json,crop.json,site.json,False,dwd_core_ensemble,dwd_core_ensemble/csvs_dwd_core_ensemble,ICHEC-EC-EARTH,KNMI-RACMO22E,rcp45,r1i1p1,v1,2042-01-01,2042-12-31,False,False,True,True,True,False,False,True,False,True,False,False,False,,,0.98,100_220_390_120_330_140_25,prediction_runs,,crop_MS_2042_100_25832_etrs89-utm32n.asc,irrigation_SM_2040_100_25832_etrs89-utm32n.asc,,DroughtStressThreshold,0.5,1,
991,True,fixed,auto,SM_sfix_hauto,sim_projection_avgyield.json,crop.json,site.json,False,dwd_core_ensemble,dwd_core_ensemble/csvs_dwd_core_ensemble,ICHEC-EC-EARTH,KNMI-RACMO22E,rcp45,r12i1p1,v1,2042-01-01,2042-12-31,False,False,True,True,True,False,False,True,False,True,False,False,False,,,0.98,100_220_390_120_330_140_25,prediction_runs,,crop_MS_2042_100_25832_etrs89-utm32n.asc,irrigation_SM_2040_100_25832_etrs89-utm32n.asc,,DroughtStressThreshold,0.5,1,
992,True,fixed,auto,SM_sfix_hauto,sim_projection_avgyield.json,crop.json,site.json,False,dwd_core_ensemble,dwd_core_ensemble/csvs_dwd_core_ensemble,ICHEC-EC-EARTH,KNMI-RACMO22E,rcp85,r1i1p1,v1,2042-01-01,2042-12-31,False,False,True,True,True,False,False,True,False,True,False,False,False,,,0.98,100_220_390_120_330_140_25,prediction_runs,,crop_MS_2042_100_25832_etrs89-utm32n.asc,irrigation_SM_2040_100_25832_etrs89-utm32n.asc,,DroughtStressThreshold,0.5,1,
993,True,fixed,auto,SM_sfix_hauto,sim_projection_avgyield.json,crop.json,site.json,False,dwd_core_ensemble,dwd_core_ensemble/csvs_dwd_core_ensemble,ICHEC-EC-EARTH,SMHI-RCA4,rcp45,r12i1p1,v1,2042-01-01,2042-12-31,False,False,True,True,True,False,False,True,False,True,False,False,False,,,0.98,100_220_390_120_330_140_25,prediction_runs,,crop_MS_2042_100_25832_etrs89-utm32n.asc,irrigation_SM_2040_100_25832_etrs89-utm32n.asc,,DroughtStressThreshold,0.5,1,
994,True,fixed,auto,SM_sfix_hauto,sim_projection_avgyield.json,crop.json,site.json,False,dwd_core_ensemble,dwd_core_ensemble/csvs_dwd_core_ensemble,MIROC-MIROC5,CLMcom-CCLM4-8-17,rcp26,r1i1p1,v1,2042-01-01,2042-12-31,False,False,True,True,True,False,False,True,False,True,False,False,False,,,0.98,100_220_390_120_330_140_25,prediction_runs,,crop_MS_2042_100_25832_etrs89-utm32n.asc,irrigation_SM_2040_100_25832_etrs89-utm32n.asc,,DroughtStressThreshold,0.5,1,
995,True,fixed,auto,SM_sfix_hauto,sim_projection_avgyield.json,crop.json,site.json,False,dwd_core_ensemble,dwd_core_ensemble/csvs_dwd_core_ensemble,MIROC-MIROC5,GERICS-REMO2015,rcp85,r1i1p1,v1,2042-01-01,2042-12-31,False,False,True,True,True,False,False,True,False,True,False,False,False,,,0.98,100_220_390_120_330_140_25,prediction_runs,,crop_MS_2042_100_25832_etrs89-utm32n.asc,irrigation_SM_2040_100_25832_etrs89-utm32n.asc,,DroughtStressThreshold,0.5,1,
996,True,fixed,auto,SM_sfix_hauto,sim_projection_avgyield.json,crop.json,site.json,False,dwd_core_ensemble,dwd_core_ensemble/csvs_dwd_core_ensemble,MOHC-HadGEM2-ES,CLMcom-CCLM4-8-17,rcp45,r1i1p1,v1,2042-01-01,2042-12-31,False,False,True,True,True,False,False,True,False,True,False,False,False,,,0.98,100_220_390_120_330_140_25,prediction_runs,,crop_MS_2042_100_25832_etrs89-utm32n.asc,irrigation_SM_2040_100_25832_etrs89-utm32n.asc,,DroughtStressThreshold,0.5,1,
997,True,fixed,auto,SM_sfix_hauto,sim_projection_avgyield.json,crop.json,site.json,False,dwd_core_ensemble,dwd_core_ensemble/csvs_dwd_core_ensemble,MOHC-HadGEM2-ES,CLMcom-CCLM4-8-17,rcp85,r1i1p1,v1,2042-01-01,2042-12-31,False,False,True,True,True,False,False,True,False,True,False,False,False,,,0.98,100_220_390_120_330_140_25,prediction_runs,,crop_MS_2042_100_25832_etrs89-utm32n.asc,irrigation_SM_2040_100_25832_etrs89-utm32n.asc,,DroughtStressThreshold,0.5,1,
998,True,fixed,auto,SM_sfix_hauto,sim_projection_avgyield.json,crop.json,site.json,False,dwd_core_ensemble,dwd_core_ensemble/csvs_dwd_core_ensemble,MOHC-HadGEM2-ES,KNMI-RACMO22E,rcp26,r1i1p1,v2,2042-01-01,2042-12-31,False,False,True,True,True,False,False,True,False,True,False,False,False,,,0.98,100_220_390_120_330_140_25,prediction_runs,,crop_MS_2042_100_25832_etrs89-utm32n.asc,irrigation_SM_2040_100_25832_etrs89-utm32n.asc,,DroughtStressThreshold,0.5,1,
999,True,fixed,auto,SM_sfix_hauto,sim_projection_avgyield.json,crop.json,site.json,False,dwd_core_ensemble,dwd_core_ensemble/csvs_dwd_core_ensemble,MPI-M-MPI-ESM-LR,MPI-CSC-REMO2009,rcp26,r2i1p1,v1,2042-01-01,2042-12-31,False,False,True,True,True,False,False,True,False,True,False,False,False,,,0.98,100_220_390_120_330_140_25,prediction_runs,,crop_MS_2042_100_25832_etrs89-utm32n.asc,irrigation_SM_2040_100_25832_etrs89-utm32n.asc,,DroughtStressThreshold,0.5,1,
1000,True,fixed,auto,SM_sfix_hauto,sim_projection_avgyield.json,crop.json,site.json,False,dwd_core_ensemble,dwd_core_ensemble/csvs_dwd_core_ensemble,MPI-M-MPI-ESM-LR,MPI-CSC-REMO2009,rcp45,r1i1p1,v1,2042-01-01,2042-12-31,False,False,True,True,True,False,False,True,False,True,False,False,False,,,0.98,100_220_390_120_330_140_25,prediction_runs,,crop_MS_2042_100_25832_etrs89-utm32n.asc,irrigation_SM_2040_100_25832_etrs89-utm32n.asc,,DroughtStressThreshold,0.5,1,
1001,True,fixed,auto,SM_sfix_hauto,sim_projection_avgyield.json,crop.json,site.json,False,dwd_core_ensemble,dwd_core_ensemble/csvs_dwd_core_ensemble,MPI-M-MPI-ESM-LR,MPI-CSC-REMO2009,rcp45,r2i1p1,v1,2042-01-01,2042-12-31,False,False,True,True,True,False,False,True,False,True,False,False,False,,,0.98,100_220_390_120_330_140_25,prediction_runs,,crop_MS_2042_100_25832_etrs89-utm32n.asc,irrigation_SM_2040_100_25832_etrs89-utm32n.asc,,DroughtStressThreshold,0.5,1,
1002,True,fixed,auto,SM_sfix_hauto,sim_projection_avgyield.json,crop.json,site.json,False,dwd_core_ensemble,dwd_core_ensemble/csvs_dwd_core_ensemble,MPI-M-MPI-ESM-LR,MPI-CSC-REMO2009,rcp85,r2i1p1,v1,2042-01-01,2042-12-31,False,False,True,True,True,False,False,True,False,True,False,False,False,,,0.98,100_220_390_120_330_140_25,prediction_runs,,crop_MS_2042_100_25832_etrs89-utm32n.asc,irrigation_SM_2040_100_25832_etrs89-utm32n.asc,,DroughtStressThreshold,0.5,1,
1003,True,fixed,auto,SM_sfix_hauto,sim_projection_avgyield.json,crop.json,site.json,False,dwd_core_ensemble,dwd_core_ensemble/csvs_dwd_core_ensemble,MPI-M-MPI-ESM-LR,UHOH-WRF361H,rcp85,r1i1p1,v1,2042-01-01,2042-12-31,False,False,True,True,True,False,False,True,False,True,False,False,False,,,0.98,100_220_390_120_330_140_25,prediction_runs,,crop_MS_2042_100_25832_etrs89-utm32n.asc,irrigation_SM_2040_100_25832_etrs89-utm32n.asc,,DroughtStressThreshold,0.5,1,
1004,True,fixed,auto,SM_sfix_hauto,sim_projection_avgyield.json,crop.json,site.json,False,dwd_core_ensemble,dwd_core_ensemble/csvs_dwd_core_ensemble,CCCma-CanESM2,CLMcom-CCLM4-8-17,rcp85,r1i1p1,v1,2043-01-01,2043-12-31,False,False,True,True,True,False,False,True,False,True,False,False,False,,,0.98,100_220_390_120_330_140_25,prediction_runs,,crop_MS_2043_100_25832_etrs89-utm32n.asc,irrigation_SM_2040_100_25832_etrs89-utm32n.asc,,DroughtStressThreshold,0.5,1,
1005,True,fixed,auto,SM_sfix_hauto,sim_projection_avgyield.json,crop.json,site.json,False,dwd_core_ensemble,dwd_core_ensemble/csvs_dwd_core_ensemble,ICHEC-EC-EARTH,CLMcom-CCLM4-8-17,rcp26,r12i1p1,v1,2043-01-01,2043-12-31,False,False,True,True,True,False,False,True,False,True,False,False,False,,,0.98,100_220_390_120_330_140_25,prediction_runs,,crop_MS_2043_100_25832_etrs89-utm32n.asc,irrigation_SM_2040_100_25832_etrs89-utm32n.asc,,DroughtStressThreshold,0.5,1,
1006,True,fixed,auto,SM_sfix_hauto,sim_projection_avgyield.json,crop.json,site.json,False,dwd_core_ensemble,dwd_core_ensemble/csvs_dwd_core_ensemble,ICHEC-EC-EARTH,KNMI-RACMO22E,rcp26,r12i1p1,v1,2043-01-01,2043-12-31,False,False,True,True,True,False,False,True,False,True,False,False,False,,,0.98,100_220_390_120_330_140_25,prediction_runs,,crop_MS_2043_100_25832_etrs89-utm32n.asc,irrigation_SM_2040_100_25832_etrs89-utm32n.asc,,DroughtStressThreshold,0.5,1,
1007,True,fixed,auto,SM_sfix_hauto,sim_projection_avgyield.json,crop.json,site.json,False,dwd_core_ensemble,dwd_core_ensemble/csvs_dwd_core_ensemble,ICHEC-EC-EARTH,KNMI-RACMO22E,rcp45,r1i1p1,v1,2043-01-01,2043-12-31,False,False,True,True,True,False,False,True,False,True,False,False,False,,,0.98,100_220_390_120_330_140_25,prediction_runs,,crop_MS_2043_100_25832_etrs89-utm32n.asc,irrigation_SM_2040_100_25832_etrs89-utm32n.asc,,DroughtStressThreshold,0.5,1,
1008,True,fixed,auto,SM_sfix_hauto,sim_projection_avgyield.json,crop.json,site.json,False,dwd_core_ensemble,dwd_core_ensemble/csvs_dwd_core_ensemble,ICHEC-EC-EARTH,KNMI-RACMO22E,rcp45,r12i1p1,v1,2043-01-01,2043-12-31,False,False,True,True,True,False,False,True,False,True,False,False,False,,,0.98,100_220_390_120_330_140_25,prediction_runs,,crop_MS_2043_100_25832_etrs89-utm32n.asc,irrigation_SM_2040_100_25832_etrs89-utm32n.asc,,DroughtStressThreshold,0.5,1,
1009,True,fixed,auto,SM_sfix_hauto,sim_projection_avgyield.json,crop.json,site.json,False,dwd_core_ensemble,dwd_core_ensemble/csvs_dwd_core_ensemble,ICHEC-EC-EARTH,KNMI-RACMO22E,rcp85,r1i1p1,v1,2043-01-01,2043-12-31,False,False,True,True,True,False,False,True,False,True,False,False,False,,,0.98,100_220_390_120_330_140_25,prediction_runs,,crop_MS_2043_100_25832_etrs89-utm32n.asc,irrigation_SM_2040_100_25832_etrs89-utm32n.asc,,DroughtStressThreshold,0.5,1,
1010,True,fixed,auto,SM_sfix_hauto,sim_projection_avgyield.json,crop.json,site.json,False,dwd_core_ensemble,dwd_core_ensemble/csvs_dwd_core_ensemble,ICHEC-EC-EARTH,SMHI-RCA4,rcp45,r12i1p1,v1,2043-01-01,2043-12-31,False,False,True,True,True,False,False,True,False,True,False,False,False,,,0.98,100_220_390_120_330_140_25,prediction_runs,,crop_MS_2043_100_25832_etrs89-utm32n.asc,irrigation_SM_2040_100_25832_etrs89-utm32n.asc,,DroughtStressThreshold,0.5,1,
1011,True,fixed,auto,SM_sfix_hauto,sim_projection_avgyield.json,crop.json,site.json,False,dwd_core_ensemble,dwd_core_ensemble/csvs_dwd_core_ensemble,MIROC-MIROC5,CLMcom-CCLM4-8-17,rcp26,r1i1p1,v1,2043-01-01,2043-12-31,False,False,True,True,True,False,False,True,False,True,False,False,False,,,0.98,100_220_390_120_330_140_25,prediction_runs,,crop_MS_2043_100_25832_etrs89-utm32n.asc,irrigation_SM_2040_100_25832_etrs89-utm32n.asc,,DroughtStressThreshold,0.5,1,
1012,True,fixed,auto,SM_sfix_hauto,sim_projection_avgyield.json,crop.json,site.json,False,dwd_core_ensemble,dwd_core_ensemble/csvs_dwd_core_ensemble,MIROC-MIROC5,GERICS-REMO2015,rcp85,r1i1p1,v1,2043-01-01,2043-12-31,False,False,True,True,True,False,False,True,False,True,False,False,False,,,0.98,100_220_390_120_330_140_25,prediction_runs,,crop_MS_2043_100_25832_etrs89-utm32n.asc,irrigation_SM_2040_100_25832_etrs89-utm32n.asc,,DroughtStressThreshold,0.5,1,
1013,True,fixed,auto,SM_sfix_hauto,sim_projection_avgyield.json,crop.json,site.json,False,dwd_core_ensemble,dwd_core_ensemble/csvs_dwd_core_ensemble,MOHC-HadGEM2-ES,CLMcom-CCLM4-8-17,rcp45,r1i1p1,v1,2043-01-01,2043-12-31,False,False,True,True,True,False,False,True,False,True,False,False,False,,,0.98,100_220_390_120_330_140_25,prediction_runs,,crop_MS_2043_100_25832_etrs89-utm32n.asc,irrigation_SM_2040_100_25832_etrs89-utm32n.asc,,DroughtStressThreshold,0.5,1,
1014,True,fixed,auto,SM_sfix_hauto,sim_projection_avgyield.json,crop.json,site.json,False,dwd_core_ensemble,dwd_core_ensemble/csvs_dwd_core_ensemble,MOHC-HadGEM2-ES,CLMcom-CCLM4-8-17,rcp85,r1i1p1,v1,2043-01-01,2043-12-31,False,False,True,True,True,False,False,True,False,True,False,False,False,,,0.98,100_220_390_120_330_140_25,prediction_runs,,crop_MS_2043_100_25832_etrs89-utm32n.asc,irrigation_SM_2040_100_25832_etrs89-utm32n.asc,,DroughtStressThreshold,0.5,1,
1015,True,fixed,auto,SM_sfix_hauto,sim_projection_avgyield.json,crop.json,site.json,False,dwd_core_ensemble,dwd_core_ensemble/csvs_dwd_core_ensemble,MOHC-HadGEM2-ES,KNMI-RACMO22E,rcp26,r1i1p1,v2,2043-01-01,2043-12-31,False,False,True,True,True,False,False,True,False,True,False,False,False,,,0.98,100_220_390_120_330_140_25,prediction_runs,,crop_MS_2043_100_25832_etrs89-utm32n.asc,irrigation_SM_2040_100_25832_etrs89-utm32n.asc,,DroughtStressThreshold,0.5,1,
1016,True,fixed,auto,SM_sfix_hauto,sim_projection_avgyield.json,crop.json,site.json,False,dwd_core_ensemble,dwd_core_ensemble/csvs_dwd_core_ensemble,MPI-M-MPI-ESM-LR,MPI-CSC-REMO2009,rcp26,r2i1p1,v1,2043-01-01,2043-12-31,False,False,True,True,True,False,False,True,False,True,False,False,False,,,0.98,100_220_390_120_330_140_25,prediction_runs,,crop_MS_2043_100_25832_etrs89-utm32n.asc,irrigation_SM_2040_100_25832_etrs89-utm32n.asc,,DroughtStressThreshold,0.5,1,
1017,True,fixed,auto,SM_sfix_hauto,sim_projection_avgyield.json,crop.json,site.json,False,dwd_core_ensemble,dwd_core_ensemble/csvs_dwd_core_ensemble,MPI-M-MPI-ESM-LR,MPI-CSC-REMO2009,rcp45,r1i1p1,v1,2043-01-01,2043-12-31,False,False,True,True,True,False,False,True,False,True,False,False,False,,,0.98,100_220_390_120_330_140_25,prediction_runs,,crop_MS_2043_100_25832_etrs89-utm32n.asc,irrigation_SM_2040_100_25832_etrs89-utm32n.asc,,DroughtStressThreshold,0.5,1,
1018,True,fixed,auto,SM_sfix_hauto,sim_projection_avgyield.json,crop.json,site.json,False,dwd_core_ensemble,dwd_core_ensemble/csvs_dwd_core_ensemble,MPI-M-MPI-ESM-LR,MPI-CSC-REMO2009,rcp45,r2i1p1,v1,2043-01-01,2043-12-31,False,False,True,True,True,False,False,True,False,True,False,False,False,,,0.98,100_220_390_120_330_140_25,prediction_runs,,crop_MS_2043_100_25832_etrs89-utm32n.asc,irrigation_SM_2040_100_25832_etrs89-utm32n.asc,,DroughtStressThreshold,0.5,1,
1019,True,fixed,auto,SM_sfix_hauto,sim_projection_avgyield.json,crop.json,site.json,False,dwd_core_ensemble,dwd_core_ensemble/csvs_dwd_core_ensemble,MPI-M-MPI-ESM-LR,MPI-CSC-REMO2009,rcp85,r2i1p1,v1,2043-01-01,2043-12-31,False,False,True,True,True,False,False,True,False,True,False,False,False,,,0.98,100_220_390_120_330_140_25,prediction_runs,,crop_MS_2043_100_25832_etrs89-utm32n.asc,irrigation_SM_2040_100_25832_etrs89-utm32n.asc,,DroughtStressThreshold,0.5,1,
1020,True,fixed,auto,SM_sfix_hauto,sim_projection_avgyield.json,crop.json,site.json,False,dwd_core_ensemble,dwd_core_ensemble/csvs_dwd_core_ensemble,MPI-M-MPI-ESM-LR,UHOH-WRF361H,rcp85,r1i1p1,v1,2043-01-01,2043-12-31,False,False,True,True,True,False,False,True,False,True,False,False,False,,,0.98,100_220_390_120_330_140_25,prediction_runs,,crop_MS_2043_100_25832_etrs89-utm32n.asc,irrigation_SM_2040_100_25832_etrs89-utm32n.asc,,DroughtStressThreshold,0.5,1,
1021,True,fixed,auto,SM_sfix_hauto,sim_projection_avgyield.json,crop.json,site.json,False,dwd_core_ensemble,dwd_core_ensemble/csvs_dwd_core_ensemble,CCCma-CanESM2,CLMcom-CCLM4-8-17,rcp85,r1i1p1,v1,2044-01-01,2044-12-31,False,False,True,True,True,False,False,True,False,True,False,False,False,,,0.98,100_220_390_120_330_140_25,prediction_runs,,crop_MS_2044_100_25832_etrs89-utm32n.asc,irrigation_SM_2040_100_25832_etrs89-utm32n.asc,,DroughtStressThreshold,0.5,1,
1022,True,fixed,auto,SM_sfix_hauto,sim_projection_avgyield.json,crop.json,site.json,False,dwd_core_ensemble,dwd_core_ensemble/csvs_dwd_core_ensemble,ICHEC-EC-EARTH,CLMcom-CCLM4-8-17,rcp26,r12i1p1,v1,2044-01-01,2044-12-31,False,False,True,True,True,False,False,True,False,True,False,False,False,,,0.98,100_220_390_120_330_140_25,prediction_runs,,crop_MS_2044_100_25832_etrs89-utm32n.asc,irrigation_SM_2040_100_25832_etrs89-utm32n.asc,,DroughtStressThreshold,0.5,1,
1023,True,fixed,auto,SM_sfix_hauto,sim_projection_avgyield.json,crop.json,site.json,False,dwd_core_ensemble,dwd_core_ensemble/csvs_dwd_core_ensemble,ICHEC-EC-EARTH,KNMI-RACMO22E,rcp26,r12i1p1,v1,2044-01-01,2044-12-31,False,False,True,True,True,False,False,True,False,True,False,False,False,,,0.98,100_220_390_120_330_140_25,prediction_runs,,crop_MS_2044_100_25832_etrs89-utm32n.asc,irrigation_SM_2040_100_25832_etrs89-utm32n.asc,,DroughtStressThreshold,0.5,1,
1024,True,fixed,auto,SM_sfix_hauto,sim_projection_avgyield.json,crop.json,site.json,False,dwd_core_ensemble,dwd_core_ensemble/csvs_dwd_core_ensemble,ICHEC-EC-EARTH,KNMI-RACMO22E,rcp45,r1i1p1,v1,2044-01-01,2044-12-31,False,False,True,True,True,False,False,True,False,True,False,False,False,,,0.98,100_220_390_120_330_140_25,prediction_runs,,crop_MS_2044_100_25832_etrs89-utm32n.asc,irrigation_SM_2040_100_25832_etrs89-utm32n.asc,,DroughtStressThreshold,0.5,1,
1025,True,fixed,auto,SM_sfix_hauto,sim_projection_avgyield.json,crop.json,site.json,False,dwd_core_ensemble,dwd_core_ensemble/csvs_dwd_core_ensemble,ICHEC-EC-EARTH,KNMI-RACMO22E,rcp45,r12i1p1,v1,2044-01-01,2044-12-31,False,False,True,True,True,False,False,True,False,True,False,False,False,,,0.98,100_220_390_120_330_140_25,prediction_runs,,crop_MS_2044_100_25832_etrs89-utm32n.asc,irrigation_SM_2040_100_25832_etrs89-utm32n.asc,,DroughtStressThreshold,0.5,1,
1026,True,fixed,auto,SM_sfix_hauto,sim_projection_avgyield.json,crop.json,site.json,False,dwd_core_ensemble,dwd_core_ensemble/csvs_dwd_core_ensemble,ICHEC-EC-EARTH,KNMI-RACMO22E,rcp85,r1i1p1,v1,2044-01-01,2044-12-31,False,False,True,True,True,False,False,True,False,True,False,False,False,,,0.98,100_220_390_120_330_140_25,prediction_runs,,crop_MS_2044_100_25832_etrs89-utm32n.asc,irrigation_SM_2040_100_25832_etrs89-utm32n.asc,,DroughtStressThreshold,0.5,1,
1027,True,fixed,auto,SM_sfix_hauto,sim_projection_avgyield.json,crop.json,site.json,False,dwd_core_ensemble,dwd_core_ensemble/csvs_dwd_core_ensemble,ICHEC-EC-EARTH,SMHI-RCA4,rcp45,r12i1p1,v1,2044-01-01,2044-12-31,False,False,True,True,True,False,False,True,False,True,False,False,False,,,0.98,100_220_390_120_330_140_25,prediction_runs,,crop_MS_2044_100_25832_etrs89-utm32n.asc,irrigation_SM_2040_100_25832_etrs89-utm32n.asc,,DroughtStressThreshold,0.5,1,
1028,True,fixed,auto,SM_sfix_hauto,sim_projection_avgyield.json,crop.json,site.json,False,dwd_core_ensemble,dwd_core_ensemble/csvs_dwd_core_ensemble,MIROC-MIROC5,CLMcom-CCLM4-8-17,rcp26,r1i1p1,v1,2044-01-01,2044-12-31,False,False,True,True,True,False,False,True,False,True,False,False,False,,,0.98,100_220_390_120_330_140_25,prediction_runs,,crop_MS_2044_100_25832_etrs89-utm32n.asc,irrigation_SM_2040_100_25832_etrs89-utm32n.asc,,DroughtStressThreshold,0.5,1,
1029,True,fixed,auto,SM_sfix_hauto,sim_projection_avgyield.json,crop.json,site.json,False,dwd_core_ensemble,dwd_core_ensemble/csvs_dwd_core_ensemble,MIROC-MIROC5,GERICS-REMO2015,rcp85,r1i1p1,v1,2044-01-01,2044-12-31,False,False,True,True,True,False,False,True,False,True,False,False,False,,,0.98,100_220_390_120_330_140_25,prediction_runs,,crop_MS_2044_100_25832_etrs89-utm32n.asc,irrigation_SM_2040_100_25832_etrs89-utm32n.asc,,DroughtStressThreshold,0.5,1,
1030,True,fixed,auto,SM_sfix_hauto,sim_projection_avgyield.json,crop.json,site.json,False,dwd_core_ensemble,dwd_core_ensemble/csvs_dwd_core_ensemble,MOHC-HadGEM2-ES,CLMcom-CCLM4-8-17,rcp45,r1i1p1,v1,2044-01-01,2044-12-31,False,False,True,True,True,False,False,True,False,True,False,False,False,,,0.98,100_220_390_120_330_140_25,prediction_runs,,crop_MS_2044_100_25832_etrs89-utm32n.asc,irrigation_SM_2040_100_25832_etrs89-utm32n.asc,,DroughtStressThreshold,0.5,1,
1031,True,fixed,auto,SM_sfix_hauto,sim_projection_avgyield.json,crop.json,site.json,False,dwd_core_ensemble,dwd_core_ensemble/csvs_dwd_core_ensemble,MOHC-HadGEM2-ES,CLMcom-CCLM4-8-17,rcp85,r1i1p1,v1,2044-01-01,2044-12-31,False,False,True,True,True,False,False,True,False,True,False,False,False,,,0.98,100_220_390_120_330_140_25,prediction_runs,,crop_MS_2044_100_25832_etrs89-utm32n.asc,irrigation_SM_2040_100_25832_etrs89-utm32n.asc,,DroughtStressThreshold,0.5,1,
1032,True,fixed,auto,SM_sfix_hauto,sim_projection_avgyield.json,crop.json,site.json,False,dwd_core_ensemble,dwd_core_ensemble/csvs_dwd_core_ensemble,MOHC-HadGEM2-ES,KNMI-RACMO22E,rcp26,r1i1p1,v2,2044-01-01,2044-12-31,False,False,True,True,True,False,False,True,False,True,False,False,False,,,0.98,100_220_390_120_330_140_25,prediction_runs,,crop_MS_2044_100_25832_etrs89-utm32n.asc,irrigation_SM_2040_100_25832_etrs89-utm32n.asc,,DroughtStressThreshold,0.5,1,
1033,True,fixed,auto,SM_sfix_hauto,sim_projection_avgyield.json,crop.json,site.json,False,dwd_core_ensemble,dwd_core_ensemble/csvs_dwd_core_ensemble,MPI-M-MPI-ESM-LR,MPI-CSC-REMO2009,rcp26,r2i1p1,v1,2044-01-01,2044-12-31,False,False,True,True,True,False,False,True,False,True,False,False,False,,,0.98,100_220_390_120_330_140_25,prediction_runs,,crop_MS_2044_100_25832_etrs89-utm32n.asc,irrigation_SM_2040_100_25832_etrs89-utm32n.asc,,DroughtStressThreshold,0.5,1,
1034,True,fixed,auto,SM_sfix_hauto,sim_projection_avgyield.json,crop.json,site.json,False,dwd_core_ensemble,dwd_core_ensemble/csvs_dwd_core_ensemble,MPI-M-MPI-ESM-LR,MPI-CSC-REMO2009,rcp45,r1i1p1,v1,2044-01-01,2044-12-31,False,False,True,True,True,False,False,True,False,True,False,False,False,,,0.98,100_220_390_120_330_140_25,prediction_runs,,crop_MS_2044_100_25832_etrs89-utm32n.asc,irrigation_SM_2040_100_25832_etrs89-utm32n.asc,,DroughtStressThreshold,0.5,1,
1035,True,fixed,auto,SM_sfix_hauto,sim_projection_avgyield.json,crop.json,site.json,False,dwd_core_ensemble,dwd_core_ensemble/csvs_dwd_core_ensemble,MPI-M-MPI-ESM-LR,MPI-CSC-REMO2009,rcp45,r2i1p1,v1,2044-01-01,2044-12-31,False,False,True,True,True,False,False,True,False,True,False,False,False,,,0.98,100_220_390_120_330_140_25,prediction_runs,,crop_MS_2044_100_25832_etrs89-utm32n.asc,irrigation_SM_2040_100_25832_etrs89-utm32n.asc,,DroughtStressThreshold,0.5,1,
1036,True,fixed,auto,SM_sfix_hauto,sim_projection_avgyield.json,crop.json,site.json,False,dwd_core_ensemble,dwd_core_ensemble/csvs_dwd_core_ensemble,MPI-M-MPI-ESM-LR,MPI-CSC-REMO2009,rcp85,r2i1p1,v1,2044-01-01,2044-12-31,False,False,True,True,True,False,False,True,False,True,False,False,False,,,0.98,100_220_390_120_330_140_25,prediction_runs,,crop_MS_2044_100_25832_etrs89-utm32n.asc,irrigation_SM_2040_100_25832_etrs89-utm32n.asc,,DroughtStressThreshold,0.5,1,
1037,True,fixed,auto,SM_sfix_hauto,sim_projection_avgyield.json,crop.json,site.json,False,dwd_core_ensemble,dwd_core_ensemble/csvs_dwd_core_ensemble,MPI-M-MPI-ESM-LR,UHOH-WRF361H,rcp85,r1i1p1,v1,2044-01-01,2044-12-31,False,False,True,True,True,False,False,True,False,True,False,False,False,,,0.98,100_220_390_120_330_140_25,prediction_runs,,crop_MS_2044_100_25832_etrs89-utm32n.asc,irrigation_SM_2040_100_25832_etrs89-utm32n.asc,,DroughtStressThreshold,0.5,1,
1038,True,fixed,auto,SM_sfix_hauto,sim_projection_avgyield.json,crop.json,site.json,False,dwd_core_ensemble,dwd_core_ensemble/csvs_dwd_core_ensemble,CCCma-CanESM2,CLMcom-CCLM4-8-17,rcp85,r1i1p1,v1,2045-01-01,2045-12-31,False,False,True,True,True,False,False,True,False,True,False,False,False,,,0.98,100_220_390_120_330_140_25,prediction_runs,,crop_MS_2045_100_25832_etrs89-utm32n.asc,irrigation_SM_2040_100_25832_etrs89-utm32n.asc,,DroughtStressThreshold,0.5,1,
1039,True,fixed,auto,SM_sfix_hauto,sim_projection_avgyield.json,crop.json,site.json,False,dwd_core_ensemble,dwd_core_ensemble/csvs_dwd_core_ensemble,ICHEC-EC-EARTH,CLMcom-CCLM4-8-17,rcp26,r12i1p1,v1,2045-01-01,2045-12-31,False,False,True,True,True,False,False,True,False,True,False,False,False,,,0.98,100_220_390_120_330_140_25,prediction_runs,,crop_MS_2045_100_25832_etrs89-utm32n.asc,irrigation_SM_2040_100_25832_etrs89-utm32n.asc,,DroughtStressThreshold,0.5,1,
1040,True,fixed,auto,SM_sfix_hauto,sim_projection_avgyield.json,crop.json,site.json,False,dwd_core_ensemble,dwd_core_ensemble/csvs_dwd_core_ensemble,ICHEC-EC-EARTH,KNMI-RACMO22E,rcp26,r12i1p1,v1,2045-01-01,2045-12-31,False,False,True,True,True,False,False,True,False,True,False,False,False,,,0.98,100_220_390_120_330_140_25,prediction_runs,,crop_MS_2045_100_25832_etrs89-utm32n.asc,irrigation_SM_2040_100_25832_etrs89-utm32n.asc,,DroughtStressThreshold,0.5,1,
1041,True,fixed,auto,SM_sfix_hauto,sim_projection_avgyield.json,crop.json,site.json,False,dwd_core_ensemble,dwd_core_ensemble/csvs_dwd_core_ensemble,ICHEC-EC-EARTH,KNMI-RACMO22E,rcp45,r1i1p1,v1,2045-01-01,2045-12-31,False,False,True,True,True,False,False,True,False,True,False,False,False,,,0.98,100_220_390_120_330_140_25,prediction_runs,,crop_MS_2045_100_25832_etrs89-utm32n.asc,irrigation_SM_2040_100_25832_etrs89-utm32n.asc,,DroughtStressThreshold,0.5,1,
1042,True,fixed,auto,SM_sfix_hauto,sim_projection_avgyield.json,crop.json,site.json,False,dwd_core_ensemble,dwd_core_ensemble/csvs_dwd_core_ensemble,ICHEC-EC-EARTH,KNMI-RACMO22E,rcp45,r12i1p1,v1,2045-01-01,2045-12-31,False,False,True,True,True,False,False,True,False,True,False,False,False,,,0.98,100_220_390_120_330_140_25,prediction_runs,,crop_MS_2045_100_25832_etrs89-utm32n.asc,irrigation_SM_2040_100_25832_etrs89-utm32n.asc,,DroughtStressThreshold,0.5,1,
1043,True,fixed,auto,SM_sfix_hauto,sim_projection_avgyield.json,crop.json,site.json,False,dwd_core_ensemble,dwd_core_ensemble/csvs_dwd_core_ensemble,ICHEC-EC-EARTH,KNMI-RACMO22E,rcp85,r1i1p1,v1,2045-01-01,2045-12-31,False,False,True,True,True,False,False,True,False,True,False,False,False,,,0.98,100_220_390_120_330_140_25,prediction_runs,,crop_MS_2045_100_25832_etrs89-utm32n.asc,irrigation_SM_2040_100_25832_etrs89-utm32n.asc,,DroughtStressThreshold,0.5,1,
1044,True,fixed,auto,SM_sfix_hauto,sim_projection_avgyield.json,crop.json,site.json,False,dwd_core_ensemble,dwd_core_ensemble/csvs_dwd_core_ensemble,ICHEC-EC-EARTH,SMHI-RCA4,rcp45,r12i1p1,v1,2045-01-01,2045-12-31,False,False,True,True,True,False,False,True,False,True,False,False,False,,,0.98,100_220_390_120_330_140_25,prediction_runs,,crop_MS_2045_100_25832_etrs89-utm32n.asc,irrigation_SM_2040_100_25832_etrs89-utm32n.asc,,DroughtStressThreshold,0.5,1,
1045,True,fixed,auto,SM_sfix_hauto,sim_projection_avgyield.json,crop.json,site.json,False,dwd_core_ensemble,dwd_core_ensemble/csvs_dwd_core_ensemble,MIROC-MIROC5,CLMcom-CCLM4-8-17,rcp26,r1i1p1,v1,2045-01-01,2045-12-31,False,False,True,True,True,False,False,True,False,True,False,False,False,,,0.98,100_220_390_120_330_140_25,prediction_runs,,crop_MS_2045_100_25832_etrs89-utm32n.asc,irrigation_SM_2040_100_25832_etrs89-utm32n.asc,,DroughtStressThreshold,0.5,1,
1046,True,fixed,auto,SM_sfix_hauto,sim_projection_avgyield.json,crop.json,site.json,False,dwd_core_ensemble,dwd_core_ensemble/csvs_dwd_core_ensemble,MIROC-MIROC5,GERICS-REMO2015,rcp85,r1i1p1,v1,2045-01-01,2045-12-31,False,False,True,True,True,False,False,True,False,True,False,False,False,,,0.98,100_220_390_120_330_140_25,prediction_runs,,crop_MS_2045_100_25832_etrs89-utm32n.asc,irrigation_SM_2040_100_25832_etrs89-utm32n.asc,,DroughtStressThreshold,0.5,1,
1047,True,fixed,auto,SM_sfix_hauto,sim_projection_avgyield.json,crop.json,site.json,False,dwd_core_ensemble,dwd_core_ensemble/csvs_dwd_core_ensemble,MOHC-HadGEM2-ES,CLMcom-CCLM4-8-17,rcp45,r1i1p1,v1,2045-01-01,2045-12-31,False,False,True,True,True,False,False,True,False,True,False,False,False,,,0.98,100_220_390_120_330_140_25,prediction_runs,,crop_MS_2045_100_25832_etrs89-utm32n.asc,irrigation_SM_2040_100_25832_etrs89-utm32n.asc,,DroughtStressThreshold,0.5,1,
1048,True,fixed,auto,SM_sfix_hauto,sim_projection_avgyield.json,crop.json,site.json,False,dwd_core_ensemble,dwd_core_ensemble/csvs_dwd_core_ensemble,MOHC-HadGEM2-ES,CLMcom-CCLM4-8-17,rcp85,r1i1p1,v1,2045-01-01,2045-12-31,False,False,True,True,True,False,False,True,False,True,False,False,False,,,0.98,100_220_390_120_330_140_25,prediction_runs,,crop_MS_2045_100_25832_etrs89-utm32n.asc,irrigation_SM_2040_100_25832_etrs89-utm32n.asc,,DroughtStressThreshold,0.5,1,
1049,True,fixed,auto,SM_sfix_hauto,sim_projection_avgyield.json,crop.json,site.json,False,dwd_core_ensemble,dwd_core_ensemble/csvs_dwd_core_ensemble,MOHC-HadGEM2-ES,KNMI-RACMO22E,rcp26,r1i1p1,v2,2045-01-01,2045-12-31,False,False,True,True,True,False,False,True,False,True,False,False,False,,,0.98,100_220_390_120_330_140_25,prediction_runs,,crop_MS_2045_100_25832_etrs89-utm32n.asc,irrigation_SM_2040_100_25832_etrs89-utm32n.asc,,DroughtStressThreshold,0.5,1,
1050,True,fixed,auto,SM_sfix_hauto,sim_projection_avgyield.json,crop.json,site.json,False,dwd_core_ensemble,dwd_core_ensemble/csvs_dwd_core_ensemble,MPI-M-MPI-ESM-LR,MPI-CSC-REMO2009,rcp26,r2i1p1,v1,2045-01-01,2045-12-31,False,False,True,True,True,False,False,True,False,True,False,False,False,,,0.98,100_220_390_120_330_140_25,prediction_runs,,crop_MS_2045_100_25832_etrs89-utm32n.asc,irrigation_SM_2040_100_25832_etrs89-utm32n.asc,,DroughtStressThreshold,0.5,1,
1051,True,fixed,auto,SM_sfix_hauto,sim_projection_avgyield.json,crop.json,site.json,False,dwd_core_ensemble,dwd_core_ensemble/csvs_dwd_core_ensemble,MPI-M-MPI-ESM-LR,MPI-CSC-REMO2009,rcp45,r1i1p1,v1,2045-01-01,2045-12-31,False,False,True,True,True,False,False,True,False,True,False,False,False,,,0.98,100_220_390_120_330_140_25,prediction_runs,,crop_MS_2045_100_25832_etrs89-utm32n.asc,irrigation_SM_2040_100_25832_etrs89-utm32n.asc,,DroughtStressThreshold,0.5,1,
1052,True,fixed,auto,SM_sfix_hauto,sim_projection_avgyield.json,crop.json,site.json,False,dwd_core_ensemble,dwd_core_ensemble/csvs_dwd_core_ensemble,MPI-M-MPI-ESM-LR,MPI-CSC-REMO2009,rcp45,r2i1p1,v1,2045-01-01,2045-12-31,False,False,True,True,True,False,False,True,False,True,False,False,False,,,0.98,100_220_390_120_330_140_25,prediction_runs,,crop_MS_2045_100_25832_etrs89-utm32n.asc,irrigation_SM_2040_100_25832_etrs89-utm32n.asc,,DroughtStressThreshold,0.5,1,
1053,True,fixed,auto,SM_sfix_hauto,sim_projection_avgyield.json,crop.json,site.json,False,dwd_core_ensemble,dwd_core_ensemble/csvs_dwd_core_ensemble,MPI-M-MPI-ESM-LR,MPI-CSC-REMO2009,rcp85,r2i1p1,v1,2045-01-01,2045-12-31,False,False,True,True,True,False,False,True,False,True,False,False,False,,,0.98,100_220_390_120_330_140_25,prediction_runs,,crop_MS_2045_100_25832_etrs89-utm32n.asc,irrigation_SM_2040_100_25832_etrs89-utm32n.asc,,DroughtStressThreshold,0.5,1,
1054,True,fixed,auto,SM_sfix_hauto,sim_projection_avgyield.json,crop.json,site.json,False,dwd_core_ensemble,dwd_core_ensemble/csvs_dwd_core_ensemble,MPI-M-MPI-ESM-LR,UHOH-WRF361H,rcp85,r1i1p1,v1,2045-01-01,2045-12-31,False,False,True,True,True,False,False,True,False,True,False,False,False,,,0.98,100_220_390_120_330_140_25,prediction_runs,,crop_MS_2045_100_25832_etrs89-utm32n.asc,irrigation_SM_2040_100_25832_etrs89-utm32n.asc,,DroughtStressThreshold,0.5,1,
1055,True,fixed,auto,SM_sfix_hauto,sim_projection_avgyield.json,crop.json,site.json,False,dwd_core_ensemble,dwd_core_ensemble/csvs_dwd_core_ensemble,CCCma-CanESM2,CLMcom-CCLM4-8-17,rcp85,r1i1p1,v1,2046-01-01,2046-12-31,False,False,True,True,True,False,False,True,False,True,False,False,False,,,0.98,100_220_390_120_330_140_25,prediction_runs,,crop_MS_2046_100_25832_etrs89-utm32n.asc,irrigation_SM_2040_100_25832_etrs89-utm32n.asc,,DroughtStressThreshold,0.5,1,
1056,True,fixed,auto,SM_sfix_hauto,sim_projection_avgyield.json,crop.json,site.json,False,dwd_core_ensemble,dwd_core_ensemble/csvs_dwd_core_ensemble,ICHEC-EC-EARTH,CLMcom-CCLM4-8-17,rcp26,r12i1p1,v1,2046-01-01,2046-12-31,False,False,True,True,True,False,False,True,False,True,False,False,False,,,0.98,100_220_390_120_330_140_25,prediction_runs,,crop_MS_2046_100_25832_etrs89-utm32n.asc,irrigation_SM_2040_100_25832_etrs89-utm32n.asc,,DroughtStressThreshold,0.5,1,
1057,True,fixed,auto,SM_sfix_hauto,sim_projection_avgyield.json,crop.json,site.json,False,dwd_core_ensemble,dwd_core_ensemble/csvs_dwd_core_ensemble,ICHEC-EC-EARTH,KNMI-RACMO22E,rcp26,r12i1p1,v1,2046-01-01,2046-12-31,False,False,True,True,True,False,False,True,False,True,False,False,False,,,0.98,100_220_390_120_330_140_25,prediction_runs,,crop_MS_2046_100_25832_etrs89-utm32n.asc,irrigation_SM_2040_100_25832_etrs89-utm32n.asc,,DroughtStressThreshold,0.5,1,
1058,True,fixed,auto,SM_sfix_hauto,sim_projection_avgyield.json,crop.json,site.json,False,dwd_core_ensemble,dwd_core_ensemble/csvs_dwd_core_ensemble,ICHEC-EC-EARTH,KNMI-RACMO22E,rcp45,r1i1p1,v1,2046-01-01,2046-12-31,False,False,True,True,True,False,False,True,False,True,False,False,False,,,0.98,100_220_390_120_330_140_25,prediction_runs,,crop_MS_2046_100_25832_etrs89-utm32n.asc,irrigation_SM_2040_100_25832_etrs89-utm32n.asc,,DroughtStressThreshold,0.5,1,
1059,True,fixed,auto,SM_sfix_hauto,sim_projection_avgyield.json,crop.json,site.json,False,dwd_core_ensemble,dwd_core_ensemble/csvs_dwd_core_ensemble,ICHEC-EC-EARTH,KNMI-RACMO22E,rcp45,r12i1p1,v1,2046-01-01,2046-12-31,False,False,True,True,True,False,False,True,False,True,False,False,False,,,0.98,100_220_390_120_330_140_25,prediction_runs,,crop_MS_2046_100_25832_etrs89-utm32n.asc,irrigation_SM_2040_100_25832_etrs89-utm32n.asc,,DroughtStressThreshold,0.5,1,
1060,True,fixed,auto,SM_sfix_hauto,sim_projection_avgyield.json,crop.json,site.json,False,dwd_core_ensemble,dwd_core_ensemble/csvs_dwd_core_ensemble,ICHEC-EC-EARTH,KNMI-RACMO22E,rcp85,r1i1p1,v1,2046-01-01,2046-12-31,False,False,True,True,True,False,False,True,False,True,False,False,False,,,0.98,100_220_390_120_330_140_25,prediction_runs,,crop_MS_2046_100_25832_etrs89-utm32n.asc,irrigation_SM_2040_100_25832_etrs89-utm32n.asc,,DroughtStressThreshold,0.5,1,
1061,True,fixed,auto,SM_sfix_hauto,sim_projection_avgyield.json,crop.json,site.json,False,dwd_core_ensemble,dwd_core_ensemble/csvs_dwd_core_ensemble,ICHEC-EC-EARTH,SMHI-RCA4,rcp45,r12i1p1,v1,2046-01-01,2046-12-31,False,False,True,True,True,False,False,True,False,True,False,False,False,,,0.98,100_220_390_120_330_140_25,prediction_runs,,crop_MS_2046_100_25832_etrs89-utm32n.asc,irrigation_SM_2040_100_25832_etrs89-utm32n.asc,,DroughtStressThreshold,0.5,1,
1062,True,fixed,auto,SM_sfix_hauto,sim_projection_avgyield.json,crop.json,site.json,False,dwd_core_ensemble,dwd_core_ensemble/csvs_dwd_core_ensemble,MIROC-MIROC5,CLMcom-CCLM4-8-17,rcp26,r1i1p1,v1,2046-01-01,2046-12-31,False,False,True,True,True,False,False,True,False,True,False,False,False,,,0.98,100_220_390_120_330_140_25,prediction_runs,,crop_MS_2046_100_25832_etrs89-utm32n.asc,irrigation_SM_2040_100_25832_etrs89-utm32n.asc,,DroughtStressThreshold,0.5,1,
1063,True,fixed,auto,SM_sfix_hauto,sim_projection_avgyield.json,crop.json,site.json,False,dwd_core_ensemble,dwd_core_ensemble/csvs_dwd_core_ensemble,MIROC-MIROC5,GERICS-REMO2015,rcp85,r1i1p1,v1,2046-01-01,2046-12-31,False,False,True,True,True,False,False,True,False,True,False,False,False,,,0.98,100_220_390_120_330_140_25,prediction_runs,,crop_MS_2046_100_25832_etrs89-utm32n.asc,irrigation_SM_2040_100_25832_etrs89-utm32n.asc,,DroughtStressThreshold,0.5,1,
1064,True,fixed,auto,SM_sfix_hauto,sim_projection_avgyield.json,crop.json,site.json,False,dwd_core_ensemble,dwd_core_ensemble/csvs_dwd_core_ensemble,MOHC-HadGEM2-ES,CLMcom-CCLM4-8-17,rcp45,r1i1p1,v1,2046-01-01,2046-12-31,False,False,True,True,True,False,False,True,False,True,False,False,False,,,0.98,100_220_390_120_330_140_25,prediction_runs,,crop_MS_2046_100_25832_etrs89-utm32n.asc,irrigation_SM_2040_100_25832_etrs89-utm32n.asc,,DroughtStressThreshold,0.5,1,
1065,True,fixed,auto,SM_sfix_hauto,sim_projection_avgyield.json,crop.json,site.json,False,dwd_core_ensemble,dwd_core_ensemble/csvs_dwd_core_ensemble,MOHC-HadGEM2-ES,CLMcom-CCLM4-8-17,rcp85,r1i1p1,v1,2046-01-01,2046-12-31,False,False,True,True,True,False,False,True,False,True,False,False,False,,,0.98,100_220_390_120_330_140_25,prediction_runs,,crop_MS_2046_100_25832_etrs89-utm32n.asc,irrigation_SM_2040_100_25832_etrs89-utm32n.asc,,DroughtStressThreshold,0.5,1,
1066,True,fixed,auto,SM_sfix_hauto,sim_projection_avgyield.json,crop.json,site.json,False,dwd_core_ensemble,dwd_core_ensemble/csvs_dwd_core_ensemble,MOHC-HadGEM2-ES,KNMI-RACMO22E,rcp26,r1i1p1,v2,2046-01-01,2046-12-31,False,False,True,True,True,False,False,True,False,True,False,False,False,,,0.98,100_220_390_120_330_140_25,prediction_runs,,crop_MS_2046_100_25832_etrs89-utm32n.asc,irrigation_SM_2040_100_25832_etrs89-utm32n.asc,,DroughtStressThreshold,0.5,1,
1067,True,fixed,auto,SM_sfix_hauto,sim_projection_avgyield.json,crop.json,site.json,False,dwd_core_ensemble,dwd_core_ensemble/csvs_dwd_core_ensemble,MPI-M-MPI-ESM-LR,MPI-CSC-REMO2009,rcp26,r2i1p1,v1,2046-01-01,2046-12-31,False,False,True,True,True,False,False,True,False,True,False,False,False,,,0.98,100_220_390_120_330_140_25,prediction_runs,,crop_MS_2046_100_25832_etrs89-utm32n.asc,irrigation_SM_2040_100_25832_etrs89-utm32n.asc,,DroughtStressThreshold,0.5,1,
1068,True,fixed,auto,SM_sfix_hauto,sim_projection_avgyield.json,crop.json,site.json,False,dwd_core_ensemble,dwd_core_ensemble/csvs_dwd_core_ensemble,MPI-M-MPI-ESM-LR,MPI-CSC-REMO2009,rcp45,r1i1p1,v1,2046-01-01,2046-12-31,False,False,True,True,True,False,False,True,False,True,False,False,False,,,0.98,100_220_390_120_330_140_25,prediction_runs,,crop_MS_2046_100_25832_etrs89-utm32n.asc,irrigation_SM_2040_100_25832_etrs89-utm32n.asc,,DroughtStressThreshold,0.5,1,
1069,True,fixed,auto,SM_sfix_hauto,sim_projection_avgyield.json,crop.json,site.json,False,dwd_core_ensemble,dwd_core_ensemble/csvs_dwd_core_ensemble,MPI-M-MPI-ESM-LR,MPI-CSC-REMO2009,rcp45,r2i1p1,v1,2046-01-01,2046-12-31,False,False,True,True,True,False,False,True,False,True,False,False,False,,,0.98,100_220_390_120_330_140_25,prediction_runs,,crop_MS_2046_100_25832_etrs89-utm32n.asc,irrigation_SM_2040_100_25832_etrs89-utm32n.asc,,DroughtStressThreshold,0.5,1,
1070,True,fixed,auto,SM_sfix_hauto,sim_projection_avgyield.json,crop.json,site.json,False,dwd_core_ensemble,dwd_core_ensemble/csvs_dwd_core_ensemble,MPI-M-MPI-ESM-LR,MPI-CSC-REMO2009,rcp85,r2i1p1,v1,2046-01-01,2046-12-31,False,False,True,True,True,False,False,True,False,True,False,False,False,,,0.98,100_220_390_120_330_140_25,prediction_runs,,crop_MS_2046_100_25832_etrs89-utm32n.asc,irrigation_SM_2040_100_25832_etrs89-utm32n.asc,,DroughtStressThreshold,0.5,1,
1071,True,fixed,auto,SM_sfix_hauto,sim_projection_avgyield.json,crop.json,site.json,False,dwd_core_ensemble,dwd_core_ensemble/csvs_dwd_core_ensemble,MPI-M-MPI-ESM-LR,UHOH-WRF361H,rcp85,r1i1p1,v1,2046-01-01,2046-12-31,False,False,True,True,True,False,False,True,False,True,False,False,False,,,0.98,100_220_390_120_330_140_25,prediction_runs,,crop_MS_2046_100_25832_etrs89-utm32n.asc,irrigation_SM_2040_100_25832_etrs89-utm32n.asc,,DroughtStressThreshold,0.5,1,
1072,True,fixed,auto,SM_sfix_hauto,sim_projection_avgyield.json,crop.json,site.json,False,dwd_core_ensemble,dwd_core_ensemble/csvs_dwd_core_ensemble,CCCma-CanESM2,CLMcom-CCLM4-8-17,rcp85,r1i1p1,v1,2047-01-01,2047-12-31,False,False,True,True,True,False,False,True,False,True,False,False,False,,,0.98,100_220_390_120_330_140_25,prediction_runs,,crop_MS_2047_100_25832_etrs89-utm32n.asc,irrigation_SM_2040_100_25832_etrs89-utm32n.asc,,DroughtStressThreshold,0.5,1,
1073,True,fixed,auto,SM_sfix_hauto,sim_projection_avgyield.json,crop.json,site.json,False,dwd_core_ensemble,dwd_core_ensemble/csvs_dwd_core_ensemble,ICHEC-EC-EARTH,CLMcom-CCLM4-8-17,rcp26,r12i1p1,v1,2047-01-01,2047-12-31,False,False,True,True,True,False,False,True,False,True,False,False,False,,,0.98,100_220_390_120_330_140_25,prediction_runs,,crop_MS_2047_100_25832_etrs89-utm32n.asc,irrigation_SM_2040_100_25832_etrs89-utm32n.asc,,DroughtStressThreshold,0.5,1,
1074,True,fixed,auto,SM_sfix_hauto,sim_projection_avgyield.json,crop.json,site.json,False,dwd_core_ensemble,dwd_core_ensemble/csvs_dwd_core_ensemble,ICHEC-EC-EARTH,KNMI-RACMO22E,rcp26,r12i1p1,v1,2047-01-01,2047-12-31,False,False,True,True,True,False,False,True,False,True,False,False,False,,,0.98,100_220_390_120_330_140_25,prediction_runs,,crop_MS_2047_100_25832_etrs89-utm32n.asc,irrigation_SM_2040_100_25832_etrs89-utm32n.asc,,DroughtStressThreshold,0.5,1,
1075,True,fixed,auto,SM_sfix_hauto,sim_projection_avgyield.json,crop.json,site.json,False,dwd_core_ensemble,dwd_core_ensemble/csvs_dwd_core_ensemble,ICHEC-EC-EARTH,KNMI-RACMO22E,rcp45,r1i1p1,v1,2047-01-01,2047-12-31,False,False,True,True,True,False,False,True,False,True,False,False,False,,,0.98,100_220_390_120_330_140_25,prediction_runs,,crop_MS_2047_100_25832_etrs89-utm32n.asc,irrigation_SM_2040_100_25832_etrs89-utm32n.asc,,DroughtStressThreshold,0.5,1,
1076,True,fixed,auto,SM_sfix_hauto,sim_projection_avgyield.json,crop.json,site.json,False,dwd_core_ensemble,dwd_core_ensemble/csvs_dwd_core_ensemble,ICHEC-EC-EARTH,KNMI-RACMO22E,rcp45,r12i1p1,v1,2047-01-01,2047-12-31,False,False,True,True,True,False,False,True,False,True,False,False,False,,,0.98,100_220_390_120_330_140_25,prediction_runs,,crop_MS_2047_100_25832_etrs89-utm32n.asc,irrigation_SM_2040_100_25832_etrs89-utm32n.asc,,DroughtStressThreshold,0.5,1,
1077,True,fixed,auto,SM_sfix_hauto,sim_projection_avgyield.json,crop.json,site.json,False,dwd_core_ensemble,dwd_core_ensemble/csvs_dwd_core_ensemble,ICHEC-EC-EARTH,KNMI-RACMO22E,rcp85,r1i1p1,v1,2047-01-01,2047-12-31,False,False,True,True,True,False,False,True,False,True,False,False,False,,,0.98,100_220_390_120_330_140_25,prediction_runs,,crop_MS_2047_100_25832_etrs89-utm32n.asc,irrigation_SM_2040_100_25832_etrs89-utm32n.asc,,DroughtStressThreshold,0.5,1,
1078,True,fixed,auto,SM_sfix_hauto,sim_projection_avgyield.json,crop.json,site.json,False,dwd_core_ensemble,dwd_core_ensemble/csvs_dwd_core_ensemble,ICHEC-EC-EARTH,SMHI-RCA4,rcp45,r12i1p1,v1,2047-01-01,2047-12-31,False,False,True,True,True,False,False,True,False,True,False,False,False,,,0.98,100_220_390_120_330_140_25,prediction_runs,,crop_MS_2047_100_25832_etrs89-utm32n.asc,irrigation_SM_2040_100_25832_etrs89-utm32n.asc,,DroughtStressThreshold,0.5,1,
1079,True,fixed,auto,SM_sfix_hauto,sim_projection_avgyield.json,crop.json,site.json,False,dwd_core_ensemble,dwd_core_ensemble/csvs_dwd_core_ensemble,MIROC-MIROC5,CLMcom-CCLM4-8-17,rcp26,r1i1p1,v1,2047-01-01,2047-12-31,False,False,True,True,True,False,False,True,False,True,False,False,False,,,0.98,100_220_390_120_330_140_25,prediction_runs,,crop_MS_2047_100_25832_etrs89-utm32n.asc,irrigation_SM_2040_100_25832_etrs89-utm32n.asc,,DroughtStressThreshold,0.5,1,
1080,True,fixed,auto,SM_sfix_hauto,sim_projection_avgyield.json,crop.json,site.json,False,dwd_core_ensemble,dwd_core_ensemble/csvs_dwd_core_ensemble,MIROC-MIROC5,GERICS-REMO2015,rcp85,r1i1p1,v1,2047-01-01,2047-12-31,False,False,True,True,True,False,False,True,False,True,False,False,False,,,0.98,100_220_390_120_330_140_25,prediction_runs,,crop_MS_2047_100_25832_etrs89-utm32n.asc,irrigation_SM_2040_100_25832_etrs89-utm32n.asc,,DroughtStressThreshold,0.5,1,
1081,True,fixed,auto,SM_sfix_hauto,sim_projection_avgyield.json,crop.json,site.json,False,dwd_core_ensemble,dwd_core_ensemble/csvs_dwd_core_ensemble,MOHC-HadGEM2-ES,CLMcom-CCLM4-8-17,rcp45,r1i1p1,v1,2047-01-01,2047-12-31,False,False,True,True,True,False,False,True,False,True,False,False,False,,,0.98,100_220_390_120_330_140_25,prediction_runs,,crop_MS_2047_100_25832_etrs89-utm32n.asc,irrigation_SM_2040_100_25832_etrs89-utm32n.asc,,DroughtStressThreshold,0.5,1,
1082,True,fixed,auto,SM_sfix_hauto,sim_projection_avgyield.json,crop.json,site.json,False,dwd_core_ensemble,dwd_core_ensemble/csvs_dwd_core_ensemble,MOHC-HadGEM2-ES,CLMcom-CCLM4-8-17,rcp85,r1i1p1,v1,2047-01-01,2047-12-31,False,False,True,True,True,False,False,True,False,True,False,False,False,,,0.98,100_220_390_120_330_140_25,prediction_runs,,crop_MS_2047_100_25832_etrs89-utm32n.asc,irrigation_SM_2040_100_25832_etrs89-utm32n.asc,,DroughtStressThreshold,0.5,1,
1083,True,fixed,auto,SM_sfix_hauto,sim_projection_avgyield.json,crop.json,site.json,False,dwd_core_ensemble,dwd_core_ensemble/csvs_dwd_core_ensemble,MOHC-HadGEM2-ES,KNMI-RACMO22E,rcp26,r1i1p1,v2,2047-01-01,2047-12-31,False,False,True,True,True,False,False,True,False,True,False,False,False,,,0.98,100_220_390_120_330_140_25,prediction_runs,,crop_MS_2047_100_25832_etrs89-utm32n.asc,irrigation_SM_2040_100_25832_etrs89-utm32n.asc,,DroughtStressThreshold,0.5,1,
1084,True,fixed,auto,SM_sfix_hauto,sim_projection_avgyield.json,crop.json,site.json,False,dwd_core_ensemble,dwd_core_ensemble/csvs_dwd_core_ensemble,MPI-M-MPI-ESM-LR,MPI-CSC-REMO2009,rcp26,r2i1p1,v1,2047-01-01,2047-12-31,False,False,True,True,True,False,False,True,False,True,False,False,False,,,0.98,100_220_390_120_330_140_25,prediction_runs,,crop_MS_2047_100_25832_etrs89-utm32n.asc,irrigation_SM_2040_100_25832_etrs89-utm32n.asc,,DroughtStressThreshold,0.5,1,
1085,True,fixed,auto,SM_sfix_hauto,sim_projection_avgyield.json,crop.json,site.json,False,dwd_core_ensemble,dwd_core_ensemble/csvs_dwd_core_ensemble,MPI-M-MPI-ESM-LR,MPI-CSC-REMO2009,rcp45,r1i1p1,v1,2047-01-01,2047-12-31,False,False,True,True,True,False,False,True,False,True,False,False,False,,,0.98,100_220_390_120_330_140_25,prediction_runs,,crop_MS_2047_100_25832_etrs89-utm32n.asc,irrigation_SM_2040_100_25832_etrs89-utm32n.asc,,DroughtStressThreshold,0.5,1,
1086,True,fixed,auto,SM_sfix_hauto,sim_projection_avgyield.json,crop.json,site.json,False,dwd_core_ensemble,dwd_core_ensemble/csvs_dwd_core_ensemble,MPI-M-MPI-ESM-LR,MPI-CSC-REMO2009,rcp45,r2i1p1,v1,2047-01-01,2047-12-31,False,False,True,True,True,False,False,True,False,True,False,False,False,,,0.98,100_220_390_120_330_140_25,prediction_runs,,crop_MS_2047_100_25832_etrs89-utm32n.asc,irrigation_SM_2040_100_25832_etrs89-utm32n.asc,,DroughtStressThreshold,0.5,1,
1087,True,fixed,auto,SM_sfix_hauto,sim_projection_avgyield.json,crop.json,site.json,False,dwd_core_ensemble,dwd_core_ensemble/csvs_dwd_core_ensemble,MPI-M-MPI-ESM-LR,MPI-CSC-REMO2009,rcp85,r2i1p1,v1,2047-01-01,2047-12-31,False,False,True,True,True,False,False,True,False,True,False,False,False,,,0.98,100_220_390_120_330_140_25,prediction_runs,,crop_MS_2047_100_25832_etrs89-utm32n.asc,irrigation_SM_2040_100_25832_etrs89-utm32n.asc,,DroughtStressThreshold,0.5,1,
1088,True,fixed,auto,SM_sfix_hauto,sim_projection_avgyield.json,crop.json,site.json,False,dwd_core_ensemble,dwd_core_ensemble/csvs_dwd_core_ensemble,MPI-M-MPI-ESM-LR,UHOH-WRF361H,rcp85,r1i1p1,v1,2047-01-01,2047-12-31,False,False,True,True,True,False,False,True,False,True,False,False,False,,,0.98,100_220_390_120_330_140_25,prediction_runs,,crop_MS_2047_100_25832_etrs89-utm32n.asc,irrigation_SM_2040_100_25832_etrs89-utm32n.asc,,DroughtStressThreshold,0.5,1,
1089,True,fixed,auto,SM_sfix_hauto,sim_projection_avgyield.json,crop.json,site.json,False,dwd_core_ensemble,dwd_core_ensemble/csvs_dwd_core_ensemble,CCCma-CanESM2,CLMcom-CCLM4-8-17,rcp85,r1i1p1,v1,2048-01-01,2048-12-31,False,False,True,True,True,False,False,True,False,True,False,False,False,,,0.98,100_220_390_120_330_140_25,prediction_runs,,crop_MS_2048_100_25832_etrs89-utm32n.asc,irrigation_SM_2040_100_25832_etrs89-utm32n.asc,,DroughtStressThreshold,0.5,1,
1090,True,fixed,auto,SM_sfix_hauto,sim_projection_avgyield.json,crop.json,site.json,False,dwd_core_ensemble,dwd_core_ensemble/csvs_dwd_core_ensemble,ICHEC-EC-EARTH,CLMcom-CCLM4-8-17,rcp26,r12i1p1,v1,2048-01-01,2048-12-31,False,False,True,True,True,False,False,True,False,True,False,False,False,,,0.98,100_220_390_120_330_140_25,prediction_runs,,crop_MS_2048_100_25832_etrs89-utm32n.asc,irrigation_SM_2040_100_25832_etrs89-utm32n.asc,,DroughtStressThreshold,0.5,1,
1091,True,fixed,auto,SM_sfix_hauto,sim_projection_avgyield.json,crop.json,site.json,False,dwd_core_ensemble,dwd_core_ensemble/csvs_dwd_core_ensemble,ICHEC-EC-EARTH,KNMI-RACMO22E,rcp26,r12i1p1,v1,2048-01-01,2048-12-31,False,False,True,True,True,False,False,True,False,True,False,False,False,,,0.98,100_220_390_120_330_140_25,prediction_runs,,crop_MS_2048_100_25832_etrs89-utm32n.asc,irrigation_SM_2040_100_25832_etrs89-utm32n.asc,,DroughtStressThreshold,0.5,1,
1092,True,fixed,auto,SM_sfix_hauto,sim_projection_avgyield.json,crop.json,site.json,False,dwd_core_ensemble,dwd_core_ensemble/csvs_dwd_core_ensemble,ICHEC-EC-EARTH,KNMI-RACMO22E,rcp45,r1i1p1,v1,2048-01-01,2048-12-31,False,False,True,True,True,False,False,True,False,True,False,False,False,,,0.98,100_220_390_120_330_140_25,prediction_runs,,crop_MS_2048_100_25832_etrs89-utm32n.asc,irrigation_SM_2040_100_25832_etrs89-utm32n.asc,,DroughtStressThreshold,0.5,1,
1093,True,fixed,auto,SM_sfix_hauto,sim_projection_avgyield.json,crop.json,site.json,False,dwd_core_ensemble,dwd_core_ensemble/csvs_dwd_core_ensemble,ICHEC-EC-EARTH,KNMI-RACMO22E,rcp45,r12i1p1,v1,2048-01-01,2048-12-31,False,False,True,True,True,False,False,True,False,True,False,False,False,,,0.98,100_220_390_120_330_140_25,prediction_runs,,crop_MS_2048_100_25832_etrs89-utm32n.asc,irrigation_SM_2040_100_25832_etrs89-utm32n.asc,,DroughtStressThreshold,0.5,1,
1094,True,fixed,auto,SM_sfix_hauto,sim_projection_avgyield.json,crop.json,site.json,False,dwd_core_ensemble,dwd_core_ensemble/csvs_dwd_core_ensemble,ICHEC-EC-EARTH,KNMI-RACMO22E,rcp85,r1i1p1,v1,2048-01-01,2048-12-31,False,False,True,True,True,False,False,True,False,True,False,False,False,,,0.98,100_220_390_120_330_140_25,prediction_runs,,crop_MS_2048_100_25832_etrs89-utm32n.asc,irrigation_SM_2040_100_25832_etrs89-utm32n.asc,,DroughtStressThreshold,0.5,1,
1095,True,fixed,auto,SM_sfix_hauto,sim_projection_avgyield.json,crop.json,site.json,False,dwd_core_ensemble,dwd_core_ensemble/csvs_dwd_core_ensemble,ICHEC-EC-EARTH,SMHI-RCA4,rcp45,r12i1p1,v1,2048-01-01,2048-12-31,False,False,True,True,True,False,False,True,False,True,False,False,False,,,0.98,100_220_390_120_330_140_25,prediction_runs,,crop_MS_2048_100_25832_etrs89-utm32n.asc,irrigation_SM_2040_100_25832_etrs89-utm32n.asc,,DroughtStressThreshold,0.5,1,
1096,True,fixed,auto,SM_sfix_hauto,sim_projection_avgyield.json,crop.json,site.json,False,dwd_core_ensemble,dwd_core_ensemble/csvs_dwd_core_ensemble,MIROC-MIROC5,CLMcom-CCLM4-8-17,rcp26,r1i1p1,v1,2048-01-01,2048-12-31,False,False,True,True,True,False,False,True,False,True,False,False,False,,,0.98,100_220_390_120_330_140_25,prediction_runs,,crop_MS_2048_100_25832_etrs89-utm32n.asc,irrigation_SM_2040_100_25832_etrs89-utm32n.asc,,DroughtStressThreshold,0.5,1,
1097,True,fixed,auto,SM_sfix_hauto,sim_projection_avgyield.json,crop.json,site.json,False,dwd_core_ensemble,dwd_core_ensemble/csvs_dwd_core_ensemble,MIROC-MIROC5,GERICS-REMO2015,rcp85,r1i1p1,v1,2048-01-01,2048-12-31,False,False,True,True,True,False,False,True,False,True,False,False,False,,,0.98,100_220_390_120_330_140_25,prediction_runs,,crop_MS_2048_100_25832_etrs89-utm32n.asc,irrigation_SM_2040_100_25832_etrs89-utm32n.asc,,DroughtStressThreshold,0.5,1,
1098,True,fixed,auto,SM_sfix_hauto,sim_projection_avgyield.json,crop.json,site.json,False,dwd_core_ensemble,dwd_core_ensemble/csvs_dwd_core_ensemble,MOHC-HadGEM2-ES,CLMcom-CCLM4-8-17,rcp45,r1i1p1,v1,2048-01-01,2048-12-31,False,False,True,True,True,False,False,True,False,True,False,False,False,,,0.98,100_220_390_120_330_140_25,prediction_runs,,crop_MS_2048_100_25832_etrs89-utm32n.asc,irrigation_SM_2040_100_25832_etrs89-utm32n.asc,,DroughtStressThreshold,0.5,1,
1099,True,fixed,auto,SM_sfix_hauto,sim_projection_avgyield.json,crop.json,site.json,False,dwd_core_ensemble,dwd_core_ensemble/csvs_dwd_core_ensemble,MOHC-HadGEM2-ES,CLMcom-CCLM4-8-17,rcp85,r1i1p1,v1,2048-01-01,2048-12-31,False,False,True,True,True,False,False,True,False,True,False,False,False,,,0.98,100_220_390_120_330_140_25,prediction_runs,,crop_MS_2048_100_25832_etrs89-utm32n.asc,irrigation_SM_2040_100_25832_etrs89-utm32n.asc,,DroughtStressThreshold,0.5,1,
1100,True,fixed,auto,SM_sfix_hauto,sim_projection_avgyield.json,crop.json,site.json,False,dwd_core_ensemble,dwd_core_ensemble/csvs_dwd_core_ensemble,MOHC-HadGEM2-ES,KNMI-RACMO22E,rcp26,r1i1p1,v2,2048-01-01,2048-12-31,False,False,True,True,True,False,False,True,False,True,False,False,False,,,0.98,100_220_390_120_330_140_25,prediction_runs,,crop_MS_2048_100_25832_etrs89-utm32n.asc,irrigation_SM_2040_100_25832_etrs89-utm32n.asc,,DroughtStressThreshold,0.5,1,
1101,True,fixed,auto,SM_sfix_hauto,sim_projection_avgyield.json,crop.json,site.json,False,dwd_core_ensemble,dwd_core_ensemble/csvs_dwd_core_ensemble,MPI-M-MPI-ESM-LR,MPI-CSC-REMO2009,rcp26,r2i1p1,v1,2048-01-01,2048-12-31,False,False,True,True,True,False,False,True,False,True,False,False,False,,,0.98,100_220_390_120_330_140_25,prediction_runs,,crop_MS_2048_100_25832_etrs89-utm32n.asc,irrigation_SM_2040_100_25832_etrs89-utm32n.asc,,DroughtStressThreshold,0.5,1,
1102,True,fixed,auto,SM_sfix_hauto,sim_projection_avgyield.json,crop.json,site.json,False,dwd_core_ensemble,dwd_core_ensemble/csvs_dwd_core_ensemble,MPI-M-MPI-ESM-LR,MPI-CSC-REMO2009,rcp45,r1i1p1,v1,2048-01-01,2048-12-31,False,False,True,True,True,False,False,True,False,True,False,False,False,,,0.98,100_220_390_120_330_140_25,prediction_runs,,crop_MS_2048_100_25832_etrs89-utm32n.asc,irrigation_SM_2040_100_25832_etrs89-utm32n.asc,,DroughtStressThreshold,0.5,1,
1103,True,fixed,auto,SM_sfix_hauto,sim_projection_avgyield.json,crop.json,site.json,False,dwd_core_ensemble,dwd_core_ensemble/csvs_dwd_core_ensemble,MPI-M-MPI-ESM-LR,MPI-CSC-REMO2009,rcp45,r2i1p1,v1,2048-01-01,2048-12-31,False,False,True,True,True,False,False,True,False,True,False,False,False,,,0.98,100_220_390_120_330_140_25,prediction_runs,,crop_MS_2048_100_25832_etrs89-utm32n.asc,irrigation_SM_2040_100_25832_etrs89-utm32n.asc,,DroughtStressThreshold,0.5,1,
1104,True,fixed,auto,SM_sfix_hauto,sim_projection_avgyield.json,crop.json,site.json,False,dwd_core_ensemble,dwd_core_ensemble/csvs_dwd_core_ensemble,MPI-M-MPI-ESM-LR,MPI-CSC-REMO2009,rcp85,r2i1p1,v1,2048-01-01,2048-12-31,False,False,True,True,True,False,False,True,False,True,False,False,False,,,0.98,100_220_390_120_330_140_25,prediction_runs,,crop_MS_2048_100_25832_etrs89-utm32n.asc,irrigation_SM_2040_100_25832_etrs89-utm32n.asc,,DroughtStressThreshold,0.5,1,
1105,True,fixed,auto,SM_sfix_hauto,sim_projection_avgyield.json,crop.json,site.json,False,dwd_core_ensemble,dwd_core_ensemble/csvs_dwd_core_ensemble,MPI-M-MPI-ESM-LR,UHOH-WRF361H,rcp85,r1i1p1,v1,2048-01-01,2048-12-31,False,False,True,True,True,False,False,True,False,True,False,False,False,,,0.98,100_220_390_120_330_140_25,prediction_runs,,crop_MS_2048_100_25832_etrs89-utm32n.asc,irrigation_SM_2040_100_25832_etrs89-utm32n.asc,,DroughtStressThreshold,0.5,1,
1106,True,fixed,auto,SM_sfix_hauto,sim_projection_avgyield.json,crop.json,site.json,False,dwd_core_ensemble,dwd_core_ensemble/csvs_dwd_core_ensemble,CCCma-CanESM2,CLMcom-CCLM4-8-17,rcp85,r1i1p1,v1,2049-01-01,2049-12-31,False,False,True,True,True,False,False,True,False,True,False,False,False,,,0.98,100_220_390_120_330_140_25,prediction_runs,,crop_MS_2049_100_25832_etrs89-utm32n.asc,irrigation_SM_2040_100_25832_etrs89-utm32n.asc,,DroughtStressThreshold,0.5,1,
1107,True,fixed,auto,SM_sfix_hauto,sim_projection_avgyield.json,crop.json,site.json,False,dwd_core_ensemble,dwd_core_ensemble/csvs_dwd_core_ensemble,ICHEC-EC-EARTH,CLMcom-CCLM4-8-17,rcp26,r12i1p1,v1,2049-01-01,2049-12-31,False,False,True,True,True,False,False,True,False,True,False,False,False,,,0.98,100_220_390_120_330_140_25,prediction_runs,,crop_MS_2049_100_25832_etrs89-utm32n.asc,irrigation_SM_2040_100_25832_etrs89-utm32n.asc,,DroughtStressThreshold,0.5,1,
1108,True,fixed,auto,SM_sfix_hauto,sim_projection_avgyield.json,crop.json,site.json,False,dwd_core_ensemble,dwd_core_ensemble/csvs_dwd_core_ensemble,ICHEC-EC-EARTH,KNMI-RACMO22E,rcp26,r12i1p1,v1,2049-01-01,2049-12-31,False,False,True,True,True,False,False,True,False,True,False,False,False,,,0.98,100_220_390_120_330_140_25,prediction_runs,,crop_MS_2049_100_25832_etrs89-utm32n.asc,irrigation_SM_2040_100_25832_etrs89-utm32n.asc,,DroughtStressThreshold,0.5,1,
1109,True,fixed,auto,SM_sfix_hauto,sim_projection_avgyield.json,crop.json,site.json,False,dwd_core_ensemble,dwd_core_ensemble/csvs_dwd_core_ensemble,ICHEC-EC-EARTH,KNMI-RACMO22E,rcp45,r1i1p1,v1,2049-01-01,2049-12-31,False,False,True,True,True,False,False,True,False,True,False,False,False,,,0.98,100_220_390_120_330_140_25,prediction_runs,,crop_MS_2049_100_25832_etrs89-utm32n.asc,irrigation_SM_2040_100_25832_etrs89-utm32n.asc,,DroughtStressThreshold,0.5,1,
1110,True,fixed,auto,SM_sfix_hauto,sim_projection_avgyield.json,crop.json,site.json,False,dwd_core_ensemble,dwd_core_ensemble/csvs_dwd_core_ensemble,ICHEC-EC-EARTH,KNMI-RACMO22E,rcp45,r12i1p1,v1,2049-01-01,2049-12-31,False,False,True,True,True,False,False,True,False,True,False,False,False,,,0.98,100_220_390_120_330_140_25,prediction_runs,,crop_MS_2049_100_25832_etrs89-utm32n.asc,irrigation_SM_2040_100_25832_etrs89-utm32n.asc,,DroughtStressThreshold,0.5,1,
1111,True,fixed,auto,SM_sfix_hauto,sim_projection_avgyield.json,crop.json,site.json,False,dwd_core_ensemble,dwd_core_ensemble/csvs_dwd_core_ensemble,ICHEC-EC-EARTH,KNMI-RACMO22E,rcp85,r1i1p1,v1,2049-01-01,2049-12-31,False,False,True,True,True,False,False,True,False,True,False,False,False,,,0.98,100_220_390_120_330_140_25,prediction_runs,,crop_MS_2049_100_25832_etrs89-utm32n.asc,irrigation_SM_2040_100_25832_etrs89-utm32n.asc,,DroughtStressThreshold,0.5,1,
1112,True,fixed,auto,SM_sfix_hauto,sim_projection_avgyield.json,crop.json,site.json,False,dwd_core_ensemble,dwd_core_ensemble/csvs_dwd_core_ensemble,ICHEC-EC-EARTH,SMHI-RCA4,rcp45,r12i1p1,v1,2049-01-01,2049-12-31,False,False,True,True,True,False,False,True,False,True,False,False,False,,,0.98,100_220_390_120_330_140_25,prediction_runs,,crop_MS_2049_100_25832_etrs89-utm32n.asc,irrigation_SM_2040_100_25832_etrs89-utm32n.asc,,DroughtStressThreshold,0.5,1,
1113,True,fixed,auto,SM_sfix_hauto,sim_projection_avgyield.json,crop.json,site.json,False,dwd_core_ensemble,dwd_core_ensemble/csvs_dwd_core_ensemble,MIROC-MIROC5,CLMcom-CCLM4-8-17,rcp26,r1i1p1,v1,2049-01-01,2049-12-31,False,False,True,True,True,False,False,True,False,True,False,False,False,,,0.98,100_220_390_120_330_140_25,prediction_runs,,crop_MS_2049_100_25832_etrs89-utm32n.asc,irrigation_SM_2040_100_25832_etrs89-utm32n.asc,,DroughtStressThreshold,0.5,1,
1114,True,fixed,auto,SM_sfix_hauto,sim_projection_avgyield.json,crop.json,site.json,False,dwd_core_ensemble,dwd_core_ensemble/csvs_dwd_core_ensemble,MIROC-MIROC5,GERICS-REMO2015,rcp85,r1i1p1,v1,2049-01-01,2049-12-31,False,False,True,True,True,False,False,True,False,True,False,False,False,,,0.98,100_220_390_120_330_140_25,prediction_runs,,crop_MS_2049_100_25832_etrs89-utm32n.asc,irrigation_SM_2040_100_25832_etrs89-utm32n.asc,,DroughtStressThreshold,0.5,1,
1115,True,fixed,auto,SM_sfix_hauto,sim_projection_avgyield.json,crop.json,site.json,False,dwd_core_ensemble,dwd_core_ensemble/csvs_dwd_core_ensemble,MOHC-HadGEM2-ES,CLMcom-CCLM4-8-17,rcp45,r1i1p1,v1,2049-01-01,2049-12-31,False,False,True,True,True,False,False,True,False,True,False,False,False,,,0.98,100_220_390_120_330_140_25,prediction_runs,,crop_MS_2049_100_25832_etrs89-utm32n.asc,irrigation_SM_2040_100_25832_etrs89-utm32n.asc,,DroughtStressThreshold,0.5,1,
1116,True,fixed,auto,SM_sfix_hauto,sim_projection_avgyield.json,crop.json,site.json,False,dwd_core_ensemble,dwd_core_ensemble/csvs_dwd_core_ensemble,MOHC-HadGEM2-ES,CLMcom-CCLM4-8-17,rcp85,r1i1p1,v1,2049-01-01,2049-12-31,False,False,True,True,True,False,False,True,False,True,False,False,False,,,0.98,100_220_390_120_330_140_25,prediction_runs,,crop_MS_2049_100_25832_etrs89-utm32n.asc,irrigation_SM_2040_100_25832_etrs89-utm32n.asc,,DroughtStressThreshold,0.5,1,
1117,True,fixed,auto,SM_sfix_hauto,sim_projection_avgyield.json,crop.json,site.json,False,dwd_core_ensemble,dwd_core_ensemble/csvs_dwd_core_ensemble,MOHC-HadGEM2-ES,KNMI-RACMO22E,rcp26,r1i1p1,v2,2049-01-01,2049-12-31,False,False,True,True,True,False,False,True,False,True,False,False,False,,,0.98,100_220_390_120_330_140_25,prediction_runs,,crop_MS_2049_100_25832_etrs89-utm32n.asc,irrigation_SM_2040_100_25832_etrs89-utm32n.asc,,DroughtStressThreshold,0.5,1,
1118,True,fixed,auto,SM_sfix_hauto,sim_projection_avgyield.json,crop.json,site.json,False,dwd_core_ensemble,dwd_core_ensemble/csvs_dwd_core_ensemble,MPI-M-MPI-ESM-LR,MPI-CSC-REMO2009,rcp26,r2i1p1,v1,2049-01-01,2049-12-31,False,False,True,True,True,False,False,True,False,True,False,False,False,,,0.98,100_220_390_120_330_140_25,prediction_runs,,crop_MS_2049_100_25832_etrs89-utm32n.asc,irrigation_SM_2040_100_25832_etrs89-utm32n.asc,,DroughtStressThreshold,0.5,1,
1119,True,fixed,auto,SM_sfix_hauto,sim_projection_avgyield.json,crop.json,site.json,False,dwd_core_ensemble,dwd_core_ensemble/csvs_dwd_core_ensemble,MPI-M-MPI-ESM-LR,MPI-CSC-REMO2009,rcp45,r1i1p1,v1,2049-01-01,2049-12-31,False,False,True,True,True,False,False,True,False,True,False,False,False,,,0.98,100_220_390_120_330_140_25,prediction_runs,,crop_MS_2049_100_25832_etrs89-utm32n.asc,irrigation_SM_2040_100_25832_etrs89-utm32n.asc,,DroughtStressThreshold,0.5,1,
1120,True,fixed,auto,SM_sfix_hauto,sim_projection_avgyield.json,crop.json,site.json,False,dwd_core_ensemble,dwd_core_ensemble/csvs_dwd_core_ensemble,MPI-M-MPI-ESM-LR,MPI-CSC-REMO2009,rcp45,r2i1p1,v1,2049-01-01,2049-12-31,False,False,True,True,True,False,False,True,False,True,False,False,False,,,0.98,100_220_390_120_330_140_25,prediction_runs,,crop_MS_2049_100_25832_etrs89-utm32n.asc,irrigation_SM_2040_100_25832_etrs89-utm32n.asc,,DroughtStressThreshold,0.5,1,
1121,True,fixed,auto,SM_sfix_hauto,sim_projection_avgyield.json,crop.json,site.json,False,dwd_core_ensemble,dwd_core_ensemble/csvs_dwd_core_ensemble,MPI-M-MPI-ESM-LR,MPI-CSC-REMO2009,rcp85,r2i1p1,v1,2049-01-01,2049-12-31,False,False,True,True,True,False,False,True,False,True,False,False,False,,,0.98,100_220_390_120_330_140_25,prediction_runs,,crop_MS_2049_100_25832_etrs89-utm32n.asc,irrigation_SM_2040_100_25832_etrs89-utm32n.asc,,DroughtStressThreshold,0.5,1,
1122,True,fixed,auto,SM_sfix_hauto,sim_projection_avgyield.json,crop.json,site.json,False,dwd_core_ensemble,dwd_core_ensemble/csvs_dwd_core_ensemble,MPI-M-MPI-ESM-LR,UHOH-WRF361H,rcp85,r1i1p1,v1,2049-01-01,2049-12-31,False,False,True,True,True,False,False,True,False,True,False,False,False,,,0.98,100_220_390_120_330_140_25,prediction_runs,,crop_MS_2049_100_25832_etrs89-utm32n.asc,irrigation_SM_2040_100_25832_etrs89-utm32n.asc,,DroughtStressThreshold,0.5,1,
1123,True,fixed,auto,SM_sfix_hauto,sim_projection_avgyield.json,crop.json,site.json,False,dwd_core_ensemble,dwd_core_ensemble/csvs_dwd_core_ensemble,CCCma-CanESM2,CLMcom-CCLM4-8-17,rcp85,r1i1p1,v1,2050-01-01,2050-12-31,False,False,True,True,True,False,False,True,False,True,False,False,False,,,0.98,100_220_390_120_330_140_25,prediction_runs,,crop_MS_2050_100_25832_etrs89-utm32n.asc,irrigation_SM_2040_100_25832_etrs89-utm32n.asc,,DroughtStressThreshold,0.5,1,
1124,True,fixed,auto,SM_sfix_hauto,sim_projection_avgyield.json,crop.json,site.json,False,dwd_core_ensemble,dwd_core_ensemble/csvs_dwd_core_ensemble,ICHEC-EC-EARTH,CLMcom-CCLM4-8-17,rcp26,r12i1p1,v1,2050-01-01,2050-12-31,False,False,True,True,True,False,False,True,False,True,False,False,False,,,0.98,100_220_390_120_330_140_25,prediction_runs,,crop_MS_2050_100_25832_etrs89-utm32n.asc,irrigation_SM_2040_100_25832_etrs89-utm32n.asc,,DroughtStressThreshold,0.5,1,
1125,True,fixed,auto,SM_sfix_hauto,sim_projection_avgyield.json,crop.json,site.json,False,dwd_core_ensemble,dwd_core_ensemble/csvs_dwd_core_ensemble,ICHEC-EC-EARTH,KNMI-RACMO22E,rcp26,r12i1p1,v1,2050-01-01,2050-12-31,False,False,True,True,True,False,False,True,False,True,False,False,False,,,0.98,100_220_390_120_330_140_25,prediction_runs,,crop_MS_2050_100_25832_etrs89-utm32n.asc,irrigation_SM_2040_100_25832_etrs89-utm32n.asc,,DroughtStressThreshold,0.5,1,
1126,True,fixed,auto,SM_sfix_hauto,sim_projection_avgyield.json,crop.json,site.json,False,dwd_core_ensemble,dwd_core_ensemble/csvs_dwd_core_ensemble,ICHEC-EC-EARTH,KNMI-RACMO22E,rcp45,r1i1p1,v1,2050-01-01,2050-12-31,False,False,True,True,True,False,False,True,False,True,False,False,False,,,0.98,100_220_390_120_330_140_25,prediction_runs,,crop_MS_2050_100_25832_etrs89-utm32n.asc,irrigation_SM_2040_100_25832_etrs89-utm32n.asc,,DroughtStressThreshold,0.5,1,
1127,True,fixed,auto,SM_sfix_hauto,sim_projection_avgyield.json,crop.json,site.json,False,dwd_core_ensemble,dwd_core_ensemble/csvs_dwd_core_ensemble,ICHEC-EC-EARTH,KNMI-RACMO22E,rcp45,r12i1p1,v1,2050-01-01,2050-12-31,False,False,True,True,True,False,False,True,False,True,False,False,False,,,0.98,100_220_390_120_330_140_25,prediction_runs,,crop_MS_2050_100_25832_etrs89-utm32n.asc,irrigation_SM_2040_100_25832_etrs89-utm32n.asc,,DroughtStressThreshold,0.5,1,
1128,True,fixed,auto,SM_sfix_hauto,sim_projection_avgyield.json,crop.json,site.json,False,dwd_core_ensemble,dwd_core_ensemble/csvs_dwd_core_ensemble,ICHEC-EC-EARTH,KNMI-RACMO22E,rcp85,r1i1p1,v1,2050-01-01,2050-12-31,False,False,True,True,True,False,False,True,False,True,False,False,False,,,0.98,100_220_390_120_330_140_25,prediction_runs,,crop_MS_2050_100_25832_etrs89-utm32n.asc,irrigation_SM_2040_100_25832_etrs89-utm32n.asc,,DroughtStressThreshold,0.5,1,
1129,True,fixed,auto,SM_sfix_hauto,sim_projection_avgyield.json,crop.json,site.json,False,dwd_core_ensemble,dwd_core_ensemble/csvs_dwd_core_ensemble,ICHEC-EC-EARTH,SMHI-RCA4,rcp45,r12i1p1,v1,2050-01-01,2050-12-31,False,False,True,True,True,False,False,True,False,True,False,False,False,,,0.98,100_220_390_120_330_140_25,prediction_runs,,crop_MS_2050_100_25832_etrs89-utm32n.asc,irrigation_SM_2040_100_25832_etrs89-utm32n.asc,,DroughtStressThreshold,0.5,1,
1130,True,fixed,auto,SM_sfix_hauto,sim_projection_avgyield.json,crop.json,site.json,False,dwd_core_ensemble,dwd_core_ensemble/csvs_dwd_core_ensemble,MIROC-MIROC5,CLMcom-CCLM4-8-17,rcp26,r1i1p1,v1,2050-01-01,2050-12-31,False,False,True,True,True,False,False,True,False,True,False,False,False,,,0.98,100_220_390_120_330_140_25,prediction_runs,,crop_MS_2050_100_25832_etrs89-utm32n.asc,irrigation_SM_2040_100_25832_etrs89-utm32n.asc,,DroughtStressThreshold,0.5,1,
1131,True,fixed,auto,SM_sfix_hauto,sim_projection_avgyield.json,crop.json,site.json,False,dwd_core_ensemble,dwd_core_ensemble/csvs_dwd_core_ensemble,MIROC-MIROC5,GERICS-REMO2015,rcp85,r1i1p1,v1,2050-01-01,2050-12-31,False,False,True,True,True,False,False,True,False,True,False,False,False,,,0.98,100_220_390_120_330_140_25,prediction_runs,,crop_MS_2050_100_25832_etrs89-utm32n.asc,irrigation_SM_2040_100_25832_etrs89-utm32n.asc,,DroughtStressThreshold,0.5,1,
1132,True,fixed,auto,SM_sfix_hauto,sim_projection_avgyield.json,crop.json,site.json,False,dwd_core_ensemble,dwd_core_ensemble/csvs_dwd_core_ensemble,MOHC-HadGEM2-ES,CLMcom-CCLM4-8-17,rcp45,r1i1p1,v1,2050-01-01,2050-12-31,False,False,True,True,True,False,False,True,False,True,False,False,False,,,0.98,100_220_390_120_330_140_25,prediction_runs,,crop_MS_2050_100_25832_etrs89-utm32n.asc,irrigation_SM_2040_100_25832_etrs89-utm32n.asc,,DroughtStressThreshold,0.5,1,
1133,True,fixed,auto,SM_sfix_hauto,sim_projection_avgyield.json,crop.json,site.json,False,dwd_core_ensemble,dwd_core_ensemble/csvs_dwd_core_ensemble,MOHC-HadGEM2-ES,CLMcom-CCLM4-8-17,rcp85,r1i1p1,v1,2050-01-01,2050-12-31,False,False,True,True,True,False,False,True,False,True,False,False,False,,,0.98,100_220_390_120_330_140_25,prediction_runs,,crop_MS_2050_100_25832_etrs89-utm32n.asc,irrigation_SM_2040_100_25832_etrs89-utm32n.asc,,DroughtStressThreshold,0.5,1,
1134,True,fixed,auto,SM_sfix_hauto,sim_projection_avgyield.json,crop.json,site.json,False,dwd_core_ensemble,dwd_core_ensemble/csvs_dwd_core_ensemble,MOHC-HadGEM2-ES,KNMI-RACMO22E,rcp26,r1i1p1,v2,2050-01-01,2050-12-31,False,False,True,True,True,False,False,True,False,True,False,False,False,,,0.98,100_220_390_120_330_140_25,prediction_runs,,crop_MS_2050_100_25832_etrs89-utm32n.asc,irrigation_SM_2040_100_25832_etrs89-utm32n.asc,,DroughtStressThreshold,0.5,1,
1135,True,fixed,auto,SM_sfix_hauto,sim_projection_avgyield.json,crop.json,site.json,False,dwd_core_ensemble,dwd_core_ensemble/csvs_dwd_core_ensemble,MPI-M-MPI-ESM-LR,MPI-CSC-REMO2009,rcp26,r2i1p1,v1,2050-01-01,2050-12-31,False,False,True,True,True,False,False,True,False,True,False,False,False,,,0.98,100_220_390_120_330_140_25,prediction_runs,,crop_MS_2050_100_25832_etrs89-utm32n.asc,irrigation_SM_2040_100_25832_etrs89-utm32n.asc,,DroughtStressThreshold,0.5,1,
1136,True,fixed,auto,SM_sfix_hauto,sim_projection_avgyield.json,crop.json,site.json,False,dwd_core_ensemble,dwd_core_ensemble/csvs_dwd_core_ensemble,MPI-M-MPI-ESM-LR,MPI-CSC-REMO2009,rcp45,r1i1p1,v1,2050-01-01,2050-12-31,False,False,True,True,True,False,False,True,False,True,False,False,False,,,0.98,100_220_390_120_330_140_25,prediction_runs,,crop_MS_2050_100_25832_etrs89-utm32n.asc,irrigation_SM_2040_100_25832_etrs89-utm32n.asc,,DroughtStressThreshold,0.5,1,
1137,True,fixed,auto,SM_sfix_hauto,sim_projection_avgyield.json,crop.json,site.json,False,dwd_core_ensemble,dwd_core_ensemble/csvs_dwd_core_ensemble,MPI-M-MPI-ESM-LR,MPI-CSC-REMO2009,rcp45,r2i1p1,v1,2050-01-01,2050-12-31,False,False,True,True,True,False,False,True,False,True,False,False,False,,,0.98,100_220_390_120_330_140_25,prediction_runs,,crop_MS_2050_100_25832_etrs89-utm32n.asc,irrigation_SM_2040_100_25832_etrs89-utm32n.asc,,DroughtStressThreshold,0.5,1,
1138,True,fixed,auto,SM_sfix_hauto,sim_projection_avgyield.json,crop.json,site.json,False,dwd_core_ensemble,dwd_core_ensemble/csvs_dwd_core_ensemble,MPI-M-MPI-ESM-LR,MPI-CSC-REMO2009,rcp85,r2i1p1,v1,2050-01-01,2050-12-31,False,False,True,True,True,False,False,True,False,True,False,False,False,,,0.98,100_220_390_120_330_140_25,prediction_runs,,crop_MS_2050_100_25832_etrs89-utm32n.asc,irrigation_SM_2040_100_25832_etrs89-utm32n.asc,,DroughtStressThreshold,0.5,1,
1139,True,fixed,auto,SM_sfix_hauto,sim_projection_avgyield.json,crop.json,site.json,False,dwd_core_ensemble,dwd_core_ensemble/csvs_dwd_core_ensemble,MPI-M-MPI-ESM-LR,UHOH-WRF361H,rcp85,r1i1p1,v1,2050-01-01,2050-12-31,False,False,True,True,True,False,False,True,False,True,False,False,False,,,0.98,100_220_390_120_330_140_25,prediction_runs,,crop_MS_2050_100_25832_etrs89-utm32n.asc,irrigation_SM_2040_100_25832_etrs89-utm32n.asc,,DroughtStressThreshold,0.5,1,
1140,True,fixed,auto,SM_sfix_hauto,sim_projection_avgyield.json,crop.json,site.json,False,dwd_core_ensemble,dwd_core_ensemble/csvs_dwd_core_ensemble,CCCma-CanESM2,CLMcom-CCLM4-8-17,rcp85,r1i1p1,v1,2051-01-01,2051-12-31,False,False,True,True,True,False,False,True,False,True,False,False,False,,,0.98,100_220_390_120_330_140_25,prediction_runs,,crop_MS_2051_100_25832_etrs89-utm32n.asc,irrigation_SM_2040_100_25832_etrs89-utm32n.asc,,DroughtStressThreshold,0.5,1,
1141,True,fixed,auto,SM_sfix_hauto,sim_projection_avgyield.json,crop.json,site.json,False,dwd_core_ensemble,dwd_core_ensemble/csvs_dwd_core_ensemble,ICHEC-EC-EARTH,CLMcom-CCLM4-8-17,rcp26,r12i1p1,v1,2051-01-01,2051-12-31,False,False,True,True,True,False,False,True,False,True,False,False,False,,,0.98,100_220_390_120_330_140_25,prediction_runs,,crop_MS_2051_100_25832_etrs89-utm32n.asc,irrigation_SM_2040_100_25832_etrs89-utm32n.asc,,DroughtStressThreshold,0.5,1,
1142,True,fixed,auto,SM_sfix_hauto,sim_projection_avgyield.json,crop.json,site.json,False,dwd_core_ensemble,dwd_core_ensemble/csvs_dwd_core_ensemble,ICHEC-EC-EARTH,KNMI-RACMO22E,rcp26,r12i1p1,v1,2051-01-01,2051-12-31,False,False,True,True,True,False,False,True,False,True,False,False,False,,,0.98,100_220_390_120_330_140_25,prediction_runs,,crop_MS_2051_100_25832_etrs89-utm32n.asc,irrigation_SM_2040_100_25832_etrs89-utm32n.asc,,DroughtStressThreshold,0.5,1,
1143,True,fixed,auto,SM_sfix_hauto,sim_projection_avgyield.json,crop.json,site.json,False,dwd_core_ensemble,dwd_core_ensemble/csvs_dwd_core_ensemble,ICHEC-EC-EARTH,KNMI-RACMO22E,rcp45,r1i1p1,v1,2051-01-01,2051-12-31,False,False,True,True,True,False,False,True,False,True,False,False,False,,,0.98,100_220_390_120_330_140_25,prediction_runs,,crop_MS_2051_100_25832_etrs89-utm32n.asc,irrigation_SM_2040_100_25832_etrs89-utm32n.asc,,DroughtStressThreshold,0.5,1,
1144,True,fixed,auto,SM_sfix_hauto,sim_projection_avgyield.json,crop.json,site.json,False,dwd_core_ensemble,dwd_core_ensemble/csvs_dwd_core_ensemble,ICHEC-EC-EARTH,KNMI-RACMO22E,rcp45,r12i1p1,v1,2051-01-01,2051-12-31,False,False,True,True,True,False,False,True,False,True,False,False,False,,,0.98,100_220_390_120_330_140_25,prediction_runs,,crop_MS_2051_100_25832_etrs89-utm32n.asc,irrigation_SM_2040_100_25832_etrs89-utm32n.asc,,DroughtStressThreshold,0.5,1,
1145,True,fixed,auto,SM_sfix_hauto,sim_projection_avgyield.json,crop.json,site.json,False,dwd_core_ensemble,dwd_core_ensemble/csvs_dwd_core_ensemble,ICHEC-EC-EARTH,KNMI-RACMO22E,rcp85,r1i1p1,v1,2051-01-01,2051-12-31,False,False,True,True,True,False,False,True,False,True,False,False,False,,,0.98,100_220_390_120_330_140_25,prediction_runs,,crop_MS_2051_100_25832_etrs89-utm32n.asc,irrigation_SM_2040_100_25832_etrs89-utm32n.asc,,DroughtStressThreshold,0.5,1,
1146,True,fixed,auto,SM_sfix_hauto,sim_projection_avgyield.json,crop.json,site.json,False,dwd_core_ensemble,dwd_core_ensemble/csvs_dwd_core_ensemble,ICHEC-EC-EARTH,SMHI-RCA4,rcp45,r12i1p1,v1,2051-01-01,2051-12-31,False,False,True,True,True,False,False,True,False,True,False,False,False,,,0.98,100_220_390_120_330_140_25,prediction_runs,,crop_MS_2051_100_25832_etrs89-utm32n.asc,irrigation_SM_2040_100_25832_etrs89-utm32n.asc,,DroughtStressThreshold,0.5,1,
1147,True,fixed,auto,SM_sfix_hauto,sim_projection_avgyield.json,crop.json,site.json,False,dwd_core_ensemble,dwd_core_ensemble/csvs_dwd_core_ensemble,MIROC-MIROC5,CLMcom-CCLM4-8-17,rcp26,r1i1p1,v1,2051-01-01,2051-12-31,False,False,True,True,True,False,False,True,False,True,False,False,False,,,0.98,100_220_390_120_330_140_25,prediction_runs,,crop_MS_2051_100_25832_etrs89-utm32n.asc,irrigation_SM_2040_100_25832_etrs89-utm32n.asc,,DroughtStressThreshold,0.5,1,
1148,True,fixed,auto,SM_sfix_hauto,sim_projection_avgyield.json,crop.json,site.json,False,dwd_core_ensemble,dwd_core_ensemble/csvs_dwd_core_ensemble,MIROC-MIROC5,GERICS-REMO2015,rcp85,r1i1p1,v1,2051-01-01,2051-12-31,False,False,True,True,True,False,False,True,False,True,False,False,False,,,0.98,100_220_390_120_330_140_25,prediction_runs,,crop_MS_2051_100_25832_etrs89-utm32n.asc,irrigation_SM_2040_100_25832_etrs89-utm32n.asc,,DroughtStressThreshold,0.5,1,
1149,True,fixed,auto,SM_sfix_hauto,sim_projection_avgyield.json,crop.json,site.json,False,dwd_core_ensemble,dwd_core_ensemble/csvs_dwd_core_ensemble,MOHC-HadGEM2-ES,CLMcom-CCLM4-8-17,rcp45,r1i1p1,v1,2051-01-01,2051-12-31,False,False,True,True,True,False,False,True,False,True,False,False,False,,,0.98,100_220_390_120_330_140_25,prediction_runs,,crop_MS_2051_100_25832_etrs89-utm32n.asc,irrigation_SM_2040_100_25832_etrs89-utm32n.asc,,DroughtStressThreshold,0.5,1,
1150,True,fixed,auto,SM_sfix_hauto,sim_projection_avgyield.json,crop.json,site.json,False,dwd_core_ensemble,dwd_core_ensemble/csvs_dwd_core_ensemble,MOHC-HadGEM2-ES,CLMcom-CCLM4-8-17,rcp85,r1i1p1,v1,2051-01-01,2051-12-31,False,False,True,True,True,False,False,True,False,True,False,False,False,,,0.98,100_220_390_120_330_140_25,prediction_runs,,crop_MS_2051_100_25832_etrs89-utm32n.asc,irrigation_SM_2040_100_25832_etrs89-utm32n.asc,,DroughtStressThreshold,0.5,1,
1151,True,fixed,auto,SM_sfix_hauto,sim_projection_avgyield.json,crop.json,site.json,False,dwd_core_ensemble,dwd_core_ensemble/csvs_dwd_core_ensemble,MOHC-HadGEM2-ES,KNMI-RACMO22E,rcp26,r1i1p1,v2,2051-01-01,2051-12-31,False,False,True,True,True,False,False,True,False,True,False,False,False,,,0.98,100_220_390_120_330_140_25,prediction_runs,,crop_MS_2051_100_25832_etrs89-utm32n.asc,irrigation_SM_2040_100_25832_etrs89-utm32n.asc,,DroughtStressThreshold,0.5,1,
1152,True,fixed,auto,SM_sfix_hauto,sim_projection_avgyield.json,crop.json,site.json,False,dwd_core_ensemble,dwd_core_ensemble/csvs_dwd_core_ensemble,MPI-M-MPI-ESM-LR,MPI-CSC-REMO2009,rcp26,r2i1p1,v1,2051-01-01,2051-12-31,False,False,True,True,True,False,False,True,False,True,False,False,False,,,0.98,100_220_390_120_330_140_25,prediction_runs,,crop_MS_2051_100_25832_etrs89-utm32n.asc,irrigation_SM_2040_100_25832_etrs89-utm32n.asc,,DroughtStressThreshold,0.5,1,
1153,True,fixed,auto,SM_sfix_hauto,sim_projection_avgyield.json,crop.json,site.json,False,dwd_core_ensemble,dwd_core_ensemble/csvs_dwd_core_ensemble,MPI-M-MPI-ESM-LR,MPI-CSC-REMO2009,rcp45,r1i1p1,v1,2051-01-01,2051-12-31,False,False,True,True,True,False,False,True,False,True,False,False,False,,,0.98,100_220_390_120_330_140_25,prediction_runs,,crop_MS_2051_100_25832_etrs89-utm32n.asc,irrigation_SM_2040_100_25832_etrs89-utm32n.asc,,DroughtStressThreshold,0.5,1,
1154,True,fixed,auto,SM_sfix_hauto,sim_projection_avgyield.json,crop.json,site.json,False,dwd_core_ensemble,dwd_core_ensemble/csvs_dwd_core_ensemble,MPI-M-MPI-ESM-LR,MPI-CSC-REMO2009,rcp45,r2i1p1,v1,2051-01-01,2051-12-31,False,False,True,True,True,False,False,True,False,True,False,False,False,,,0.98,100_220_390_120_330_140_25,prediction_runs,,crop_MS_2051_100_25832_etrs89-utm32n.asc,irrigation_SM_2040_100_25832_etrs89-utm32n.asc,,DroughtStressThreshold,0.5,1,
1155,True,fixed,auto,SM_sfix_hauto,sim_projection_avgyield.json,crop.json,site.json,False,dwd_core_ensemble,dwd_core_ensemble/csvs_dwd_core_ensemble,MPI-M-MPI-ESM-LR,MPI-CSC-REMO2009,rcp85,r2i1p1,v1,2051-01-01,2051-12-31,False,False,True,True,True,False,False,True,False,True,False,False,False,,,0.98,100_220_390_120_330_140_25,prediction_runs,,crop_MS_2051_100_25832_etrs89-utm32n.asc,irrigation_SM_2040_100_25832_etrs89-utm32n.asc,,DroughtStressThreshold,0.5,1,
1156,True,fixed,auto,SM_sfix_hauto,sim_projection_avgyield.json,crop.json,site.json,False,dwd_core_ensemble,dwd_core_ensemble/csvs_dwd_core_ensemble,MPI-M-MPI-ESM-LR,UHOH-WRF361H,rcp85,r1i1p1,v1,2051-01-01,2051-12-31,False,False,True,True,True,False,False,True,False,True,False,False,False,,,0.98,100_220_390_120_330_140_25,prediction_runs,,crop_MS_2051_100_25832_etrs89-utm32n.asc,irrigation_SM_2040_100_25832_etrs89-utm32n.asc,,DroughtStressThreshold,0.5,1,
1157,True,fixed,auto,SM_sfix_hauto,sim_projection_avgyield.json,crop.json,site.json,False,dwd_core_ensemble,dwd_core_ensemble/csvs_dwd_core_ensemble,CCCma-CanESM2,CLMcom-CCLM4-8-17,rcp85,r1i1p1,v1,2052-01-01,2052-12-31,False,False,True,True,True,False,False,True,False,True,False,False,False,,,0.98,100_220_390_120_330_140_25,prediction_runs,,crop_MS_2052_100_25832_etrs89-utm32n.asc,irrigation_SM_2040_100_25832_etrs89-utm32n.asc,,DroughtStressThreshold,0.5,1,
1158,True,fixed,auto,SM_sfix_hauto,sim_projection_avgyield.json,crop.json,site.json,False,dwd_core_ensemble,dwd_core_ensemble/csvs_dwd_core_ensemble,ICHEC-EC-EARTH,CLMcom-CCLM4-8-17,rcp26,r12i1p1,v1,2052-01-01,2052-12-31,False,False,True,True,True,False,False,True,False,True,False,False,False,,,0.98,100_220_390_120_330_140_25,prediction_runs,,crop_MS_2052_100_25832_etrs89-utm32n.asc,irrigation_SM_2040_100_25832_etrs89-utm32n.asc,,DroughtStressThreshold,0.5,1,
1159,True,fixed,auto,SM_sfix_hauto,sim_projection_avgyield.json,crop.json,site.json,False,dwd_core_ensemble,dwd_core_ensemble/csvs_dwd_core_ensemble,ICHEC-EC-EARTH,KNMI-RACMO22E,rcp26,r12i1p1,v1,2052-01-01,2052-12-31,False,False,True,True,True,False,False,True,False,True,False,False,False,,,0.98,100_220_390_120_330_140_25,prediction_runs,,crop_MS_2052_100_25832_etrs89-utm32n.asc,irrigation_SM_2040_100_25832_etrs89-utm32n.asc,,DroughtStressThreshold,0.5,1,
1160,True,fixed,auto,SM_sfix_hauto,sim_projection_avgyield.json,crop.json,site.json,False,dwd_core_ensemble,dwd_core_ensemble/csvs_dwd_core_ensemble,ICHEC-EC-EARTH,KNMI-RACMO22E,rcp45,r1i1p1,v1,2052-01-01,2052-12-31,False,False,True,True,True,False,False,True,False,True,False,False,False,,,0.98,100_220_390_120_330_140_25,prediction_runs,,crop_MS_2052_100_25832_etrs89-utm32n.asc,irrigation_SM_2040_100_25832_etrs89-utm32n.asc,,DroughtStressThreshold,0.5,1,
1161,True,fixed,auto,SM_sfix_hauto,sim_projection_avgyield.json,crop.json,site.json,False,dwd_core_ensemble,dwd_core_ensemble/csvs_dwd_core_ensemble,ICHEC-EC-EARTH,KNMI-RACMO22E,rcp45,r12i1p1,v1,2052-01-01,2052-12-31,False,False,True,True,True,False,False,True,False,True,False,False,False,,,0.98,100_220_390_120_330_140_25,prediction_runs,,crop_MS_2052_100_25832_etrs89-utm32n.asc,irrigation_SM_2040_100_25832_etrs89-utm32n.asc,,DroughtStressThreshold,0.5,1,
1162,True,fixed,auto,SM_sfix_hauto,sim_projection_avgyield.json,crop.json,site.json,False,dwd_core_ensemble,dwd_core_ensemble/csvs_dwd_core_ensemble,ICHEC-EC-EARTH,KNMI-RACMO22E,rcp85,r1i1p1,v1,2052-01-01,2052-12-31,False,False,True,True,True,False,False,True,False,True,False,False,False,,,0.98,100_220_390_120_330_140_25,prediction_runs,,crop_MS_2052_100_25832_etrs89-utm32n.asc,irrigation_SM_2040_100_25832_etrs89-utm32n.asc,,DroughtStressThreshold,0.5,1,
1163,True,fixed,auto,SM_sfix_hauto,sim_projection_avgyield.json,crop.json,site.json,False,dwd_core_ensemble,dwd_core_ensemble/csvs_dwd_core_ensemble,ICHEC-EC-EARTH,SMHI-RCA4,rcp45,r12i1p1,v1,2052-01-01,2052-12-31,False,False,True,True,True,False,False,True,False,True,False,False,False,,,0.98,100_220_390_120_330_140_25,prediction_runs,,crop_MS_2052_100_25832_etrs89-utm32n.asc,irrigation_SM_2040_100_25832_etrs89-utm32n.asc,,DroughtStressThreshold,0.5,1,
1164,True,fixed,auto,SM_sfix_hauto,sim_projection_avgyield.json,crop.json,site.json,False,dwd_core_ensemble,dwd_core_ensemble/csvs_dwd_core_ensemble,MIROC-MIROC5,CLMcom-CCLM4-8-17,rcp26,r1i1p1,v1,2052-01-01,2052-12-31,False,False,True,True,True,False,False,True,False,True,False,False,False,,,0.98,100_220_390_120_330_140_25,prediction_runs,,crop_MS_2052_100_25832_etrs89-utm32n.asc,irrigation_SM_2040_100_25832_etrs89-utm32n.asc,,DroughtStressThreshold,0.5,1,
1165,True,fixed,auto,SM_sfix_hauto,sim_projection_avgyield.json,crop.json,site.json,False,dwd_core_ensemble,dwd_core_ensemble/csvs_dwd_core_ensemble,MIROC-MIROC5,GERICS-REMO2015,rcp85,r1i1p1,v1,2052-01-01,2052-12-31,False,False,True,True,True,False,False,True,False,True,False,False,False,,,0.98,100_220_390_120_330_140_25,prediction_runs,,crop_MS_2052_100_25832_etrs89-utm32n.asc,irrigation_SM_2040_100_25832_etrs89-utm32n.asc,,DroughtStressThreshold,0.5,1,
1166,True,fixed,auto,SM_sfix_hauto,sim_projection_avgyield.json,crop.json,site.json,False,dwd_core_ensemble,dwd_core_ensemble/csvs_dwd_core_ensemble,MOHC-HadGEM2-ES,CLMcom-CCLM4-8-17,rcp45,r1i1p1,v1,2052-01-01,2052-12-31,False,False,True,True,True,False,False,True,False,True,False,False,False,,,0.98,100_220_390_120_330_140_25,prediction_runs,,crop_MS_2052_100_25832_etrs89-utm32n.asc,irrigation_SM_2040_100_25832_etrs89-utm32n.asc,,DroughtStressThreshold,0.5,1,
1167,True,fixed,auto,SM_sfix_hauto,sim_projection_avgyield.json,crop.json,site.json,False,dwd_core_ensemble,dwd_core_ensemble/csvs_dwd_core_ensemble,MOHC-HadGEM2-ES,CLMcom-CCLM4-8-17,rcp85,r1i1p1,v1,2052-01-01,2052-12-31,False,False,True,True,True,False,False,True,False,True,False,False,False,,,0.98,100_220_390_120_330_140_25,prediction_runs,,crop_MS_2052_100_25832_etrs89-utm32n.asc,irrigation_SM_2040_100_25832_etrs89-utm32n.asc,,DroughtStressThreshold,0.5,1,
1168,True,fixed,auto,SM_sfix_hauto,sim_projection_avgyield.json,crop.json,site.json,False,dwd_core_ensemble,dwd_core_ensemble/csvs_dwd_core_ensemble,MOHC-HadGEM2-ES,KNMI-RACMO22E,rcp26,r1i1p1,v2,2052-01-01,2052-12-31,False,False,True,True,True,False,False,True,False,True,False,False,False,,,0.98,100_220_390_120_330_140_25,prediction_runs,,crop_MS_2052_100_25832_etrs89-utm32n.asc,irrigation_SM_2040_100_25832_etrs89-utm32n.asc,,DroughtStressThreshold,0.5,1,
1169,True,fixed,auto,SM_sfix_hauto,sim_projection_avgyield.json,crop.json,site.json,False,dwd_core_ensemble,dwd_core_ensemble/csvs_dwd_core_ensemble,MPI-M-MPI-ESM-LR,MPI-CSC-REMO2009,rcp26,r2i1p1,v1,2052-01-01,2052-12-31,False,False,True,True,True,False,False,True,False,True,False,False,False,,,0.98,100_220_390_120_330_140_25,prediction_runs,,crop_MS_2052_100_25832_etrs89-utm32n.asc,irrigation_SM_2040_100_25832_etrs89-utm32n.asc,,DroughtStressThreshold,0.5,1,
1170,True,fixed,auto,SM_sfix_hauto,sim_projection_avgyield.json,crop.json,site.json,False,dwd_core_ensemble,dwd_core_ensemble/csvs_dwd_core_ensemble,MPI-M-MPI-ESM-LR,MPI-CSC-REMO2009,rcp45,r1i1p1,v1,2052-01-01,2052-12-31,False,False,True,True,True,False,False,True,False,True,False,False,False,,,0.98,100_220_390_120_330_140_25,prediction_runs,,crop_MS_2052_100_25832_etrs89-utm32n.asc,irrigation_SM_2040_100_25832_etrs89-utm32n.asc,,DroughtStressThreshold,0.5,1,
1171,True,fixed,auto,SM_sfix_hauto,sim_projection_avgyield.json,crop.json,site.json,False,dwd_core_ensemble,dwd_core_ensemble/csvs_dwd_core_ensemble,MPI-M-MPI-ESM-LR,MPI-CSC-REMO2009,rcp45,r2i1p1,v1,2052-01-01,2052-12-31,False,False,True,True,True,False,False,True,False,True,False,False,False,,,0.98,100_220_390_120_330_140_25,prediction_runs,,crop_MS_2052_100_25832_etrs89-utm32n.asc,irrigation_SM_2040_100_25832_etrs89-utm32n.asc,,DroughtStressThreshold,0.5,1,
1172,True,fixed,auto,SM_sfix_hauto,sim_projection_avgyield.json,crop.json,site.json,False,dwd_core_ensemble,dwd_core_ensemble/csvs_dwd_core_ensemble,MPI-M-MPI-ESM-LR,MPI-CSC-REMO2009,rcp85,r2i1p1,v1,2052-01-01,2052-12-31,False,False,True,True,True,False,False,True,False,True,False,False,False,,,0.98,100_220_390_120_330_140_25,prediction_runs,,crop_MS_2052_100_25832_etrs89-utm32n.asc,irrigation_SM_2040_100_25832_etrs89-utm32n.asc,,DroughtStressThreshold,0.5,1,
1173,True,fixed,auto,SM_sfix_hauto,sim_projection_avgyield.json,crop.json,site.json,False,dwd_core_ensemble,dwd_core_ensemble/csvs_dwd_core_ensemble,MPI-M-MPI-ESM-LR,UHOH-WRF361H,rcp85,r1i1p1,v1,2052-01-01,2052-12-31,False,False,True,True,True,False,False,True,False,True,False,False,False,,,0.98,100_220_390_120_330_140_25,prediction_runs,,crop_MS_2052_100_25832_etrs89-utm32n.asc,irrigation_SM_2040_100_25832_etrs89-utm32n.asc,,DroughtStressThreshold,0.5,1,
1174,True,fixed,auto,SM_sfix_hauto,sim_projection_avgyield.json,crop.json,site.json,False,dwd_core_ensemble,dwd_core_ensemble/csvs_dwd_core_ensemble,CCCma-CanESM2,CLMcom-CCLM4-8-17,rcp85,r1i1p1,v1,2053-01-01,2053-12-31,False,False,True,True,True,False,False,True,False,True,False,False,False,,,0.98,100_220_390_120_330_140_25,prediction_runs,,crop_MS_2053_100_25832_etrs89-utm32n.asc,irrigation_SM_2040_100_25832_etrs89-utm32n.asc,,DroughtStressThreshold,0.5,1,
1175,True,fixed,auto,SM_sfix_hauto,sim_projection_avgyield.json,crop.json,site.json,False,dwd_core_ensemble,dwd_core_ensemble/csvs_dwd_core_ensemble,ICHEC-EC-EARTH,CLMcom-CCLM4-8-17,rcp26,r12i1p1,v1,2053-01-01,2053-12-31,False,False,True,True,True,False,False,True,False,True,False,False,False,,,0.98,100_220_390_120_330_140_25,prediction_runs,,crop_MS_2053_100_25832_etrs89-utm32n.asc,irrigation_SM_2040_100_25832_etrs89-utm32n.asc,,DroughtStressThreshold,0.5,1,
1176,True,fixed,auto,SM_sfix_hauto,sim_projection_avgyield.json,crop.json,site.json,False,dwd_core_ensemble,dwd_core_ensemble/csvs_dwd_core_ensemble,ICHEC-EC-EARTH,KNMI-RACMO22E,rcp26,r12i1p1,v1,2053-01-01,2053-12-31,False,False,True,True,True,False,False,True,False,True,False,False,False,,,0.98,100_220_390_120_330_140_25,prediction_runs,,crop_MS_2053_100_25832_etrs89-utm32n.asc,irrigation_SM_2040_100_25832_etrs89-utm32n.asc,,DroughtStressThreshold,0.5,1,
1177,True,fixed,auto,SM_sfix_hauto,sim_projection_avgyield.json,crop.json,site.json,False,dwd_core_ensemble,dwd_core_ensemble/csvs_dwd_core_ensemble,ICHEC-EC-EARTH,KNMI-RACMO22E,rcp45,r1i1p1,v1,2053-01-01,2053-12-31,False,False,True,True,True,False,False,True,False,True,False,False,False,,,0.98,100_220_390_120_330_140_25,prediction_runs,,crop_MS_2053_100_25832_etrs89-utm32n.asc,irrigation_SM_2040_100_25832_etrs89-utm32n.asc,,DroughtStressThreshold,0.5,1,
1178,True,fixed,auto,SM_sfix_hauto,sim_projection_avgyield.json,crop.json,site.json,False,dwd_core_ensemble,dwd_core_ensemble/csvs_dwd_core_ensemble,ICHEC-EC-EARTH,KNMI-RACMO22E,rcp45,r12i1p1,v1,2053-01-01,2053-12-31,False,False,True,True,True,False,False,True,False,True,False,False,False,,,0.98,100_220_390_120_330_140_25,prediction_runs,,crop_MS_2053_100_25832_etrs89-utm32n.asc,irrigation_SM_2040_100_25832_etrs89-utm32n.asc,,DroughtStressThreshold,0.5,1,
1179,True,fixed,auto,SM_sfix_hauto,sim_projection_avgyield.json,crop.json,site.json,False,dwd_core_ensemble,dwd_core_ensemble/csvs_dwd_core_ensemble,ICHEC-EC-EARTH,KNMI-RACMO22E,rcp85,r1i1p1,v1,2053-01-01,2053-12-31,False,False,True,True,True,False,False,True,False,True,False,False,False,,,0.98,100_220_390_120_330_140_25,prediction_runs,,crop_MS_2053_100_25832_etrs89-utm32n.asc,irrigation_SM_2040_100_25832_etrs89-utm32n.asc,,DroughtStressThreshold,0.5,1,
1180,True,fixed,auto,SM_sfix_hauto,sim_projection_avgyield.json,crop.json,site.json,False,dwd_core_ensemble,dwd_core_ensemble/csvs_dwd_core_ensemble,ICHEC-EC-EARTH,SMHI-RCA4,rcp45,r12i1p1,v1,2053-01-01,2053-12-31,False,False,True,True,True,False,False,True,False,True,False,False,False,,,0.98,100_220_390_120_330_140_25,prediction_runs,,crop_MS_2053_100_25832_etrs89-utm32n.asc,irrigation_SM_2040_100_25832_etrs89-utm32n.asc,,DroughtStressThreshold,0.5,1,
1181,True,fixed,auto,SM_sfix_hauto,sim_projection_avgyield.json,crop.json,site.json,False,dwd_core_ensemble,dwd_core_ensemble/csvs_dwd_core_ensemble,MIROC-MIROC5,CLMcom-CCLM4-8-17,rcp26,r1i1p1,v1,2053-01-01,2053-12-31,False,False,True,True,True,False,False,True,False,True,False,False,False,,,0.98,100_220_390_120_330_140_25,prediction_runs,,crop_MS_2053_100_25832_etrs89-utm32n.asc,irrigation_SM_2040_100_25832_etrs89-utm32n.asc,,DroughtStressThreshold,0.5,1,
1182,True,fixed,auto,SM_sfix_hauto,sim_projection_avgyield.json,crop.json,site.json,False,dwd_core_ensemble,dwd_core_ensemble/csvs_dwd_core_ensemble,MIROC-MIROC5,GERICS-REMO2015,rcp85,r1i1p1,v1,2053-01-01,2053-12-31,False,False,True,True,True,False,False,True,False,True,False,False,False,,,0.98,100_220_390_120_330_140_25,prediction_runs,,crop_MS_2053_100_25832_etrs89-utm32n.asc,irrigation_SM_2040_100_25832_etrs89-utm32n.asc,,DroughtStressThreshold,0.5,1,
1183,True,fixed,auto,SM_sfix_hauto,sim_projection_avgyield.json,crop.json,site.json,False,dwd_core_ensemble,dwd_core_ensemble/csvs_dwd_core_ensemble,MOHC-HadGEM2-ES,CLMcom-CCLM4-8-17,rcp45,r1i1p1,v1,2053-01-01,2053-12-31,False,False,True,True,True,False,False,True,False,True,False,False,False,,,0.98,100_220_390_120_330_140_25,prediction_runs,,crop_MS_2053_100_25832_etrs89-utm32n.asc,irrigation_SM_2040_100_25832_etrs89-utm32n.asc,,DroughtStressThreshold,0.5,1,
1184,True,fixed,auto,SM_sfix_hauto,sim_projection_avgyield.json,crop.json,site.json,False,dwd_core_ensemble,dwd_core_ensemble/csvs_dwd_core_ensemble,MOHC-HadGEM2-ES,CLMcom-CCLM4-8-17,rcp85,r1i1p1,v1,2053-01-01,2053-12-31,False,False,True,True,True,False,False,True,False,True,False,False,False,,,0.98,100_220_390_120_330_140_25,prediction_runs,,crop_MS_2053_100_25832_etrs89-utm32n.asc,irrigation_SM_2040_100_25832_etrs89-utm32n.asc,,DroughtStressThreshold,0.5,1,
1185,True,fixed,auto,SM_sfix_hauto,sim_projection_avgyield.json,crop.json,site.json,False,dwd_core_ensemble,dwd_core_ensemble/csvs_dwd_core_ensemble,MOHC-HadGEM2-ES,KNMI-RACMO22E,rcp26,r1i1p1,v2,2053-01-01,2053-12-31,False,False,True,True,True,False,False,True,False,True,False,False,False,,,0.98,100_220_390_120_330_140_25,prediction_runs,,crop_MS_2053_100_25832_etrs89-utm32n.asc,irrigation_SM_2040_100_25832_etrs89-utm32n.asc,,DroughtStressThreshold,0.5,1,
1186,True,fixed,auto,SM_sfix_hauto,sim_projection_avgyield.json,crop.json,site.json,False,dwd_core_ensemble,dwd_core_ensemble/csvs_dwd_core_ensemble,MPI-M-MPI-ESM-LR,MPI-CSC-REMO2009,rcp26,r2i1p1,v1,2053-01-01,2053-12-31,False,False,True,True,True,False,False,True,False,True,False,False,False,,,0.98,100_220_390_120_330_140_25,prediction_runs,,crop_MS_2053_100_25832_etrs89-utm32n.asc,irrigation_SM_2040_100_25832_etrs89-utm32n.asc,,DroughtStressThreshold,0.5,1,
1187,True,fixed,auto,SM_sfix_hauto,sim_projection_avgyield.json,crop.json,site.json,False,dwd_core_ensemble,dwd_core_ensemble/csvs_dwd_core_ensemble,MPI-M-MPI-ESM-LR,MPI-CSC-REMO2009,rcp45,r1i1p1,v1,2053-01-01,2053-12-31,False,False,True,True,True,False,False,True,False,True,False,False,False,,,0.98,100_220_390_120_330_140_25,prediction_runs,,crop_MS_2053_100_25832_etrs89-utm32n.asc,irrigation_SM_2040_100_25832_etrs89-utm32n.asc,,DroughtStressThreshold,0.5,1,
1188,True,fixed,auto,SM_sfix_hauto,sim_projection_avgyield.json,crop.json,site.json,False,dwd_core_ensemble,dwd_core_ensemble/csvs_dwd_core_ensemble,MPI-M-MPI-ESM-LR,MPI-CSC-REMO2009,rcp45,r2i1p1,v1,2053-01-01,2053-12-31,False,False,True,True,True,False,False,True,False,True,False,False,False,,,0.98,100_220_390_120_330_140_25,prediction_runs,,crop_MS_2053_100_25832_etrs89-utm32n.asc,irrigation_SM_2040_100_25832_etrs89-utm32n.asc,,DroughtStressThreshold,0.5,1,
1189,True,fixed,auto,SM_sfix_hauto,sim_projection_avgyield.json,crop.json,site.json,False,dwd_core_ensemble,dwd_core_ensemble/csvs_dwd_core_ensemble,MPI-M-MPI-ESM-LR,MPI-CSC-REMO2009,rcp85,r2i1p1,v1,2053-01-01,2053-12-31,False,False,True,True,True,False,False,True,False,True,False,False,False,,,0.98,100_220_390_120_330_140_25,prediction_runs,,crop_MS_2053_100_25832_etrs89-utm32n.asc,irrigation_SM_2040_100_25832_etrs89-utm32n.asc,,DroughtStressThreshold,0.5,1,
1190,True,fixed,auto,SM_sfix_hauto,sim_projection_avgyield.json,crop.json,site.json,False,dwd_core_ensemble,dwd_core_ensemble/csvs_dwd_core_ensemble,MPI-M-MPI-ESM-LR,UHOH-WRF361H,rcp85,r1i1p1,v1,2053-01-01,2053-12-31,False,False,True,True,True,False,False,True,False,True,False,False,False,,,0.98,100_220_390_120_330_140_25,prediction_runs,,crop_MS_2053_100_25832_etrs89-utm32n.asc,irrigation_SM_2040_100_25832_etrs89-utm32n.asc,,DroughtStressThreshold,0.5,1,
1191,True,fixed,auto,SM_sfix_hauto,sim_projection_avgyield.json,crop.json,site.json,False,dwd_core_ensemble,dwd_core_ensemble/csvs_dwd_core_ensemble,CCCma-CanESM2,CLMcom-CCLM4-8-17,rcp85,r1i1p1,v1,2054-01-01,2054-12-31,False,False,True,True,True,False,False,True,False,True,False,False,False,,,0.98,100_220_390_120_330_140_25,prediction_runs,,crop_MS_2054_100_25832_etrs89-utm32n.asc,irrigation_SM_2040_100_25832_etrs89-utm32n.asc,,DroughtStressThreshold,0.5,1,
1192,True,fixed,auto,SM_sfix_hauto,sim_projection_avgyield.json,crop.json,site.json,False,dwd_core_ensemble,dwd_core_ensemble/csvs_dwd_core_ensemble,ICHEC-EC-EARTH,CLMcom-CCLM4-8-17,rcp26,r12i1p1,v1,2054-01-01,2054-12-31,False,False,True,True,True,False,False,True,False,True,False,False,False,,,0.98,100_220_390_120_330_140_25,prediction_runs,,crop_MS_2054_100_25832_etrs89-utm32n.asc,irrigation_SM_2040_100_25832_etrs89-utm32n.asc,,DroughtStressThreshold,0.5,1,
1193,True,fixed,auto,SM_sfix_hauto,sim_projection_avgyield.json,crop.json,site.json,False,dwd_core_ensemble,dwd_core_ensemble/csvs_dwd_core_ensemble,ICHEC-EC-EARTH,KNMI-RACMO22E,rcp26,r12i1p1,v1,2054-01-01,2054-12-31,False,False,True,True,True,False,False,True,False,True,False,False,False,,,0.98,100_220_390_120_330_140_25,prediction_runs,,crop_MS_2054_100_25832_etrs89-utm32n.asc,irrigation_SM_2040_100_25832_etrs89-utm32n.asc,,DroughtStressThreshold,0.5,1,
1194,True,fixed,auto,SM_sfix_hauto,sim_projection_avgyield.json,crop.json,site.json,False,dwd_core_ensemble,dwd_core_ensemble/csvs_dwd_core_ensemble,ICHEC-EC-EARTH,KNMI-RACMO22E,rcp45,r1i1p1,v1,2054-01-01,2054-12-31,False,False,True,True,True,False,False,True,False,True,False,False,False,,,0.98,100_220_390_120_330_140_25,prediction_runs,,crop_MS_2054_100_25832_etrs89-utm32n.asc,irrigation_SM_2040_100_25832_etrs89-utm32n.asc,,DroughtStressThreshold,0.5,1,
1195,True,fixed,auto,SM_sfix_hauto,sim_projection_avgyield.json,crop.json,site.json,False,dwd_core_ensemble,dwd_core_ensemble/csvs_dwd_core_ensemble,ICHEC-EC-EARTH,KNMI-RACMO22E,rcp45,r12i1p1,v1,2054-01-01,2054-12-31,False,False,True,True,True,False,False,True,False,True,False,False,False,,,0.98,100_220_390_120_330_140_25,prediction_runs,,crop_MS_2054_100_25832_etrs89-utm32n.asc,irrigation_SM_2040_100_25832_etrs89-utm32n.asc,,DroughtStressThreshold,0.5,1,
1196,True,fixed,auto,SM_sfix_hauto,sim_projection_avgyield.json,crop.json,site.json,False,dwd_core_ensemble,dwd_core_ensemble/csvs_dwd_core_ensemble,ICHEC-EC-EARTH,KNMI-RACMO22E,rcp85,r1i1p1,v1,2054-01-01,2054-12-31,False,False,True,True,True,False,False,True,False,True,False,False,False,,,0.98,100_220_390_120_330_140_25,prediction_runs,,crop_MS_2054_100_25832_etrs89-utm32n.asc,irrigation_SM_2040_100_25832_etrs89-utm32n.asc,,DroughtStressThreshold,0.5,1,
1197,True,fixed,auto,SM_sfix_hauto,sim_projection_avgyield.json,crop.json,site.json,False,dwd_core_ensemble,dwd_core_ensemble/csvs_dwd_core_ensemble,ICHEC-EC-EARTH,SMHI-RCA4,rcp45,r12i1p1,v1,2054-01-01,2054-12-31,False,False,True,True,True,False,False,True,False,True,False,False,False,,,0.98,100_220_390_120_330_140_25,prediction_runs,,crop_MS_2054_100_25832_etrs89-utm32n.asc,irrigation_SM_2040_100_25832_etrs89-utm32n.asc,,DroughtStressThreshold,0.5,1,
1198,True,fixed,auto,SM_sfix_hauto,sim_projection_avgyield.json,crop.json,site.json,False,dwd_core_ensemble,dwd_core_ensemble/csvs_dwd_core_ensemble,MIROC-MIROC5,CLMcom-CCLM4-8-17,rcp26,r1i1p1,v1,2054-01-01,2054-12-31,False,False,True,True,True,False,False,True,False,True,False,False,False,,,0.98,100_220_390_120_330_140_25,prediction_runs,,crop_MS_2054_100_25832_etrs89-utm32n.asc,irrigation_SM_2040_100_25832_etrs89-utm32n.asc,,DroughtStressThreshold,0.5,1,
1199,True,fixed,auto,SM_sfix_hauto,sim_projection_avgyield.json,crop.json,site.json,False,dwd_core_ensemble,dwd_core_ensemble/csvs_dwd_core_ensemble,MIROC-MIROC5,GERICS-REMO2015,rcp85,r1i1p1,v1,2054-01-01,2054-12-31,False,False,True,True,True,False,False,True,False,True,False,False,False,,,0.98,100_220_390_120_330_140_25,prediction_runs,,crop_MS_2054_100_25832_etrs89-utm32n.asc,irrigation_SM_2040_100_25832_etrs89-utm32n.asc,,DroughtStressThreshold,0.5,1,
1200,True,fixed,auto,SM_sfix_hauto,sim_projection_avgyield.json,crop.json,site.json,False,dwd_core_ensemble,dwd_core_ensemble/csvs_dwd_core_ensemble,MOHC-HadGEM2-ES,CLMcom-CCLM4-8-17,rcp45,r1i1p1,v1,2054-01-01,2054-12-31,False,False,True,True,True,False,False,True,False,True,False,False,False,,,0.98,100_220_390_120_330_140_25,prediction_runs,,crop_MS_2054_100_25832_etrs89-utm32n.asc,irrigation_SM_2040_100_25832_etrs89-utm32n.asc,,DroughtStressThreshold,0.5,1,
1201,True,fixed,auto,SM_sfix_hauto,sim_projection_avgyield.json,crop.json,site.json,False,dwd_core_ensemble,dwd_core_ensemble/csvs_dwd_core_ensemble,MOHC-HadGEM2-ES,CLMcom-CCLM4-8-17,rcp85,r1i1p1,v1,2054-01-01,2054-12-31,False,False,True,True,True,False,False,True,False,True,False,False,False,,,0.98,100_220_390_120_330_140_25,prediction_runs,,crop_MS_2054_100_25832_etrs89-utm32n.asc,irrigation_SM_2040_100_25832_etrs89-utm32n.asc,,DroughtStressThreshold,0.5,1,
1202,True,fixed,auto,SM_sfix_hauto,sim_projection_avgyield.json,crop.json,site.json,False,dwd_core_ensemble,dwd_core_ensemble/csvs_dwd_core_ensemble,MOHC-HadGEM2-ES,KNMI-RACMO22E,rcp26,r1i1p1,v2,2054-01-01,2054-12-31,False,False,True,True,True,False,False,True,False,True,False,False,False,,,0.98,100_220_390_120_330_140_25,prediction_runs,,crop_MS_2054_100_25832_etrs89-utm32n.asc,irrigation_SM_2040_100_25832_etrs89-utm32n.asc,,DroughtStressThreshold,0.5,1,
1203,True,fixed,auto,SM_sfix_hauto,sim_projection_avgyield.json,crop.json,site.json,False,dwd_core_ensemble,dwd_core_ensemble/csvs_dwd_core_ensemble,MPI-M-MPI-ESM-LR,MPI-CSC-REMO2009,rcp26,r2i1p1,v1,2054-01-01,2054-12-31,False,False,True,True,True,False,False,True,False,True,False,False,False,,,0.98,100_220_390_120_330_140_25,prediction_runs,,crop_MS_2054_100_25832_etrs89-utm32n.asc,irrigation_SM_2040_100_25832_etrs89-utm32n.asc,,DroughtStressThreshold,0.5,1,
1204,True,fixed,auto,SM_sfix_hauto,sim_projection_avgyield.json,crop.json,site.json,False,dwd_core_ensemble,dwd_core_ensemble/csvs_dwd_core_ensemble,MPI-M-MPI-ESM-LR,MPI-CSC-REMO2009,rcp45,r1i1p1,v1,2054-01-01,2054-12-31,False,False,True,True,True,False,False,True,False,True,False,False,False,,,0.98,100_220_390_120_330_140_25,prediction_runs,,crop_MS_2054_100_25832_etrs89-utm32n.asc,irrigation_SM_2040_100_25832_etrs89-utm32n.asc,,DroughtStressThreshold,0.5,1,
1205,True,fixed,auto,SM_sfix_hauto,sim_projection_avgyield.json,crop.json,site.json,False,dwd_core_ensemble,dwd_core_ensemble/csvs_dwd_core_ensemble,MPI-M-MPI-ESM-LR,MPI-CSC-REMO2009,rcp45,r2i1p1,v1,2054-01-01,2054-12-31,False,False,True,True,True,False,False,True,False,True,False,False,False,,,0.98,100_220_390_120_330_140_25,prediction_runs,,crop_MS_2054_100_25832_etrs89-utm32n.asc,irrigation_SM_2040_100_25832_etrs89-utm32n.asc,,DroughtStressThreshold,0.5,1,
1206,True,fixed,auto,SM_sfix_hauto,sim_projection_avgyield.json,crop.json,site.json,False,dwd_core_ensemble,dwd_core_ensemble/csvs_dwd_core_ensemble,MPI-M-MPI-ESM-LR,MPI-CSC-REMO2009,rcp85,r2i1p1,v1,2054-01-01,2054-12-31,False,False,True,True,True,False,False,True,False,True,False,False,False,,,0.98,100_220_390_120_330_140_25,prediction_runs,,crop_MS_2054_100_25832_etrs89-utm32n.asc,irrigation_SM_2040_100_25832_etrs89-utm32n.asc,,DroughtStressThreshold,0.5,1,
1207,True,fixed,auto,SM_sfix_hauto,sim_projection_avgyield.json,crop.json,site.json,False,dwd_core_ensemble,dwd_core_ensemble/csvs_dwd_core_ensemble,MPI-M-MPI-ESM-LR,UHOH-WRF361H,rcp85,r1i1p1,v1,2054-01-01,2054-12-31,False,False,True,True,True,False,False,True,False,True,False,False,False,,,0.98,100_220_390_120_330_140_25,prediction_runs,,crop_MS_2054_100_25832_etrs89-utm32n.asc,irrigation_SM_2040_100_25832_etrs89-utm32n.asc,,DroughtStressThreshold,0.5,1,
1208,True,fixed,auto,SM_sfix_hauto,sim_projection_avgyield.json,crop.json,site.json,False,dwd_core_ensemble,dwd_core_ensemble/csvs_dwd_core_ensemble,CCCma-CanESM2,CLMcom-CCLM4-8-17,rcp85,r1i1p1,v1,2055-01-01,2055-12-31,False,False,True,True,True,False,False,True,False,True,False,False,False,,,0.98,100_220_390_120_330_140_25,prediction_runs,,crop_MS_2055_100_25832_etrs89-utm32n.asc,irrigation_SM_2040_100_25832_etrs89-utm32n.asc,,DroughtStressThreshold,0.5,1,
1209,True,fixed,auto,SM_sfix_hauto,sim_projection_avgyield.json,crop.json,site.json,False,dwd_core_ensemble,dwd_core_ensemble/csvs_dwd_core_ensemble,ICHEC-EC-EARTH,CLMcom-CCLM4-8-17,rcp26,r12i1p1,v1,2055-01-01,2055-12-31,False,False,True,True,True,False,False,True,False,True,False,False,False,,,0.98,100_220_390_120_330_140_25,prediction_runs,,crop_MS_2055_100_25832_etrs89-utm32n.asc,irrigation_SM_2040_100_25832_etrs89-utm32n.asc,,DroughtStressThreshold,0.5,1,
1210,True,fixed,auto,SM_sfix_hauto,sim_projection_avgyield.json,crop.json,site.json,False,dwd_core_ensemble,dwd_core_ensemble/csvs_dwd_core_ensemble,ICHEC-EC-EARTH,KNMI-RACMO22E,rcp26,r12i1p1,v1,2055-01-01,2055-12-31,False,False,True,True,True,False,False,True,False,True,False,False,False,,,0.98,100_220_390_120_330_140_25,prediction_runs,,crop_MS_2055_100_25832_etrs89-utm32n.asc,irrigation_SM_2040_100_25832_etrs89-utm32n.asc,,DroughtStressThreshold,0.5,1,
1211,True,fixed,auto,SM_sfix_hauto,sim_projection_avgyield.json,crop.json,site.json,False,dwd_core_ensemble,dwd_core_ensemble/csvs_dwd_core_ensemble,ICHEC-EC-EARTH,KNMI-RACMO22E,rcp45,r1i1p1,v1,2055-01-01,2055-12-31,False,False,True,True,True,False,False,True,False,True,False,False,False,,,0.98,100_220_390_120_330_140_25,prediction_runs,,crop_MS_2055_100_25832_etrs89-utm32n.asc,irrigation_SM_2040_100_25832_etrs89-utm32n.asc,,DroughtStressThreshold,0.5,1,
1212,True,fixed,auto,SM_sfix_hauto,sim_projection_avgyield.json,crop.json,site.json,False,dwd_core_ensemble,dwd_core_ensemble/csvs_dwd_core_ensemble,ICHEC-EC-EARTH,KNMI-RACMO22E,rcp45,r12i1p1,v1,2055-01-01,2055-12-31,False,False,True,True,True,False,False,True,False,True,False,False,False,,,0.98,100_220_390_120_330_140_25,prediction_runs,,crop_MS_2055_100_25832_etrs89-utm32n.asc,irrigation_SM_2040_100_25832_etrs89-utm32n.asc,,DroughtStressThreshold,0.5,1,
1213,True,fixed,auto,SM_sfix_hauto,sim_projection_avgyield.json,crop.json,site.json,False,dwd_core_ensemble,dwd_core_ensemble/csvs_dwd_core_ensemble,ICHEC-EC-EARTH,KNMI-RACMO22E,rcp85,r1i1p1,v1,2055-01-01,2055-12-31,False,False,True,True,True,False,False,True,False,True,False,False,False,,,0.98,100_220_390_120_330_140_25,prediction_runs,,crop_MS_2055_100_25832_etrs89-utm32n.asc,irrigation_SM_2040_100_25832_etrs89-utm32n.asc,,DroughtStressThreshold,0.5,1,
1214,True,fixed,auto,SM_sfix_hauto,sim_projection_avgyield.json,crop.json,site.json,False,dwd_core_ensemble,dwd_core_ensemble/csvs_dwd_core_ensemble,ICHEC-EC-EARTH,SMHI-RCA4,rcp45,r12i1p1,v1,2055-01-01,2055-12-31,False,False,True,True,True,False,False,True,False,True,False,False,False,,,0.98,100_220_390_120_330_140_25,prediction_runs,,crop_MS_2055_100_25832_etrs89-utm32n.asc,irrigation_SM_2040_100_25832_etrs89-utm32n.asc,,DroughtStressThreshold,0.5,1,
1215,True,fixed,auto,SM_sfix_hauto,sim_projection_avgyield.json,crop.json,site.json,False,dwd_core_ensemble,dwd_core_ensemble/csvs_dwd_core_ensemble,MIROC-MIROC5,CLMcom-CCLM4-8-17,rcp26,r1i1p1,v1,2055-01-01,2055-12-31,False,False,True,True,True,False,False,True,False,True,False,False,False,,,0.98,100_220_390_120_330_140_25,prediction_runs,,crop_MS_2055_100_25832_etrs89-utm32n.asc,irrigation_SM_2040_100_25832_etrs89-utm32n.asc,,DroughtStressThreshold,0.5,1,
1216,True,fixed,auto,SM_sfix_hauto,sim_projection_avgyield.json,crop.json,site.json,False,dwd_core_ensemble,dwd_core_ensemble/csvs_dwd_core_ensemble,MIROC-MIROC5,GERICS-REMO2015,rcp85,r1i1p1,v1,2055-01-01,2055-12-31,False,False,True,True,True,False,False,True,False,True,False,False,False,,,0.98,100_220_390_120_330_140_25,prediction_runs,,crop_MS_2055_100_25832_etrs89-utm32n.asc,irrigation_SM_2040_100_25832_etrs89-utm32n.asc,,DroughtStressThreshold,0.5,1,
1217,True,fixed,auto,SM_sfix_hauto,sim_projection_avgyield.json,crop.json,site.json,False,dwd_core_ensemble,dwd_core_ensemble/csvs_dwd_core_ensemble,MOHC-HadGEM2-ES,CLMcom-CCLM4-8-17,rcp45,r1i1p1,v1,2055-01-01,2055-12-31,False,False,True,True,True,False,False,True,False,True,False,False,False,,,0.98,100_220_390_120_330_140_25,prediction_runs,,crop_MS_2055_100_25832_etrs89-utm32n.asc,irrigation_SM_2040_100_25832_etrs89-utm32n.asc,,DroughtStressThreshold,0.5,1,
1218,True,fixed,auto,SM_sfix_hauto,sim_projection_avgyield.json,crop.json,site.json,False,dwd_core_ensemble,dwd_core_ensemble/csvs_dwd_core_ensemble,MOHC-HadGEM2-ES,CLMcom-CCLM4-8-17,rcp85,r1i1p1,v1,2055-01-01,2055-12-31,False,False,True,True,True,False,False,True,False,True,False,False,False,,,0.98,100_220_390_120_330_140_25,prediction_runs,,crop_MS_2055_100_25832_etrs89-utm32n.asc,irrigation_SM_2040_100_25832_etrs89-utm32n.asc,,DroughtStressThreshold,0.5,1,
1219,True,fixed,auto,SM_sfix_hauto,sim_projection_avgyield.json,crop.json,site.json,False,dwd_core_ensemble,dwd_core_ensemble/csvs_dwd_core_ensemble,MOHC-HadGEM2-ES,KNMI-RACMO22E,rcp26,r1i1p1,v2,2055-01-01,2055-12-31,False,False,True,True,True,False,False,True,False,True,False,False,False,,,0.98,100_220_390_120_330_140_25,prediction_runs,,crop_MS_2055_100_25832_etrs89-utm32n.asc,irrigation_SM_2040_100_25832_etrs89-utm32n.asc,,DroughtStressThreshold,0.5,1,
1220,True,fixed,auto,SM_sfix_hauto,sim_projection_avgyield.json,crop.json,site.json,False,dwd_core_ensemble,dwd_core_ensemble/csvs_dwd_core_ensemble,MPI-M-MPI-ESM-LR,MPI-CSC-REMO2009,rcp26,r2i1p1,v1,2055-01-01,2055-12-31,False,False,True,True,True,False,False,True,False,True,False,False,False,,,0.98,100_220_390_120_330_140_25,prediction_runs,,crop_MS_2055_100_25832_etrs89-utm32n.asc,irrigation_SM_2040_100_25832_etrs89-utm32n.asc,,DroughtStressThreshold,0.5,1,
1221,True,fixed,auto,SM_sfix_hauto,sim_projection_avgyield.json,crop.json,site.json,False,dwd_core_ensemble,dwd_core_ensemble/csvs_dwd_core_ensemble,MPI-M-MPI-ESM-LR,MPI-CSC-REMO2009,rcp45,r1i1p1,v1,2055-01-01,2055-12-31,False,False,True,True,True,False,False,True,False,True,False,False,False,,,0.98,100_220_390_120_330_140_25,prediction_runs,,crop_MS_2055_100_25832_etrs89-utm32n.asc,irrigation_SM_2040_100_25832_etrs89-utm32n.asc,,DroughtStressThreshold,0.5,1,
1222,True,fixed,auto,SM_sfix_hauto,sim_projection_avgyield.json,crop.json,site.json,False,dwd_core_ensemble,dwd_core_ensemble/csvs_dwd_core_ensemble,MPI-M-MPI-ESM-LR,MPI-CSC-REMO2009,rcp45,r2i1p1,v1,2055-01-01,2055-12-31,False,False,True,True,True,False,False,True,False,True,False,False,False,,,0.98,100_220_390_120_330_140_25,prediction_runs,,crop_MS_2055_100_25832_etrs89-utm32n.asc,irrigation_SM_2040_100_25832_etrs89-utm32n.asc,,DroughtStressThreshold,0.5,1,
1223,True,fixed,auto,SM_sfix_hauto,sim_projection_avgyield.json,crop.json,site.json,False,dwd_core_ensemble,dwd_core_ensemble/csvs_dwd_core_ensemble,MPI-M-MPI-ESM-LR,MPI-CSC-REMO2009,rcp85,r2i1p1,v1,2055-01-01,2055-12-31,False,False,True,True,True,False,False,True,False,True,False,False,False,,,0.98,100_220_390_120_330_140_25,prediction_runs,,crop_MS_2055_100_25832_etrs89-utm32n.asc,irrigation_SM_2040_100_25832_etrs89-utm32n.asc,,DroughtStressThreshold,0.5,1,
1224,True,fixed,auto,SM_sfix_hauto,sim_projection_avgyield.json,crop.json,site.json,False,dwd_core_ensemble,dwd_core_ensemble/csvs_dwd_core_ensemble,MPI-M-MPI-ESM-LR,UHOH-WRF361H,rcp85,r1i1p1,v1,2055-01-01,2055-12-31,False,False,True,True,True,False,False,True,False,True,False,False,False,,,0.98,100_220_390_120_330_140_25,prediction_runs,,crop_MS_2055_100_25832_etrs89-utm32n.asc,irrigation_SM_2040_100_25832_etrs89-utm32n.asc,,DroughtStressThreshold,0.5,1,
1225,True,fixed,auto,SM_sfix_hauto,sim_projection_avgyield.json,crop.json,site.json,False,dwd_core_ensemble,dwd_core_ensemble/csvs_dwd_core_ensemble,CCCma-CanESM2,CLMcom-CCLM4-8-17,rcp85,r1i1p1,v1,2056-01-01,2056-12-31,False,False,True,True,True,False,False,True,False,True,False,False,False,,,0.98,100_220_390_120_330_140_25,prediction_runs,,crop_MS_2056_100_25832_etrs89-utm32n.asc,irrigation_SM_2040_100_25832_etrs89-utm32n.asc,,DroughtStressThreshold,0.5,1,
1226,True,fixed,auto,SM_sfix_hauto,sim_projection_avgyield.json,crop.json,site.json,False,dwd_core_ensemble,dwd_core_ensemble/csvs_dwd_core_ensemble,ICHEC-EC-EARTH,CLMcom-CCLM4-8-17,rcp26,r12i1p1,v1,2056-01-01,2056-12-31,False,False,True,True,True,False,False,True,False,True,False,False,False,,,0.98,100_220_390_120_330_140_25,prediction_runs,,crop_MS_2056_100_25832_etrs89-utm32n.asc,irrigation_SM_2040_100_25832_etrs89-utm32n.asc,,DroughtStressThreshold,0.5,1,
1227,True,fixed,auto,SM_sfix_hauto,sim_projection_avgyield.json,crop.json,site.json,False,dwd_core_ensemble,dwd_core_ensemble/csvs_dwd_core_ensemble,ICHEC-EC-EARTH,KNMI-RACMO22E,rcp26,r12i1p1,v1,2056-01-01,2056-12-31,False,False,True,True,True,False,False,True,False,True,False,False,False,,,0.98,100_220_390_120_330_140_25,prediction_runs,,crop_MS_2056_100_25832_etrs89-utm32n.asc,irrigation_SM_2040_100_25832_etrs89-utm32n.asc,,DroughtStressThreshold,0.5,1,
1228,True,fixed,auto,SM_sfix_hauto,sim_projection_avgyield.json,crop.json,site.json,False,dwd_core_ensemble,dwd_core_ensemble/csvs_dwd_core_ensemble,ICHEC-EC-EARTH,KNMI-RACMO22E,rcp45,r1i1p1,v1,2056-01-01,2056-12-31,False,False,True,True,True,False,False,True,False,True,False,False,False,,,0.98,100_220_390_120_330_140_25,prediction_runs,,crop_MS_2056_100_25832_etrs89-utm32n.asc,irrigation_SM_2040_100_25832_etrs89-utm32n.asc,,DroughtStressThreshold,0.5,1,
1229,True,fixed,auto,SM_sfix_hauto,sim_projection_avgyield.json,crop.json,site.json,False,dwd_core_ensemble,dwd_core_ensemble/csvs_dwd_core_ensemble,ICHEC-EC-EARTH,KNMI-RACMO22E,rcp45,r12i1p1,v1,2056-01-01,2056-12-31,False,False,True,True,True,False,False,True,False,True,False,False,False,,,0.98,100_220_390_120_330_140_25,prediction_runs,,crop_MS_2056_100_25832_etrs89-utm32n.asc,irrigation_SM_2040_100_25832_etrs89-utm32n.asc,,DroughtStressThreshold,0.5,1,
1230,True,fixed,auto,SM_sfix_hauto,sim_projection_avgyield.json,crop.json,site.json,False,dwd_core_ensemble,dwd_core_ensemble/csvs_dwd_core_ensemble,ICHEC-EC-EARTH,KNMI-RACMO22E,rcp85,r1i1p1,v1,2056-01-01,2056-12-31,False,False,True,True,True,False,False,True,False,True,False,False,False,,,0.98,100_220_390_120_330_140_25,prediction_runs,,crop_MS_2056_100_25832_etrs89-utm32n.asc,irrigation_SM_2040_100_25832_etrs89-utm32n.asc,,DroughtStressThreshold,0.5,1,
1231,True,fixed,auto,SM_sfix_hauto,sim_projection_avgyield.json,crop.json,site.json,False,dwd_core_ensemble,dwd_core_ensemble/csvs_dwd_core_ensemble,ICHEC-EC-EARTH,SMHI-RCA4,rcp45,r12i1p1,v1,2056-01-01,2056-12-31,False,False,True,True,True,False,False,True,False,True,False,False,False,,,0.98,100_220_390_120_330_140_25,prediction_runs,,crop_MS_2056_100_25832_etrs89-utm32n.asc,irrigation_SM_2040_100_25832_etrs89-utm32n.asc,,DroughtStressThreshold,0.5,1,
1232,True,fixed,auto,SM_sfix_hauto,sim_projection_avgyield.json,crop.json,site.json,False,dwd_core_ensemble,dwd_core_ensemble/csvs_dwd_core_ensemble,MIROC-MIROC5,CLMcom-CCLM4-8-17,rcp26,r1i1p1,v1,2056-01-01,2056-12-31,False,False,True,True,True,False,False,True,False,True,False,False,False,,,0.98,100_220_390_120_330_140_25,prediction_runs,,crop_MS_2056_100_25832_etrs89-utm32n.asc,irrigation_SM_2040_100_25832_etrs89-utm32n.asc,,DroughtStressThreshold,0.5,1,
1233,True,fixed,auto,SM_sfix_hauto,sim_projection_avgyield.json,crop.json,site.json,False,dwd_core_ensemble,dwd_core_ensemble/csvs_dwd_core_ensemble,MIROC-MIROC5,GERICS-REMO2015,rcp85,r1i1p1,v1,2056-01-01,2056-12-31,False,False,True,True,True,False,False,True,False,True,False,False,False,,,0.98,100_220_390_120_330_140_25,prediction_runs,,crop_MS_2056_100_25832_etrs89-utm32n.asc,irrigation_SM_2040_100_25832_etrs89-utm32n.asc,,DroughtStressThreshold,0.5,1,
1234,True,fixed,auto,SM_sfix_hauto,sim_projection_avgyield.json,crop.json,site.json,False,dwd_core_ensemble,dwd_core_ensemble/csvs_dwd_core_ensemble,MOHC-HadGEM2-ES,CLMcom-CCLM4-8-17,rcp45,r1i1p1,v1,2056-01-01,2056-12-31,False,False,True,True,True,False,False,True,False,True,False,False,False,,,0.98,100_220_390_120_330_140_25,prediction_runs,,crop_MS_2056_100_25832_etrs89-utm32n.asc,irrigation_SM_2040_100_25832_etrs89-utm32n.asc,,DroughtStressThreshold,0.5,1,
1235,True,fixed,auto,SM_sfix_hauto,sim_projection_avgyield.json,crop.json,site.json,False,dwd_core_ensemble,dwd_core_ensemble/csvs_dwd_core_ensemble,MOHC-HadGEM2-ES,CLMcom-CCLM4-8-17,rcp85,r1i1p1,v1,2056-01-01,2056-12-31,False,False,True,True,True,False,False,True,False,True,False,False,False,,,0.98,100_220_390_120_330_140_25,prediction_runs,,crop_MS_2056_100_25832_etrs89-utm32n.asc,irrigation_SM_2040_100_25832_etrs89-utm32n.asc,,DroughtStressThreshold,0.5,1,
1236,True,fixed,auto,SM_sfix_hauto,sim_projection_avgyield.json,crop.json,site.json,False,dwd_core_ensemble,dwd_core_ensemble/csvs_dwd_core_ensemble,MOHC-HadGEM2-ES,KNMI-RACMO22E,rcp26,r1i1p1,v2,2056-01-01,2056-12-31,False,False,True,True,True,False,False,True,False,True,False,False,False,,,0.98,100_220_390_120_330_140_25,prediction_runs,,crop_MS_2056_100_25832_etrs89-utm32n.asc,irrigation_SM_2040_100_25832_etrs89-utm32n.asc,,DroughtStressThreshold,0.5,1,
1237,True,fixed,auto,SM_sfix_hauto,sim_projection_avgyield.json,crop.json,site.json,False,dwd_core_ensemble,dwd_core_ensemble/csvs_dwd_core_ensemble,MPI-M-MPI-ESM-LR,MPI-CSC-REMO2009,rcp26,r2i1p1,v1,2056-01-01,2056-12-31,False,False,True,True,True,False,False,True,False,True,False,False,False,,,0.98,100_220_390_120_330_140_25,prediction_runs,,crop_MS_2056_100_25832_etrs89-utm32n.asc,irrigation_SM_2040_100_25832_etrs89-utm32n.asc,,DroughtStressThreshold,0.5,1,
1238,True,fixed,auto,SM_sfix_hauto,sim_projection_avgyield.json,crop.json,site.json,False,dwd_core_ensemble,dwd_core_ensemble/csvs_dwd_core_ensemble,MPI-M-MPI-ESM-LR,MPI-CSC-REMO2009,rcp45,r1i1p1,v1,2056-01-01,2056-12-31,False,False,True,True,True,False,False,True,False,True,False,False,False,,,0.98,100_220_390_120_330_140_25,prediction_runs,,crop_MS_2056_100_25832_etrs89-utm32n.asc,irrigation_SM_2040_100_25832_etrs89-utm32n.asc,,DroughtStressThreshold,0.5,1,
1239,True,fixed,auto,SM_sfix_hauto,sim_projection_avgyield.json,crop.json,site.json,False,dwd_core_ensemble,dwd_core_ensemble/csvs_dwd_core_ensemble,MPI-M-MPI-ESM-LR,MPI-CSC-REMO2009,rcp45,r2i1p1,v1,2056-01-01,2056-12-31,False,False,True,True,True,False,False,True,False,True,False,False,False,,,0.98,100_220_390_120_330_140_25,prediction_runs,,crop_MS_2056_100_25832_etrs89-utm32n.asc,irrigation_SM_2040_100_25832_etrs89-utm32n.asc,,DroughtStressThreshold,0.5,1,
1240,True,fixed,auto,SM_sfix_hauto,sim_projection_avgyield.json,crop.json,site.json,False,dwd_core_ensemble,dwd_core_ensemble/csvs_dwd_core_ensemble,MPI-M-MPI-ESM-LR,MPI-CSC-REMO2009,rcp85,r2i1p1,v1,2056-01-01,2056-12-31,False,False,True,True,True,False,False,True,False,True,False,False,False,,,0.98,100_220_390_120_330_140_25,prediction_runs,,crop_MS_2056_100_25832_etrs89-utm32n.asc,irrigation_SM_2040_100_25832_etrs89-utm32n.asc,,DroughtStressThreshold,0.5,1,
1241,True,fixed,auto,SM_sfix_hauto,sim_projection_avgyield.json,crop.json,site.json,False,dwd_core_ensemble,dwd_core_ensemble/csvs_dwd_core_ensemble,MPI-M-MPI-ESM-LR,UHOH-WRF361H,rcp85,r1i1p1,v1,2056-01-01,2056-12-31,False,False,True,True,True,False,False,True,False,True,False,False,False,,,0.98,100_220_390_120_330_140_25,prediction_runs,,crop_MS_2056_100_25832_etrs89-utm32n.asc,irrigation_SM_2040_100_25832_etrs89-utm32n.asc,,DroughtStressThreshold,0.5,1,
1242,True,fixed,auto,SM_sfix_hauto,sim_projection_avgyield.json,crop.json,site.json,False,dwd_core_ensemble,dwd_core_ensemble/csvs_dwd_core_ensemble,CCCma-CanESM2,CLMcom-CCLM4-8-17,rcp85,r1i1p1,v1,2057-01-01,2057-12-31,False,False,True,True,True,False,False,True,False,True,False,False,False,,,0.98,100_220_390_120_330_140_25,prediction_runs,,crop_MS_2057_100_25832_etrs89-utm32n.asc,irrigation_SM_2040_100_25832_etrs89-utm32n.asc,,DroughtStressThreshold,0.5,1,
1243,True,fixed,auto,SM_sfix_hauto,sim_projection_avgyield.json,crop.json,site.json,False,dwd_core_ensemble,dwd_core_ensemble/csvs_dwd_core_ensemble,ICHEC-EC-EARTH,CLMcom-CCLM4-8-17,rcp26,r12i1p1,v1,2057-01-01,2057-12-31,False,False,True,True,True,False,False,True,False,True,False,False,False,,,0.98,100_220_390_120_330_140_25,prediction_runs,,crop_MS_2057_100_25832_etrs89-utm32n.asc,irrigation_SM_2040_100_25832_etrs89-utm32n.asc,,DroughtStressThreshold,0.5,1,
1244,True,fixed,auto,SM_sfix_hauto,sim_projection_avgyield.json,crop.json,site.json,False,dwd_core_ensemble,dwd_core_ensemble/csvs_dwd_core_ensemble,ICHEC-EC-EARTH,KNMI-RACMO22E,rcp26,r12i1p1,v1,2057-01-01,2057-12-31,False,False,True,True,True,False,False,True,False,True,False,False,False,,,0.98,100_220_390_120_330_140_25,prediction_runs,,crop_MS_2057_100_25832_etrs89-utm32n.asc,irrigation_SM_2040_100_25832_etrs89-utm32n.asc,,DroughtStressThreshold,0.5,1,
1245,True,fixed,auto,SM_sfix_hauto,sim_projection_avgyield.json,crop.json,site.json,False,dwd_core_ensemble,dwd_core_ensemble/csvs_dwd_core_ensemble,ICHEC-EC-EARTH,KNMI-RACMO22E,rcp45,r1i1p1,v1,2057-01-01,2057-12-31,False,False,True,True,True,False,False,True,False,True,False,False,False,,,0.98,100_220_390_120_330_140_25,prediction_runs,,crop_MS_2057_100_25832_etrs89-utm32n.asc,irrigation_SM_2040_100_25832_etrs89-utm32n.asc,,DroughtStressThreshold,0.5,1,
1246,True,fixed,auto,SM_sfix_hauto,sim_projection_avgyield.json,crop.json,site.json,False,dwd_core_ensemble,dwd_core_ensemble/csvs_dwd_core_ensemble,ICHEC-EC-EARTH,KNMI-RACMO22E,rcp45,r12i1p1,v1,2057-01-01,2057-12-31,False,False,True,True,True,False,False,True,False,True,False,False,False,,,0.98,100_220_390_120_330_140_25,prediction_runs,,crop_MS_2057_100_25832_etrs89-utm32n.asc,irrigation_SM_2040_100_25832_etrs89-utm32n.asc,,DroughtStressThreshold,0.5,1,
1247,True,fixed,auto,SM_sfix_hauto,sim_projection_avgyield.json,crop.json,site.json,False,dwd_core_ensemble,dwd_core_ensemble/csvs_dwd_core_ensemble,ICHEC-EC-EARTH,KNMI-RACMO22E,rcp85,r1i1p1,v1,2057-01-01,2057-12-31,False,False,True,True,True,False,False,True,False,True,False,False,False,,,0.98,100_220_390_120_330_140_25,prediction_runs,,crop_MS_2057_100_25832_etrs89-utm32n.asc,irrigation_SM_2040_100_25832_etrs89-utm32n.asc,,DroughtStressThreshold,0.5,1,
1248,True,fixed,auto,SM_sfix_hauto,sim_projection_avgyield.json,crop.json,site.json,False,dwd_core_ensemble,dwd_core_ensemble/csvs_dwd_core_ensemble,ICHEC-EC-EARTH,SMHI-RCA4,rcp45,r12i1p1,v1,2057-01-01,2057-12-31,False,False,True,True,True,False,False,True,False,True,False,False,False,,,0.98,100_220_390_120_330_140_25,prediction_runs,,crop_MS_2057_100_25832_etrs89-utm32n.asc,irrigation_SM_2040_100_25832_etrs89-utm32n.asc,,DroughtStressThreshold,0.5,1,
1249,True,fixed,auto,SM_sfix_hauto,sim_projection_avgyield.json,crop.json,site.json,False,dwd_core_ensemble,dwd_core_ensemble/csvs_dwd_core_ensemble,MIROC-MIROC5,CLMcom-CCLM4-8-17,rcp26,r1i1p1,v1,2057-01-01,2057-12-31,False,False,True,True,True,False,False,True,False,True,False,False,False,,,0.98,100_220_390_120_330_140_25,prediction_runs,,crop_MS_2057_100_25832_etrs89-utm32n.asc,irrigation_SM_2040_100_25832_etrs89-utm32n.asc,,DroughtStressThreshold,0.5,1,
1250,True,fixed,auto,SM_sfix_hauto,sim_projection_avgyield.json,crop.json,site.json,False,dwd_core_ensemble,dwd_core_ensemble/csvs_dwd_core_ensemble,MIROC-MIROC5,GERICS-REMO2015,rcp85,r1i1p1,v1,2057-01-01,2057-12-31,False,False,True,True,True,False,False,True,False,True,False,False,False,,,0.98,100_220_390_120_330_140_25,prediction_runs,,crop_MS_2057_100_25832_etrs89-utm32n.asc,irrigation_SM_2040_100_25832_etrs89-utm32n.asc,,DroughtStressThreshold,0.5,1,
1251,True,fixed,auto,SM_sfix_hauto,sim_projection_avgyield.json,crop.json,site.json,False,dwd_core_ensemble,dwd_core_ensemble/csvs_dwd_core_ensemble,MOHC-HadGEM2-ES,CLMcom-CCLM4-8-17,rcp45,r1i1p1,v1,2057-01-01,2057-12-31,False,False,True,True,True,False,False,True,False,True,False,False,False,,,0.98,100_220_390_120_330_140_25,prediction_runs,,crop_MS_2057_100_25832_etrs89-utm32n.asc,irrigation_SM_2040_100_25832_etrs89-utm32n.asc,,DroughtStressThreshold,0.5,1,
1252,True,fixed,auto,SM_sfix_hauto,sim_projection_avgyield.json,crop.json,site.json,False,dwd_core_ensemble,dwd_core_ensemble/csvs_dwd_core_ensemble,MOHC-HadGEM2-ES,CLMcom-CCLM4-8-17,rcp85,r1i1p1,v1,2057-01-01,2057-12-31,False,False,True,True,True,False,False,True,False,True,False,False,False,,,0.98,100_220_390_120_330_140_25,prediction_runs,,crop_MS_2057_100_25832_etrs89-utm32n.asc,irrigation_SM_2040_100_25832_etrs89-utm32n.asc,,DroughtStressThreshold,0.5,1,
1253,True,fixed,auto,SM_sfix_hauto,sim_projection_avgyield.json,crop.json,site.json,False,dwd_core_ensemble,dwd_core_ensemble/csvs_dwd_core_ensemble,MOHC-HadGEM2-ES,KNMI-RACMO22E,rcp26,r1i1p1,v2,2057-01-01,2057-12-31,False,False,True,True,True,False,False,True,False,True,False,False,False,,,0.98,100_220_390_120_330_140_25,prediction_runs,,crop_MS_2057_100_25832_etrs89-utm32n.asc,irrigation_SM_2040_100_25832_etrs89-utm32n.asc,,DroughtStressThreshold,0.5,1,
1254,True,fixed,auto,SM_sfix_hauto,sim_projection_avgyield.json,crop.json,site.json,False,dwd_core_ensemble,dwd_core_ensemble/csvs_dwd_core_ensemble,MPI-M-MPI-ESM-LR,MPI-CSC-REMO2009,rcp26,r2i1p1,v1,2057-01-01,2057-12-31,False,False,True,True,True,False,False,True,False,True,False,False,False,,,0.98,100_220_390_120_330_140_25,prediction_runs,,crop_MS_2057_100_25832_etrs89-utm32n.asc,irrigation_SM_2040_100_25832_etrs89-utm32n.asc,,DroughtStressThreshold,0.5,1,
1255,True,fixed,auto,SM_sfix_hauto,sim_projection_avgyield.json,crop.json,site.json,False,dwd_core_ensemble,dwd_core_ensemble/csvs_dwd_core_ensemble,MPI-M-MPI-ESM-LR,MPI-CSC-REMO2009,rcp45,r1i1p1,v1,2057-01-01,2057-12-31,False,False,True,True,True,False,False,True,False,True,False,False,False,,,0.98,100_220_390_120_330_140_25,prediction_runs,,crop_MS_2057_100_25832_etrs89-utm32n.asc,irrigation_SM_2040_100_25832_etrs89-utm32n.asc,,DroughtStressThreshold,0.5,1,
1256,True,fixed,auto,SM_sfix_hauto,sim_projection_avgyield.json,crop.json,site.json,False,dwd_core_ensemble,dwd_core_ensemble/csvs_dwd_core_ensemble,MPI-M-MPI-ESM-LR,MPI-CSC-REMO2009,rcp45,r2i1p1,v1,2057-01-01,2057-12-31,False,False,True,True,True,False,False,True,False,True,False,False,False,,,0.98,100_220_390_120_330_140_25,prediction_runs,,crop_MS_2057_100_25832_etrs89-utm32n.asc,irrigation_SM_2040_100_25832_etrs89-utm32n.asc,,DroughtStressThreshold,0.5,1,
1257,True,fixed,auto,SM_sfix_hauto,sim_projection_avgyield.json,crop.json,site.json,False,dwd_core_ensemble,dwd_core_ensemble/csvs_dwd_core_ensemble,MPI-M-MPI-ESM-LR,MPI-CSC-REMO2009,rcp85,r2i1p1,v1,2057-01-01,2057-12-31,False,False,True,True,True,False,False,True,False,True,False,False,False,,,0.98,100_220_390_120_330_140_25,prediction_runs,,crop_MS_2057_100_25832_etrs89-utm32n.asc,irrigation_SM_2040_100_25832_etrs89-utm32n.asc,,DroughtStressThreshold,0.5,1,
1258,True,fixed,auto,SM_sfix_hauto,sim_projection_avgyield.json,crop.json,site.json,False,dwd_core_ensemble,dwd_core_ensemble/csvs_dwd_core_ensemble,MPI-M-MPI-ESM-LR,UHOH-WRF361H,rcp85,r1i1p1,v1,2057-01-01,2057-12-31,False,False,True,True,True,False,False,True,False,True,False,False,False,,,0.98,100_220_390_120_330_140_25,prediction_runs,,crop_MS_2057_100_25832_etrs89-utm32n.asc,irrigation_SM_2040_100_25832_etrs89-utm32n.asc,,DroughtStressThreshold,0.5,1,
1259,True,fixed,auto,SM_sfix_hauto,sim_projection_avgyield.json,crop.json,site.json,False,dwd_core_ensemble,dwd_core_ensemble/csvs_dwd_core_ensemble,CCCma-CanESM2,CLMcom-CCLM4-8-17,rcp85,r1i1p1,v1,2058-01-01,2058-12-31,False,False,True,True,True,False,False,True,False,True,False,False,False,,,0.98,100_220_390_120_330_140_25,prediction_runs,,crop_MS_2058_100_25832_etrs89-utm32n.asc,irrigation_SM_2040_100_25832_etrs89-utm32n.asc,,DroughtStressThreshold,0.5,1,
1260,True,fixed,auto,SM_sfix_hauto,sim_projection_avgyield.json,crop.json,site.json,False,dwd_core_ensemble,dwd_core_ensemble/csvs_dwd_core_ensemble,ICHEC-EC-EARTH,CLMcom-CCLM4-8-17,rcp26,r12i1p1,v1,2058-01-01,2058-12-31,False,False,True,True,True,False,False,True,False,True,False,False,False,,,0.98,100_220_390_120_330_140_25,prediction_runs,,crop_MS_2058_100_25832_etrs89-utm32n.asc,irrigation_SM_2040_100_25832_etrs89-utm32n.asc,,DroughtStressThreshold,0.5,1,
1261,True,fixed,auto,SM_sfix_hauto,sim_projection_avgyield.json,crop.json,site.json,False,dwd_core_ensemble,dwd_core_ensemble/csvs_dwd_core_ensemble,ICHEC-EC-EARTH,KNMI-RACMO22E,rcp26,r12i1p1,v1,2058-01-01,2058-12-31,False,False,True,True,True,False,False,True,False,True,False,False,False,,,0.98,100_220_390_120_330_140_25,prediction_runs,,crop_MS_2058_100_25832_etrs89-utm32n.asc,irrigation_SM_2040_100_25832_etrs89-utm32n.asc,,DroughtStressThreshold,0.5,1,
1262,True,fixed,auto,SM_sfix_hauto,sim_projection_avgyield.json,crop.json,site.json,False,dwd_core_ensemble,dwd_core_ensemble/csvs_dwd_core_ensemble,ICHEC-EC-EARTH,KNMI-RACMO22E,rcp45,r1i1p1,v1,2058-01-01,2058-12-31,False,False,True,True,True,False,False,True,False,True,False,False,False,,,0.98,100_220_390_120_330_140_25,prediction_runs,,crop_MS_2058_100_25832_etrs89-utm32n.asc,irrigation_SM_2040_100_25832_etrs89-utm32n.asc,,DroughtStressThreshold,0.5,1,
1263,True,fixed,auto,SM_sfix_hauto,sim_projection_avgyield.json,crop.json,site.json,False,dwd_core_ensemble,dwd_core_ensemble/csvs_dwd_core_ensemble,ICHEC-EC-EARTH,KNMI-RACMO22E,rcp45,r12i1p1,v1,2058-01-01,2058-12-31,False,False,True,True,True,False,False,True,False,True,False,False,False,,,0.98,100_220_390_120_330_140_25,prediction_runs,,crop_MS_2058_100_25832_etrs89-utm32n.asc,irrigation_SM_2040_100_25832_etrs89-utm32n.asc,,DroughtStressThreshold,0.5,1,
1264,True,fixed,auto,SM_sfix_hauto,sim_projection_avgyield.json,crop.json,site.json,False,dwd_core_ensemble,dwd_core_ensemble/csvs_dwd_core_ensemble,ICHEC-EC-EARTH,KNMI-RACMO22E,rcp85,r1i1p1,v1,2058-01-01,2058-12-31,False,False,True,True,True,False,False,True,False,True,False,False,False,,,0.98,100_220_390_120_330_140_25,prediction_runs,,crop_MS_2058_100_25832_etrs89-utm32n.asc,irrigation_SM_2040_100_25832_etrs89-utm32n.asc,,DroughtStressThreshold,0.5,1,
1265,True,fixed,auto,SM_sfix_hauto,sim_projection_avgyield.json,crop.json,site.json,False,dwd_core_ensemble,dwd_core_ensemble/csvs_dwd_core_ensemble,ICHEC-EC-EARTH,SMHI-RCA4,rcp45,r12i1p1,v1,2058-01-01,2058-12-31,False,False,True,True,True,False,False,True,False,True,False,False,False,,,0.98,100_220_390_120_330_140_25,prediction_runs,,crop_MS_2058_100_25832_etrs89-utm32n.asc,irrigation_SM_2040_100_25832_etrs89-utm32n.asc,,DroughtStressThreshold,0.5,1,
1266,True,fixed,auto,SM_sfix_hauto,sim_projection_avgyield.json,crop.json,site.json,False,dwd_core_ensemble,dwd_core_ensemble/csvs_dwd_core_ensemble,MIROC-MIROC5,CLMcom-CCLM4-8-17,rcp26,r1i1p1,v1,2058-01-01,2058-12-31,False,False,True,True,True,False,False,True,False,True,False,False,False,,,0.98,100_220_390_120_330_140_25,prediction_runs,,crop_MS_2058_100_25832_etrs89-utm32n.asc,irrigation_SM_2040_100_25832_etrs89-utm32n.asc,,DroughtStressThreshold,0.5,1,
1267,True,fixed,auto,SM_sfix_hauto,sim_projection_avgyield.json,crop.json,site.json,False,dwd_core_ensemble,dwd_core_ensemble/csvs_dwd_core_ensemble,MIROC-MIROC5,GERICS-REMO2015,rcp85,r1i1p1,v1,2058-01-01,2058-12-31,False,False,True,True,True,False,False,True,False,True,False,False,False,,,0.98,100_220_390_120_330_140_25,prediction_runs,,crop_MS_2058_100_25832_etrs89-utm32n.asc,irrigation_SM_2040_100_25832_etrs89-utm32n.asc,,DroughtStressThreshold,0.5,1,
1268,True,fixed,auto,SM_sfix_hauto,sim_projection_avgyield.json,crop.json,site.json,False,dwd_core_ensemble,dwd_core_ensemble/csvs_dwd_core_ensemble,MOHC-HadGEM2-ES,CLMcom-CCLM4-8-17,rcp45,r1i1p1,v1,2058-01-01,2058-12-31,False,False,True,True,True,False,False,True,False,True,False,False,False,,,0.98,100_220_390_120_330_140_25,prediction_runs,,crop_MS_2058_100_25832_etrs89-utm32n.asc,irrigation_SM_2040_100_25832_etrs89-utm32n.asc,,DroughtStressThreshold,0.5,1,
1269,True,fixed,auto,SM_sfix_hauto,sim_projection_avgyield.json,crop.json,site.json,False,dwd_core_ensemble,dwd_core_ensemble/csvs_dwd_core_ensemble,MOHC-HadGEM2-ES,CLMcom-CCLM4-8-17,rcp85,r1i1p1,v1,2058-01-01,2058-12-31,False,False,True,True,True,False,False,True,False,True,False,False,False,,,0.98,100_220_390_120_330_140_25,prediction_runs,,crop_MS_2058_100_25832_etrs89-utm32n.asc,irrigation_SM_2040_100_25832_etrs89-utm32n.asc,,DroughtStressThreshold,0.5,1,
1270,True,fixed,auto,SM_sfix_hauto,sim_projection_avgyield.json,crop.json,site.json,False,dwd_core_ensemble,dwd_core_ensemble/csvs_dwd_core_ensemble,MOHC-HadGEM2-ES,KNMI-RACMO22E,rcp26,r1i1p1,v2,2058-01-01,2058-12-31,False,False,True,True,True,False,False,True,False,True,False,False,False,,,0.98,100_220_390_120_330_140_25,prediction_runs,,crop_MS_2058_100_25832_etrs89-utm32n.asc,irrigation_SM_2040_100_25832_etrs89-utm32n.asc,,DroughtStressThreshold,0.5,1,
1271,True,fixed,auto,SM_sfix_hauto,sim_projection_avgyield.json,crop.json,site.json,False,dwd_core_ensemble,dwd_core_ensemble/csvs_dwd_core_ensemble,MPI-M-MPI-ESM-LR,MPI-CSC-REMO2009,rcp26,r2i1p1,v1,2058-01-01,2058-12-31,False,False,True,True,True,False,False,True,False,True,False,False,False,,,0.98,100_220_390_120_330_140_25,prediction_runs,,crop_MS_2058_100_25832_etrs89-utm32n.asc,irrigation_SM_2040_100_25832_etrs89-utm32n.asc,,DroughtStressThreshold,0.5,1,
1272,True,fixed,auto,SM_sfix_hauto,sim_projection_avgyield.json,crop.json,site.json,False,dwd_core_ensemble,dwd_core_ensemble/csvs_dwd_core_ensemble,MPI-M-MPI-ESM-LR,MPI-CSC-REMO2009,rcp45,r1i1p1,v1,2058-01-01,2058-12-31,False,False,True,True,True,False,False,True,False,True,False,False,False,,,0.98,100_220_390_120_330_140_25,prediction_runs,,crop_MS_2058_100_25832_etrs89-utm32n.asc,irrigation_SM_2040_100_25832_etrs89-utm32n.asc,,DroughtStressThreshold,0.5,1,
1273,True,fixed,auto,SM_sfix_hauto,sim_projection_avgyield.json,crop.json,site.json,False,dwd_core_ensemble,dwd_core_ensemble/csvs_dwd_core_ensemble,MPI-M-MPI-ESM-LR,MPI-CSC-REMO2009,rcp45,r2i1p1,v1,2058-01-01,2058-12-31,False,False,True,True,True,False,False,True,False,True,False,False,False,,,0.98,100_220_390_120_330_140_25,prediction_runs,,crop_MS_2058_100_25832_etrs89-utm32n.asc,irrigation_SM_2040_100_25832_etrs89-utm32n.asc,,DroughtStressThreshold,0.5,1,
1274,True,fixed,auto,SM_sfix_hauto,sim_projection_avgyield.json,crop.json,site.json,False,dwd_core_ensemble,dwd_core_ensemble/csvs_dwd_core_ensemble,MPI-M-MPI-ESM-LR,MPI-CSC-REMO2009,rcp85,r2i1p1,v1,2058-01-01,2058-12-31,False,False,True,True,True,False,False,True,False,True,False,False,False,,,0.98,100_220_390_120_330_140_25,prediction_runs,,crop_MS_2058_100_25832_etrs89-utm32n.asc,irrigation_SM_2040_100_25832_etrs89-utm32n.asc,,DroughtStressThreshold,0.5,1,
1275,True,fixed,auto,SM_sfix_hauto,sim_projection_avgyield.json,crop.json,site.json,False,dwd_core_ensemble,dwd_core_ensemble/csvs_dwd_core_ensemble,MPI-M-MPI-ESM-LR,UHOH-WRF361H,rcp85,r1i1p1,v1,2058-01-01,2058-12-31,False,False,True,True,True,False,False,True,False,True,False,False,False,,,0.98,100_220_390_120_330_140_25,prediction_runs,,crop_MS_2058_100_25832_etrs89-utm32n.asc,irrigation_SM_2040_100_25832_etrs89-utm32n.asc,,DroughtStressThreshold,0.5,1,
1276,True,fixed,auto,SM_sfix_hauto,sim_projection_avgyield.json,crop.json,site.json,False,dwd_core_ensemble,dwd_core_ensemble/csvs_dwd_core_ensemble,CCCma-CanESM2,CLMcom-CCLM4-8-17,rcp85,r1i1p1,v1,2059-01-01,2059-12-31,False,False,True,True,True,False,False,True,False,True,False,False,False,,,0.98,100_220_390_120_330_140_25,prediction_runs,,crop_MS_2059_100_25832_etrs89-utm32n.asc,irrigation_SM_2040_100_25832_etrs89-utm32n.asc,,DroughtStressThreshold,0.5,1,
1277,True,fixed,auto,SM_sfix_hauto,sim_projection_avgyield.json,crop.json,site.json,False,dwd_core_ensemble,dwd_core_ensemble/csvs_dwd_core_ensemble,ICHEC-EC-EARTH,CLMcom-CCLM4-8-17,rcp26,r12i1p1,v1,2059-01-01,2059-12-31,False,False,True,True,True,False,False,True,False,True,False,False,False,,,0.98,100_220_390_120_330_140_25,prediction_runs,,crop_MS_2059_100_25832_etrs89-utm32n.asc,irrigation_SM_2040_100_25832_etrs89-utm32n.asc,,DroughtStressThreshold,0.5,1,
1278,True,fixed,auto,SM_sfix_hauto,sim_projection_avgyield.json,crop.json,site.json,False,dwd_core_ensemble,dwd_core_ensemble/csvs_dwd_core_ensemble,ICHEC-EC-EARTH,KNMI-RACMO22E,rcp26,r12i1p1,v1,2059-01-01,2059-12-31,False,False,True,True,True,False,False,True,False,True,False,False,False,,,0.98,100_220_390_120_330_140_25,prediction_runs,,crop_MS_2059_100_25832_etrs89-utm32n.asc,irrigation_SM_2040_100_25832_etrs89-utm32n.asc,,DroughtStressThreshold,0.5,1,
1279,True,fixed,auto,SM_sfix_hauto,sim_projection_avgyield.json,crop.json,site.json,False,dwd_core_ensemble,dwd_core_ensemble/csvs_dwd_core_ensemble,ICHEC-EC-EARTH,KNMI-RACMO22E,rcp45,r1i1p1,v1,2059-01-01,2059-12-31,False,False,True,True,True,False,False,True,False,True,False,False,False,,,0.98,100_220_390_120_330_140_25,prediction_runs,,crop_MS_2059_100_25832_etrs89-utm32n.asc,irrigation_SM_2040_100_25832_etrs89-utm32n.asc,,DroughtStressThreshold,0.5,1,
1280,True,fixed,auto,SM_sfix_hauto,sim_projection_avgyield.json,crop.json,site.json,False,dwd_core_ensemble,dwd_core_ensemble/csvs_dwd_core_ensemble,ICHEC-EC-EARTH,KNMI-RACMO22E,rcp45,r12i1p1,v1,2059-01-01,2059-12-31,False,False,True,True,True,False,False,True,False,True,False,False,False,,,0.98,100_220_390_120_330_140_25,prediction_runs,,crop_MS_2059_100_25832_etrs89-utm32n.asc,irrigation_SM_2040_100_25832_etrs89-utm32n.asc,,DroughtStressThreshold,0.5,1,
1281,True,fixed,auto,SM_sfix_hauto,sim_projection_avgyield.json,crop.json,site.json,False,dwd_core_ensemble,dwd_core_ensemble/csvs_dwd_core_ensemble,ICHEC-EC-EARTH,KNMI-RACMO22E,rcp85,r1i1p1,v1,2059-01-01,2059-12-31,False,False,True,True,True,False,False,True,False,True,False,False,False,,,0.98,100_220_390_120_330_140_25,prediction_runs,,crop_MS_2059_100_25832_etrs89-utm32n.asc,irrigation_SM_2040_100_25832_etrs89-utm32n.asc,,DroughtStressThreshold,0.5,1,
1282,True,fixed,auto,SM_sfix_hauto,sim_projection_avgyield.json,crop.json,site.json,False,dwd_core_ensemble,dwd_core_ensemble/csvs_dwd_core_ensemble,ICHEC-EC-EARTH,SMHI-RCA4,rcp45,r12i1p1,v1,2059-01-01,2059-12-31,False,False,True,True,True,False,False,True,False,True,False,False,False,,,0.98,100_220_390_120_330_140_25,prediction_runs,,crop_MS_2059_100_25832_etrs89-utm32n.asc,irrigation_SM_2040_100_25832_etrs89-utm32n.asc,,DroughtStressThreshold,0.5,1,
1283,True,fixed,auto,SM_sfix_hauto,sim_projection_avgyield.json,crop.json,site.json,False,dwd_core_ensemble,dwd_core_ensemble/csvs_dwd_core_ensemble,MIROC-MIROC5,CLMcom-CCLM4-8-17,rcp26,r1i1p1,v1,2059-01-01,2059-12-31,False,False,True,True,True,False,False,True,False,True,False,False,False,,,0.98,100_220_390_120_330_140_25,prediction_runs,,crop_MS_2059_100_25832_etrs89-utm32n.asc,irrigation_SM_2040_100_25832_etrs89-utm32n.asc,,DroughtStressThreshold,0.5,1,
1284,True,fixed,auto,SM_sfix_hauto,sim_projection_avgyield.json,crop.json,site.json,False,dwd_core_ensemble,dwd_core_ensemble/csvs_dwd_core_ensemble,MIROC-MIROC5,GERICS-REMO2015,rcp85,r1i1p1,v1,2059-01-01,2059-12-31,False,False,True,True,True,False,False,True,False,True,False,False,False,,,0.98,100_220_390_120_330_140_25,prediction_runs,,crop_MS_2059_100_25832_etrs89-utm32n.asc,irrigation_SM_2040_100_25832_etrs89-utm32n.asc,,DroughtStressThreshold,0.5,1,
1285,True,fixed,auto,SM_sfix_hauto,sim_projection_avgyield.json,crop.json,site.json,False,dwd_core_ensemble,dwd_core_ensemble/csvs_dwd_core_ensemble,MOHC-HadGEM2-ES,CLMcom-CCLM4-8-17,rcp45,r1i1p1,v1,2059-01-01,2059-12-31,False,False,True,True,True,False,False,True,False,True,False,False,False,,,0.98,100_220_390_120_330_140_25,prediction_runs,,crop_MS_2059_100_25832_etrs89-utm32n.asc,irrigation_SM_2040_100_25832_etrs89-utm32n.asc,,DroughtStressThreshold,0.5,1,
1286,True,fixed,auto,SM_sfix_hauto,sim_projection_avgyield.json,crop.json,site.json,False,dwd_core_ensemble,dwd_core_ensemble/csvs_dwd_core_ensemble,MOHC-HadGEM2-ES,CLMcom-CCLM4-8-17,rcp85,r1i1p1,v1,2059-01-01,2059-12-31,False,False,True,True,True,False,False,True,False,True,False,False,False,,,0.98,100_220_390_120_330_140_25,prediction_runs,,crop_MS_2059_100_25832_etrs89-utm32n.asc,irrigation_SM_2040_100_25832_etrs89-utm32n.asc,,DroughtStressThreshold,0.5,1,
1287,True,fixed,auto,SM_sfix_hauto,sim_projection_avgyield.json,crop.json,site.json,False,dwd_core_ensemble,dwd_core_ensemble/csvs_dwd_core_ensemble,MOHC-HadGEM2-ES,KNMI-RACMO22E,rcp26,r1i1p1,v2,2059-01-01,2059-12-31,False,False,True,True,True,False,False,True,False,True,False,False,False,,,0.98,100_220_390_120_330_140_25,prediction_runs,,crop_MS_2059_100_25832_etrs89-utm32n.asc,irrigation_SM_2040_100_25832_etrs89-utm32n.asc,,DroughtStressThreshold,0.5,1,
1288,True,fixed,auto,SM_sfix_hauto,sim_projection_avgyield.json,crop.json,site.json,False,dwd_core_ensemble,dwd_core_ensemble/csvs_dwd_core_ensemble,MPI-M-MPI-ESM-LR,MPI-CSC-REMO2009,rcp26,r2i1p1,v1,2059-01-01,2059-12-31,False,False,True,True,True,False,False,True,False,True,False,False,False,,,0.98,100_220_390_120_330_140_25,prediction_runs,,crop_MS_2059_100_25832_etrs89-utm32n.asc,irrigation_SM_2040_100_25832_etrs89-utm32n.asc,,DroughtStressThreshold,0.5,1,
1289,True,fixed,auto,SM_sfix_hauto,sim_projection_avgyield.json,crop.json,site.json,False,dwd_core_ensemble,dwd_core_ensemble/csvs_dwd_core_ensemble,MPI-M-MPI-ESM-LR,MPI-CSC-REMO2009,rcp45,r1i1p1,v1,2059-01-01,2059-12-31,False,False,True,True,True,False,False,True,False,True,False,False,False,,,0.98,100_220_390_120_330_140_25,prediction_runs,,crop_MS_2059_100_25832_etrs89-utm32n.asc,irrigation_SM_2040_100_25832_etrs89-utm32n.asc,,DroughtStressThreshold,0.5,1,
1290,True,fixed,auto,SM_sfix_hauto,sim_projection_avgyield.json,crop.json,site.json,False,dwd_core_ensemble,dwd_core_ensemble/csvs_dwd_core_ensemble,MPI-M-MPI-ESM-LR,MPI-CSC-REMO2009,rcp45,r2i1p1,v1,2059-01-01,2059-12-31,False,False,True,True,True,False,False,True,False,True,False,False,False,,,0.98,100_220_390_120_330_140_25,prediction_runs,,crop_MS_2059_100_25832_etrs89-utm32n.asc,irrigation_SM_2040_100_25832_etrs89-utm32n.asc,,DroughtStressThreshold,0.5,1,
1291,True,fixed,auto,SM_sfix_hauto,sim_projection_avgyield.json,crop.json,site.json,False,dwd_core_ensemble,dwd_core_ensemble/csvs_dwd_core_ensemble,MPI-M-MPI-ESM-LR,MPI-CSC-REMO2009,rcp85,r2i1p1,v1,2059-01-01,2059-12-31,False,False,True,True,True,False,False,True,False,True,False,False,False,,,0.98,100_220_390_120_330_140_25,prediction_runs,,crop_MS_2059_100_25832_etrs89-utm32n.asc,irrigation_SM_2040_100_25832_etrs89-utm32n.asc,,DroughtStressThreshold,0.5,1,
1292,True,fixed,auto,SM_sfix_hauto,sim_projection_avgyield.json,crop.json,site.json,False,dwd_core_ensemble,dwd_core_ensemble/csvs_dwd_core_ensemble,MPI-M-MPI-ESM-LR,UHOH-WRF361H,rcp85,r1i1p1,v1,2059-01-01,2059-12-31,False,False,True,True,True,False,False,True,False,True,False,False,False,,,0.98,100_220_390_120_330_140_25,prediction_runs,,crop_MS_2059_100_25832_etrs89-utm32n.asc,irrigation_SM_2040_100_25832_etrs89-utm32n.asc,,DroughtStressThreshold,0.5,1,
1293,True,fixed,auto,SM_sfix_hauto,sim_projection_avgyield.json,crop.json,site.json,False,dwd_core_ensemble,dwd_core_ensemble/csvs_dwd_core_ensemble,CCCma-CanESM2,CLMcom-CCLM4-8-17,rcp85,r1i1p1,v1,2060-01-01,2060-12-31,False,False,True,True,True,False,False,True,False,True,False,False,False,,,0.98,100_220_390_120_330_140_25,prediction_runs,,crop_MS_2060_100_25832_etrs89-utm32n.asc,irrigation_SM_2040_100_25832_etrs89-utm32n.asc,,DroughtStressThreshold,0.5,1,
1294,True,fixed,auto,SM_sfix_hauto,sim_projection_avgyield.json,crop.json,site.json,False,dwd_core_ensemble,dwd_core_ensemble/csvs_dwd_core_ensemble,ICHEC-EC-EARTH,CLMcom-CCLM4-8-17,rcp26,r12i1p1,v1,2060-01-01,2060-12-31,False,False,True,True,True,False,False,True,False,True,False,False,False,,,0.98,100_220_390_120_330_140_25,prediction_runs,,crop_MS_2060_100_25832_etrs89-utm32n.asc,irrigation_SM_2040_100_25832_etrs89-utm32n.asc,,DroughtStressThreshold,0.5,1,
1295,True,fixed,auto,SM_sfix_hauto,sim_projection_avgyield.json,crop.json,site.json,False,dwd_core_ensemble,dwd_core_ensemble/csvs_dwd_core_ensemble,ICHEC-EC-EARTH,KNMI-RACMO22E,rcp26,r12i1p1,v1,2060-01-01,2060-12-31,False,False,True,True,True,False,False,True,False,True,False,False,False,,,0.98,100_220_390_120_330_140_25,prediction_runs,,crop_MS_2060_100_25832_etrs89-utm32n.asc,irrigation_SM_2040_100_25832_etrs89-utm32n.asc,,DroughtStressThreshold,0.5,1,
1296,True,fixed,auto,SM_sfix_hauto,sim_projection_avgyield.json,crop.json,site.json,False,dwd_core_ensemble,dwd_core_ensemble/csvs_dwd_core_ensemble,ICHEC-EC-EARTH,KNMI-RACMO22E,rcp45,r1i1p1,v1,2060-01-01,2060-12-31,False,False,True,True,True,False,False,True,False,True,False,False,False,,,0.98,100_220_390_120_330_140_25,prediction_runs,,crop_MS_2060_100_25832_etrs89-utm32n.asc,irrigation_SM_2040_100_25832_etrs89-utm32n.asc,,DroughtStressThreshold,0.5,1,
1297,True,fixed,auto,SM_sfix_hauto,sim_projection_avgyield.json,crop.json,site.json,False,dwd_core_ensemble,dwd_core_ensemble/csvs_dwd_core_ensemble,ICHEC-EC-EARTH,KNMI-RACMO22E,rcp45,r12i1p1,v1,2060-01-01,2060-12-31,False,False,True,True,True,False,False,True,False,True,False,False,False,,,0.98,100_220_390_120_330_140_25,prediction_runs,,crop_MS_2060_100_25832_etrs89-utm32n.asc,irrigation_SM_2040_100_25832_etrs89-utm32n.asc,,DroughtStressThreshold,0.5,1,
1298,True,fixed,auto,SM_sfix_hauto,sim_projection_avgyield.json,crop.json,site.json,False,dwd_core_ensemble,dwd_core_ensemble/csvs_dwd_core_ensemble,ICHEC-EC-EARTH,KNMI-RACMO22E,rcp85,r1i1p1,v1,2060-01-01,2060-12-31,False,False,True,True,True,False,False,True,False,True,False,False,False,,,0.98,100_220_390_120_330_140_25,prediction_runs,,crop_MS_2060_100_25832_etrs89-utm32n.asc,irrigation_SM_2040_100_25832_etrs89-utm32n.asc,,DroughtStressThreshold,0.5,1,
1299,True,fixed,auto,SM_sfix_hauto,sim_projection_avgyield.json,crop.json,site.json,False,dwd_core_ensemble,dwd_core_ensemble/csvs_dwd_core_ensemble,ICHEC-EC-EARTH,SMHI-RCA4,rcp45,r12i1p1,v1,2060-01-01,2060-12-31,False,False,True,True,True,False,False,True,False,True,False,False,False,,,0.98,100_220_390_120_330_140_25,prediction_runs,,crop_MS_2060_100_25832_etrs89-utm32n.asc,irrigation_SM_2040_100_25832_etrs89-utm32n.asc,,DroughtStressThreshold,0.5,1,
1300,True,fixed,auto,SM_sfix_hauto,sim_projection_avgyield.json,crop.json,site.json,False,dwd_core_ensemble,dwd_core_ensemble/csvs_dwd_core_ensemble,MIROC-MIROC5,CLMcom-CCLM4-8-17,rcp26,r1i1p1,v1,2060-01-01,2060-12-31,False,False,True,True,True,False,False,True,False,True,False,False,False,,,0.98,100_220_390_120_330_140_25,prediction_runs,,crop_MS_2060_100_25832_etrs89-utm32n.asc,irrigation_SM_2040_100_25832_etrs89-utm32n.asc,,DroughtStressThreshold,0.5,1,
1301,True,fixed,auto,SM_sfix_hauto,sim_projection_avgyield.json,crop.json,site.json,False,dwd_core_ensemble,dwd_core_ensemble/csvs_dwd_core_ensemble,MIROC-MIROC5,GERICS-REMO2015,rcp85,r1i1p1,v1,2060-01-01,2060-12-31,False,False,True,True,True,False,False,True,False,True,False,False,False,,,0.98,100_220_390_120_330_140_25,prediction_runs,,crop_MS_2060_100_25832_etrs89-utm32n.asc,irrigation_SM_2040_100_25832_etrs89-utm32n.asc,,DroughtStressThreshold,0.5,1,
1302,True,fixed,auto,SM_sfix_hauto,sim_projection_avgyield.json,crop.json,site.json,False,dwd_core_ensemble,dwd_core_ensemble/csvs_dwd_core_ensemble,MOHC-HadGEM2-ES,CLMcom-CCLM4-8-17,rcp45,r1i1p1,v1,2060-01-01,2060-12-31,False,False,True,True,True,False,False,True,False,True,False,False,False,,,0.98,100_220_390_120_330_140_25,prediction_runs,,crop_MS_2060_100_25832_etrs89-utm32n.asc,irrigation_SM_2040_100_25832_etrs89-utm32n.asc,,DroughtStressThreshold,0.5,1,
1303,True,fixed,auto,SM_sfix_hauto,sim_projection_avgyield.json,crop.json,site.json,False,dwd_core_ensemble,dwd_core_ensemble/csvs_dwd_core_ensemble,MOHC-HadGEM2-ES,CLMcom-CCLM4-8-17,rcp85,r1i1p1,v1,2060-01-01,2060-12-31,False,False,True,True,True,False,False,True,False,True,False,False,False,,,0.98,100_220_390_120_330_140_25,prediction_runs,,crop_MS_2060_100_25832_etrs89-utm32n.asc,irrigation_SM_2040_100_25832_etrs89-utm32n.asc,,DroughtStressThreshold,0.5,1,
1304,True,fixed,auto,SM_sfix_hauto,sim_projection_avgyield.json,crop.json,site.json,False,dwd_core_ensemble,dwd_core_ensemble/csvs_dwd_core_ensemble,MOHC-HadGEM2-ES,KNMI-RACMO22E,rcp26,r1i1p1,v2,2060-01-01,2060-12-31,False,False,True,True,True,False,False,True,False,True,False,False,False,,,0.98,100_220_390_120_330_140_25,prediction_runs,,crop_MS_2060_100_25832_etrs89-utm32n.asc,irrigation_SM_2040_100_25832_etrs89-utm32n.asc,,DroughtStressThreshold,0.5,1,
1305,True,fixed,auto,SM_sfix_hauto,sim_projection_avgyield.json,crop.json,site.json,False,dwd_core_ensemble,dwd_core_ensemble/csvs_dwd_core_ensemble,MPI-M-MPI-ESM-LR,MPI-CSC-REMO2009,rcp26,r2i1p1,v1,2060-01-01,2060-12-31,False,False,True,True,True,False,False,True,False,True,False,False,False,,,0.98,100_220_390_120_330_140_25,prediction_runs,,crop_MS_2060_100_25832_etrs89-utm32n.asc,irrigation_SM_2040_100_25832_etrs89-utm32n.asc,,DroughtStressThreshold,0.5,1,
1306,True,fixed,auto,SM_sfix_hauto,sim_projection_avgyield.json,crop.json,site.json,False,dwd_core_ensemble,dwd_core_ensemble/csvs_dwd_core_ensemble,MPI-M-MPI-ESM-LR,MPI-CSC-REMO2009,rcp45,r1i1p1,v1,2060-01-01,2060-12-31,False,False,True,True,True,False,False,True,False,True,False,False,False,,,0.98,100_220_390_120_330_140_25,prediction_runs,,crop_MS_2060_100_25832_etrs89-utm32n.asc,irrigation_SM_2040_100_25832_etrs89-utm32n.asc,,DroughtStressThreshold,0.5,1,
1307,True,fixed,auto,SM_sfix_hauto,sim_projection_avgyield.json,crop.json,site.json,False,dwd_core_ensemble,dwd_core_ensemble/csvs_dwd_core_ensemble,MPI-M-MPI-ESM-LR,MPI-CSC-REMO2009,rcp45,r2i1p1,v1,2060-01-01,2060-12-31,False,False,True,True,True,False,False,True,False,True,False,False,False,,,0.98,100_220_390_120_330_140_25,prediction_runs,,crop_MS_2060_100_25832_etrs89-utm32n.asc,irrigation_SM_2040_100_25832_etrs89-utm32n.asc,,DroughtStressThreshold,0.5,1,
1308,True,fixed,auto,SM_sfix_hauto,sim_projection_avgyield.json,crop.json,site.json,False,dwd_core_ensemble,dwd_core_ensemble/csvs_dwd_core_ensemble,MPI-M-MPI-ESM-LR,MPI-CSC-REMO2009,rcp85,r2i1p1,v1,2060-01-01,2060-12-31,False,False,True,True,True,False,False,True,False,True,False,False,False,,,0.98,100_220_390_120_330_140_25,prediction_runs,,crop_MS_2060_100_25832_etrs89-utm32n.asc,irrigation_SM_2040_100_25832_etrs89-utm32n.asc,,DroughtStressThreshold,0.5,1,
1309,True,fixed,auto,SM_sfix_hauto,sim_projection_avgyield.json,crop.json,site.json,False,dwd_core_ensemble,dwd_core_ensemble/csvs_dwd_core_ensemble,MPI-M-MPI-ESM-LR,UHOH-WRF361H,rcp85,r1i1p1,v1,2060-01-01,2060-12-31,False,False,True,True,True,False,False,True,False,True,False,False,False,,,0.98,100_220_390_120_330_140_25,prediction_runs,,crop_MS_2060_100_25832_etrs89-utm32n.asc,irrigation_SM_2040_100_25832_etrs89-utm32n.asc,,DroughtStressThreshold,0.5,1,
1310,True,fixed,auto,SM_sfix_hauto,sim_projection_avgyield.json,crop.json,site.json,False,dwd_core_ensemble,dwd_core_ensemble/csvs_dwd_core_ensemble,CCCma-CanESM2,CLMcom-CCLM4-8-17,rcp85,r1i1p1,v1,2061-01-01,2061-12-31,False,False,True,True,True,False,False,True,False,True,False,False,False,,,0.98,100_220_390_120_330_140_25,prediction_runs,,crop_MS_2061_100_25832_etrs89-utm32n.asc,irrigation_SM_2040_100_25832_etrs89-utm32n.asc,,DroughtStressThreshold,0.5,1,
1311,True,fixed,auto,SM_sfix_hauto,sim_projection_avgyield.json,crop.json,site.json,False,dwd_core_ensemble,dwd_core_ensemble/csvs_dwd_core_ensemble,ICHEC-EC-EARTH,CLMcom-CCLM4-8-17,rcp26,r12i1p1,v1,2061-01-01,2061-12-31,False,False,True,True,True,False,False,True,False,True,False,False,False,,,0.98,100_220_390_120_330_140_25,prediction_runs,,crop_MS_2061_100_25832_etrs89-utm32n.asc,irrigation_SM_2040_100_25832_etrs89-utm32n.asc,,DroughtStressThreshold,0.5,1,
1312,True,fixed,auto,SM_sfix_hauto,sim_projection_avgyield.json,crop.json,site.json,False,dwd_core_ensemble,dwd_core_ensemble/csvs_dwd_core_ensemble,ICHEC-EC-EARTH,KNMI-RACMO22E,rcp26,r12i1p1,v1,2061-01-01,2061-12-31,False,False,True,True,True,False,False,True,False,True,False,False,False,,,0.98,100_220_390_120_330_140_25,prediction_runs,,crop_MS_2061_100_25832_etrs89-utm32n.asc,irrigation_SM_2040_100_25832_etrs89-utm32n.asc,,DroughtStressThreshold,0.5,1,
1313,True,fixed,auto,SM_sfix_hauto,sim_projection_avgyield.json,crop.json,site.json,False,dwd_core_ensemble,dwd_core_ensemble/csvs_dwd_core_ensemble,ICHEC-EC-EARTH,KNMI-RACMO22E,rcp45,r1i1p1,v1,2061-01-01,2061-12-31,False,False,True,True,True,False,False,True,False,True,False,False,False,,,0.98,100_220_390_120_330_140_25,prediction_runs,,crop_MS_2061_100_25832_etrs89-utm32n.asc,irrigation_SM_2040_100_25832_etrs89-utm32n.asc,,DroughtStressThreshold,0.5,1,
1314,True,fixed,auto,SM_sfix_hauto,sim_projection_avgyield.json,crop.json,site.json,False,dwd_core_ensemble,dwd_core_ensemble/csvs_dwd_core_ensemble,ICHEC-EC-EARTH,KNMI-RACMO22E,rcp45,r12i1p1,v1,2061-01-01,2061-12-31,False,False,True,True,True,False,False,True,False,True,False,False,False,,,0.98,100_220_390_120_330_140_25,prediction_runs,,crop_MS_2061_100_25832_etrs89-utm32n.asc,irrigation_SM_2040_100_25832_etrs89-utm32n.asc,,DroughtStressThreshold,0.5,1,
1315,True,fixed,auto,SM_sfix_hauto,sim_projection_avgyield.json,crop.json,site.json,False,dwd_core_ensemble,dwd_core_ensemble/csvs_dwd_core_ensemble,ICHEC-EC-EARTH,KNMI-RACMO22E,rcp85,r1i1p1,v1,2061-01-01,2061-12-31,False,False,True,True,True,False,False,True,False,True,False,False,False,,,0.98,100_220_390_120_330_140_25,prediction_runs,,crop_MS_2061_100_25832_etrs89-utm32n.asc,irrigation_SM_2040_100_25832_etrs89-utm32n.asc,,DroughtStressThreshold,0.5,1,
1316,True,fixed,auto,SM_sfix_hauto,sim_projection_avgyield.json,crop.json,site.json,False,dwd_core_ensemble,dwd_core_ensemble/csvs_dwd_core_ensemble,ICHEC-EC-EARTH,SMHI-RCA4,rcp45,r12i1p1,v1,2061-01-01,2061-12-31,False,False,True,True,True,False,False,True,False,True,False,False,False,,,0.98,100_220_390_120_330_140_25,prediction_runs,,crop_MS_2061_100_25832_etrs89-utm32n.asc,irrigation_SM_2040_100_25832_etrs89-utm32n.asc,,DroughtStressThreshold,0.5,1,
1317,True,fixed,auto,SM_sfix_hauto,sim_projection_avgyield.json,crop.json,site.json,False,dwd_core_ensemble,dwd_core_ensemble/csvs_dwd_core_ensemble,MIROC-MIROC5,CLMcom-CCLM4-8-17,rcp26,r1i1p1,v1,2061-01-01,2061-12-31,False,False,True,True,True,False,False,True,False,True,False,False,False,,,0.98,100_220_390_120_330_140_25,prediction_runs,,crop_MS_2061_100_25832_etrs89-utm32n.asc,irrigation_SM_2040_100_25832_etrs89-utm32n.asc,,DroughtStressThreshold,0.5,1,
1318,True,fixed,auto,SM_sfix_hauto,sim_projection_avgyield.json,crop.json,site.json,False,dwd_core_ensemble,dwd_core_ensemble/csvs_dwd_core_ensemble,MIROC-MIROC5,GERICS-REMO2015,rcp85,r1i1p1,v1,2061-01-01,2061-12-31,False,False,True,True,True,False,False,True,False,True,False,False,False,,,0.98,100_220_390_120_330_140_25,prediction_runs,,crop_MS_2061_100_25832_etrs89-utm32n.asc,irrigation_SM_2040_100_25832_etrs89-utm32n.asc,,DroughtStressThreshold,0.5,1,
1319,True,fixed,auto,SM_sfix_hauto,sim_projection_avgyield.json,crop.json,site.json,False,dwd_core_ensemble,dwd_core_ensemble/csvs_dwd_core_ensemble,MOHC-HadGEM2-ES,CLMcom-CCLM4-8-17,rcp45,r1i1p1,v1,2061-01-01,2061-12-31,False,False,True,True,True,False,False,True,False,True,False,False,False,,,0.98,100_220_390_120_330_140_25,prediction_runs,,crop_MS_2061_100_25832_etrs89-utm32n.asc,irrigation_SM_2040_100_25832_etrs89-utm32n.asc,,DroughtStressThreshold,0.5,1,
1320,True,fixed,auto,SM_sfix_hauto,sim_projection_avgyield.json,crop.json,site.json,False,dwd_core_ensemble,dwd_core_ensemble/csvs_dwd_core_ensemble,MOHC-HadGEM2-ES,CLMcom-CCLM4-8-17,rcp85,r1i1p1,v1,2061-01-01,2061-12-31,False,False,True,True,True,False,False,True,False,True,False,False,False,,,0.98,100_220_390_120_330_140_25,prediction_runs,,crop_MS_2061_100_25832_etrs89-utm32n.asc,irrigation_SM_2040_100_25832_etrs89-utm32n.asc,,DroughtStressThreshold,0.5,1,
1321,True,fixed,auto,SM_sfix_hauto,sim_projection_avgyield.json,crop.json,site.json,False,dwd_core_ensemble,dwd_core_ensemble/csvs_dwd_core_ensemble,MOHC-HadGEM2-ES,KNMI-RACMO22E,rcp26,r1i1p1,v2,2061-01-01,2061-12-31,False,False,True,True,True,False,False,True,False,True,False,False,False,,,0.98,100_220_390_120_330_140_25,prediction_runs,,crop_MS_2061_100_25832_etrs89-utm32n.asc,irrigation_SM_2040_100_25832_etrs89-utm32n.asc,,DroughtStressThreshold,0.5,1,
1322,True,fixed,auto,SM_sfix_hauto,sim_projection_avgyield.json,crop.json,site.json,False,dwd_core_ensemble,dwd_core_ensemble/csvs_dwd_core_ensemble,MPI-M-MPI-ESM-LR,MPI-CSC-REMO2009,rcp26,r2i1p1,v1,2061-01-01,2061-12-31,False,False,True,True,True,False,False,True,False,True,False,False,False,,,0.98,100_220_390_120_330_140_25,prediction_runs,,crop_MS_2061_100_25832_etrs89-utm32n.asc,irrigation_SM_2040_100_25832_etrs89-utm32n.asc,,DroughtStressThreshold,0.5,1,
1323,True,fixed,auto,SM_sfix_hauto,sim_projection_avgyield.json,crop.json,site.json,False,dwd_core_ensemble,dwd_core_ensemble/csvs_dwd_core_ensemble,MPI-M-MPI-ESM-LR,MPI-CSC-REMO2009,rcp45,r1i1p1,v1,2061-01-01,2061-12-31,False,False,True,True,True,False,False,True,False,True,False,False,False,,,0.98,100_220_390_120_330_140_25,prediction_runs,,crop_MS_2061_100_25832_etrs89-utm32n.asc,irrigation_SM_2040_100_25832_etrs89-utm32n.asc,,DroughtStressThreshold,0.5,1,
1324,True,fixed,auto,SM_sfix_hauto,sim_projection_avgyield.json,crop.json,site.json,False,dwd_core_ensemble,dwd_core_ensemble/csvs_dwd_core_ensemble,MPI-M-MPI-ESM-LR,MPI-CSC-REMO2009,rcp45,r2i1p1,v1,2061-01-01,2061-12-31,False,False,True,True,True,False,False,True,False,True,False,False,False,,,0.98,100_220_390_120_330_140_25,prediction_runs,,crop_MS_2061_100_25832_etrs89-utm32n.asc,irrigation_SM_2040_100_25832_etrs89-utm32n.asc,,DroughtStressThreshold,0.5,1,
1325,True,fixed,auto,SM_sfix_hauto,sim_projection_avgyield.json,crop.json,site.json,False,dwd_core_ensemble,dwd_core_ensemble/csvs_dwd_core_ensemble,MPI-M-MPI-ESM-LR,MPI-CSC-REMO2009,rcp85,r2i1p1,v1,2061-01-01,2061-12-31,False,False,True,True,True,False,False,True,False,True,False,False,False,,,0.98,100_220_390_120_330_140_25,prediction_runs,,crop_MS_2061_100_25832_etrs89-utm32n.asc,irrigation_SM_2040_100_25832_etrs89-utm32n.asc,,DroughtStressThreshold,0.5,1,
1326,True,fixed,auto,SM_sfix_hauto,sim_projection_avgyield.json,crop.json,site.json,False,dwd_core_ensemble,dwd_core_ensemble/csvs_dwd_core_ensemble,MPI-M-MPI-ESM-LR,UHOH-WRF361H,rcp85,r1i1p1,v1,2061-01-01,2061-12-31,False,False,True,True,True,False,False,True,False,True,False,False,False,,,0.98,100_220_390_120_330_140_25,prediction_runs,,crop_MS_2061_100_25832_etrs89-utm32n.asc,irrigation_SM_2040_100_25832_etrs89-utm32n.asc,,DroughtStressThreshold,0.5,1,
1327,True,fixed,auto,SM_sfix_hauto,sim_projection_avgyield.json,crop.json,site.json,False,dwd_core_ensemble,dwd_core_ensemble/csvs_dwd_core_ensemble,CCCma-CanESM2,CLMcom-CCLM4-8-17,rcp85,r1i1p1,v1,2062-01-01,2062-12-31,False,False,True,True,True,False,False,True,False,True,False,False,False,,,0.98,100_220_390_120_330_140_25,prediction_runs,,crop_MS_2062_100_25832_etrs89-utm32n.asc,irrigation_SM_2040_100_25832_etrs89-utm32n.asc,,DroughtStressThreshold,0.5,1,
1328,True,fixed,auto,SM_sfix_hauto,sim_projection_avgyield.json,crop.json,site.json,False,dwd_core_ensemble,dwd_core_ensemble/csvs_dwd_core_ensemble,ICHEC-EC-EARTH,CLMcom-CCLM4-8-17,rcp26,r12i1p1,v1,2062-01-01,2062-12-31,False,False,True,True,True,False,False,True,False,True,False,False,False,,,0.98,100_220_390_120_330_140_25,prediction_runs,,crop_MS_2062_100_25832_etrs89-utm32n.asc,irrigation_SM_2040_100_25832_etrs89-utm32n.asc,,DroughtStressThreshold,0.5,1,
1329,True,fixed,auto,SM_sfix_hauto,sim_projection_avgyield.json,crop.json,site.json,False,dwd_core_ensemble,dwd_core_ensemble/csvs_dwd_core_ensemble,ICHEC-EC-EARTH,KNMI-RACMO22E,rcp26,r12i1p1,v1,2062-01-01,2062-12-31,False,False,True,True,True,False,False,True,False,True,False,False,False,,,0.98,100_220_390_120_330_140_25,prediction_runs,,crop_MS_2062_100_25832_etrs89-utm32n.asc,irrigation_SM_2040_100_25832_etrs89-utm32n.asc,,DroughtStressThreshold,0.5,1,
1330,True,fixed,auto,SM_sfix_hauto,sim_projection_avgyield.json,crop.json,site.json,False,dwd_core_ensemble,dwd_core_ensemble/csvs_dwd_core_ensemble,ICHEC-EC-EARTH,KNMI-RACMO22E,rcp45,r1i1p1,v1,2062-01-01,2062-12-31,False,False,True,True,True,False,False,True,False,True,False,False,False,,,0.98,100_220_390_120_330_140_25,prediction_runs,,crop_MS_2062_100_25832_etrs89-utm32n.asc,irrigation_SM_2040_100_25832_etrs89-utm32n.asc,,DroughtStressThreshold,0.5,1,
1331,True,fixed,auto,SM_sfix_hauto,sim_projection_avgyield.json,crop.json,site.json,False,dwd_core_ensemble,dwd_core_ensemble/csvs_dwd_core_ensemble,ICHEC-EC-EARTH,KNMI-RACMO22E,rcp45,r12i1p1,v1,2062-01-01,2062-12-31,False,False,True,True,True,False,False,True,False,True,False,False,False,,,0.98,100_220_390_120_330_140_25,prediction_runs,,crop_MS_2062_100_25832_etrs89-utm32n.asc,irrigation_SM_2040_100_25832_etrs89-utm32n.asc,,DroughtStressThreshold,0.5,1,
1332,True,fixed,auto,SM_sfix_hauto,sim_projection_avgyield.json,crop.json,site.json,False,dwd_core_ensemble,dwd_core_ensemble/csvs_dwd_core_ensemble,ICHEC-EC-EARTH,KNMI-RACMO22E,rcp85,r1i1p1,v1,2062-01-01,2062-12-31,False,False,True,True,True,False,False,True,False,True,False,False,False,,,0.98,100_220_390_120_330_140_25,prediction_runs,,crop_MS_2062_100_25832_etrs89-utm32n.asc,irrigation_SM_2040_100_25832_etrs89-utm32n.asc,,DroughtStressThreshold,0.5,1,
1333,True,fixed,auto,SM_sfix_hauto,sim_projection_avgyield.json,crop.json,site.json,False,dwd_core_ensemble,dwd_core_ensemble/csvs_dwd_core_ensemble,ICHEC-EC-EARTH,SMHI-RCA4,rcp45,r12i1p1,v1,2062-01-01,2062-12-31,False,False,True,True,True,False,False,True,False,True,False,False,False,,,0.98,100_220_390_120_330_140_25,prediction_runs,,crop_MS_2062_100_25832_etrs89-utm32n.asc,irrigation_SM_2040_100_25832_etrs89-utm32n.asc,,DroughtStressThreshold,0.5,1,
1334,True,fixed,auto,SM_sfix_hauto,sim_projection_avgyield.json,crop.json,site.json,False,dwd_core_ensemble,dwd_core_ensemble/csvs_dwd_core_ensemble,MIROC-MIROC5,CLMcom-CCLM4-8-17,rcp26,r1i1p1,v1,2062-01-01,2062-12-31,False,False,True,True,True,False,False,True,False,True,False,False,False,,,0.98,100_220_390_120_330_140_25,prediction_runs,,crop_MS_2062_100_25832_etrs89-utm32n.asc,irrigation_SM_2040_100_25832_etrs89-utm32n.asc,,DroughtStressThreshold,0.5,1,
1335,True,fixed,auto,SM_sfix_hauto,sim_projection_avgyield.json,crop.json,site.json,False,dwd_core_ensemble,dwd_core_ensemble/csvs_dwd_core_ensemble,MIROC-MIROC5,GERICS-REMO2015,rcp85,r1i1p1,v1,2062-01-01,2062-12-31,False,False,True,True,True,False,False,True,False,True,False,False,False,,,0.98,100_220_390_120_330_140_25,prediction_runs,,crop_MS_2062_100_25832_etrs89-utm32n.asc,irrigation_SM_2040_100_25832_etrs89-utm32n.asc,,DroughtStressThreshold,0.5,1,
1336,True,fixed,auto,SM_sfix_hauto,sim_projection_avgyield.json,crop.json,site.json,False,dwd_core_ensemble,dwd_core_ensemble/csvs_dwd_core_ensemble,MOHC-HadGEM2-ES,CLMcom-CCLM4-8-17,rcp45,r1i1p1,v1,2062-01-01,2062-12-31,False,False,True,True,True,False,False,True,False,True,False,False,False,,,0.98,100_220_390_120_330_140_25,prediction_runs,,crop_MS_2062_100_25832_etrs89-utm32n.asc,irrigation_SM_2040_100_25832_etrs89-utm32n.asc,,DroughtStressThreshold,0.5,1,
1337,True,fixed,auto,SM_sfix_hauto,sim_projection_avgyield.json,crop.json,site.json,False,dwd_core_ensemble,dwd_core_ensemble/csvs_dwd_core_ensemble,MOHC-HadGEM2-ES,CLMcom-CCLM4-8-17,rcp85,r1i1p1,v1,2062-01-01,2062-12-31,False,False,True,True,True,False,False,True,False,True,False,False,False,,,0.98,100_220_390_120_330_140_25,prediction_runs,,crop_MS_2062_100_25832_etrs89-utm32n.asc,irrigation_SM_2040_100_25832_etrs89-utm32n.asc,,DroughtStressThreshold,0.5,1,
1338,True,fixed,auto,SM_sfix_hauto,sim_projection_avgyield.json,crop.json,site.json,False,dwd_core_ensemble,dwd_core_ensemble/csvs_dwd_core_ensemble,MOHC-HadGEM2-ES,KNMI-RACMO22E,rcp26,r1i1p1,v2,2062-01-01,2062-12-31,False,False,True,True,True,False,False,True,False,True,False,False,False,,,0.98,100_220_390_120_330_140_25,prediction_runs,,crop_MS_2062_100_25832_etrs89-utm32n.asc,irrigation_SM_2040_100_25832_etrs89-utm32n.asc,,DroughtStressThreshold,0.5,1,
1339,True,fixed,auto,SM_sfix_hauto,sim_projection_avgyield.json,crop.json,site.json,False,dwd_core_ensemble,dwd_core_ensemble/csvs_dwd_core_ensemble,MPI-M-MPI-ESM-LR,MPI-CSC-REMO2009,rcp26,r2i1p1,v1,2062-01-01,2062-12-31,False,False,True,True,True,False,False,True,False,True,False,False,False,,,0.98,100_220_390_120_330_140_25,prediction_runs,,crop_MS_2062_100_25832_etrs89-utm32n.asc,irrigation_SM_2040_100_25832_etrs89-utm32n.asc,,DroughtStressThreshold,0.5,1,
1340,True,fixed,auto,SM_sfix_hauto,sim_projection_avgyield.json,crop.json,site.json,False,dwd_core_ensemble,dwd_core_ensemble/csvs_dwd_core_ensemble,MPI-M-MPI-ESM-LR,MPI-CSC-REMO2009,rcp45,r1i1p1,v1,2062-01-01,2062-12-31,False,False,True,True,True,False,False,True,False,True,False,False,False,,,0.98,100_220_390_120_330_140_25,prediction_runs,,crop_MS_2062_100_25832_etrs89-utm32n.asc,irrigation_SM_2040_100_25832_etrs89-utm32n.asc,,DroughtStressThreshold,0.5,1,
1341,True,fixed,auto,SM_sfix_hauto,sim_projection_avgyield.json,crop.json,site.json,False,dwd_core_ensemble,dwd_core_ensemble/csvs_dwd_core_ensemble,MPI-M-MPI-ESM-LR,MPI-CSC-REMO2009,rcp45,r2i1p1,v1,2062-01-01,2062-12-31,False,False,True,True,True,False,False,True,False,True,False,False,False,,,0.98,100_220_390_120_330_140_25,prediction_runs,,crop_MS_2062_100_25832_etrs89-utm32n.asc,irrigation_SM_2040_100_25832_etrs89-utm32n.asc,,DroughtStressThreshold,0.5,1,
1342,True,fixed,auto,SM_sfix_hauto,sim_projection_avgyield.json,crop.json,site.json,False,dwd_core_ensemble,dwd_core_ensemble/csvs_dwd_core_ensemble,MPI-M-MPI-ESM-LR,MPI-CSC-REMO2009,rcp85,r2i1p1,v1,2062-01-01,2062-12-31,False,False,True,True,True,False,False,True,False,True,False,False,False,,,0.98,100_220_390_120_330_140_25,prediction_runs,,crop_MS_2062_100_25832_etrs89-utm32n.asc,irrigation_SM_2040_100_25832_etrs89-utm32n.asc,,DroughtStressThreshold,0.5,1,
1343,True,fixed,auto,SM_sfix_hauto,sim_projection_avgyield.json,crop.json,site.json,False,dwd_core_ensemble,dwd_core_ensemble/csvs_dwd_core_ensemble,MPI-M-MPI-ESM-LR,UHOH-WRF361H,rcp85,r1i1p1,v1,2062-01-01,2062-12-31,False,False,True,True,True,False,False,True,False,True,False,False,False,,,0.98,100_220_390_120_330_140_25,prediction_runs,,crop_MS_2062_100_25832_etrs89-utm32n.asc,irrigation_SM_2040_100_25832_etrs89-utm32n.asc,,DroughtStressThreshold,0.5,1,
1344,True,fixed,auto,SM_sfix_hauto,sim_projection_avgyield.json,crop.json,site.json,False,dwd_core_ensemble,dwd_core_ensemble/csvs_dwd_core_ensemble,CCCma-CanESM2,CLMcom-CCLM4-8-17,rcp85,r1i1p1,v1,2063-01-01,2063-12-31,False,False,True,True,True,False,False,True,False,True,False,False,False,,,0.98,100_220_390_120_330_140_25,prediction_runs,,crop_MS_2063_100_25832_etrs89-utm32n.asc,irrigation_SM_2040_100_25832_etrs89-utm32n.asc,,DroughtStressThreshold,0.5,1,
1345,True,fixed,auto,SM_sfix_hauto,sim_projection_avgyield.json,crop.json,site.json,False,dwd_core_ensemble,dwd_core_ensemble/csvs_dwd_core_ensemble,ICHEC-EC-EARTH,CLMcom-CCLM4-8-17,rcp26,r12i1p1,v1,2063-01-01,2063-12-31,False,False,True,True,True,False,False,True,False,True,False,False,False,,,0.98,100_220_390_120_330_140_25,prediction_runs,,crop_MS_2063_100_25832_etrs89-utm32n.asc,irrigation_SM_2040_100_25832_etrs89-utm32n.asc,,DroughtStressThreshold,0.5,1,
1346,True,fixed,auto,SM_sfix_hauto,sim_projection_avgyield.json,crop.json,site.json,False,dwd_core_ensemble,dwd_core_ensemble/csvs_dwd_core_ensemble,ICHEC-EC-EARTH,KNMI-RACMO22E,rcp26,r12i1p1,v1,2063-01-01,2063-12-31,False,False,True,True,True,False,False,True,False,True,False,False,False,,,0.98,100_220_390_120_330_140_25,prediction_runs,,crop_MS_2063_100_25832_etrs89-utm32n.asc,irrigation_SM_2040_100_25832_etrs89-utm32n.asc,,DroughtStressThreshold,0.5,1,
1347,True,fixed,auto,SM_sfix_hauto,sim_projection_avgyield.json,crop.json,site.json,False,dwd_core_ensemble,dwd_core_ensemble/csvs_dwd_core_ensemble,ICHEC-EC-EARTH,KNMI-RACMO22E,rcp45,r1i1p1,v1,2063-01-01,2063-12-31,False,False,True,True,True,False,False,True,False,True,False,False,False,,,0.98,100_220_390_120_330_140_25,prediction_runs,,crop_MS_2063_100_25832_etrs89-utm32n.asc,irrigation_SM_2040_100_25832_etrs89-utm32n.asc,,DroughtStressThreshold,0.5,1,
1348,True,fixed,auto,SM_sfix_hauto,sim_projection_avgyield.json,crop.json,site.json,False,dwd_core_ensemble,dwd_core_ensemble/csvs_dwd_core_ensemble,ICHEC-EC-EARTH,KNMI-RACMO22E,rcp45,r12i1p1,v1,2063-01-01,2063-12-31,False,False,True,True,True,False,False,True,False,True,False,False,False,,,0.98,100_220_390_120_330_140_25,prediction_runs,,crop_MS_2063_100_25832_etrs89-utm32n.asc,irrigation_SM_2040_100_25832_etrs89-utm32n.asc,,DroughtStressThreshold,0.5,1,
1349,True,fixed,auto,SM_sfix_hauto,sim_projection_avgyield.json,crop.json,site.json,False,dwd_core_ensemble,dwd_core_ensemble/csvs_dwd_core_ensemble,ICHEC-EC-EARTH,KNMI-RACMO22E,rcp85,r1i1p1,v1,2063-01-01,2063-12-31,False,False,True,True,True,False,False,True,False,True,False,False,False,,,0.98,100_220_390_120_330_140_25,prediction_runs,,crop_MS_2063_100_25832_etrs89-utm32n.asc,irrigation_SM_2040_100_25832_etrs89-utm32n.asc,,DroughtStressThreshold,0.5,1,
1350,True,fixed,auto,SM_sfix_hauto,sim_projection_avgyield.json,crop.json,site.json,False,dwd_core_ensemble,dwd_core_ensemble/csvs_dwd_core_ensemble,ICHEC-EC-EARTH,SMHI-RCA4,rcp45,r12i1p1,v1,2063-01-01,2063-12-31,False,False,True,True,True,False,False,True,False,True,False,False,False,,,0.98,100_220_390_120_330_140_25,prediction_runs,,crop_MS_2063_100_25832_etrs89-utm32n.asc,irrigation_SM_2040_100_25832_etrs89-utm32n.asc,,DroughtStressThreshold,0.5,1,
1351,True,fixed,auto,SM_sfix_hauto,sim_projection_avgyield.json,crop.json,site.json,False,dwd_core_ensemble,dwd_core_ensemble/csvs_dwd_core_ensemble,MIROC-MIROC5,CLMcom-CCLM4-8-17,rcp26,r1i1p1,v1,2063-01-01,2063-12-31,False,False,True,True,True,False,False,True,False,True,False,False,False,,,0.98,100_220_390_120_330_140_25,prediction_runs,,crop_MS_2063_100_25832_etrs89-utm32n.asc,irrigation_SM_2040_100_25832_etrs89-utm32n.asc,,DroughtStressThreshold,0.5,1,
1352,True,fixed,auto,SM_sfix_hauto,sim_projection_avgyield.json,crop.json,site.json,False,dwd_core_ensemble,dwd_core_ensemble/csvs_dwd_core_ensemble,MIROC-MIROC5,GERICS-REMO2015,rcp85,r1i1p1,v1,2063-01-01,2063-12-31,False,False,True,True,True,False,False,True,False,True,False,False,False,,,0.98,100_220_390_120_330_140_25,prediction_runs,,crop_MS_2063_100_25832_etrs89-utm32n.asc,irrigation_SM_2040_100_25832_etrs89-utm32n.asc,,DroughtStressThreshold,0.5,1,
1353,True,fixed,auto,SM_sfix_hauto,sim_projection_avgyield.json,crop.json,site.json,False,dwd_core_ensemble,dwd_core_ensemble/csvs_dwd_core_ensemble,MOHC-HadGEM2-ES,CLMcom-CCLM4-8-17,rcp45,r1i1p1,v1,2063-01-01,2063-12-31,False,False,True,True,True,False,False,True,False,True,False,False,False,,,0.98,100_220_390_120_330_140_25,prediction_runs,,crop_MS_2063_100_25832_etrs89-utm32n.asc,irrigation_SM_2040_100_25832_etrs89-utm32n.asc,,DroughtStressThreshold,0.5,1,
1354,True,fixed,auto,SM_sfix_hauto,sim_projection_avgyield.json,crop.json,site.json,False,dwd_core_ensemble,dwd_core_ensemble/csvs_dwd_core_ensemble,MOHC-HadGEM2-ES,CLMcom-CCLM4-8-17,rcp85,r1i1p1,v1,2063-01-01,2063-12-31,False,False,True,True,True,False,False,True,False,True,False,False,False,,,0.98,100_220_390_120_330_140_25,prediction_runs,,crop_MS_2063_100_25832_etrs89-utm32n.asc,irrigation_SM_2040_100_25832_etrs89-utm32n.asc,,DroughtStressThreshold,0.5,1,
1355,True,fixed,auto,SM_sfix_hauto,sim_projection_avgyield.json,crop.json,site.json,False,dwd_core_ensemble,dwd_core_ensemble/csvs_dwd_core_ensemble,MOHC-HadGEM2-ES,KNMI-RACMO22E,rcp26,r1i1p1,v2,2063-01-01,2063-12-31,False,False,True,True,True,False,False,True,False,True,False,False,False,,,0.98,100_220_390_120_330_140_25,prediction_runs,,crop_MS_2063_100_25832_etrs89-utm32n.asc,irrigation_SM_2040_100_25832_etrs89-utm32n.asc,,DroughtStressThreshold,0.5,1,
1356,True,fixed,auto,SM_sfix_hauto,sim_projection_avgyield.json,crop.json,site.json,False,dwd_core_ensemble,dwd_core_ensemble/csvs_dwd_core_ensemble,MPI-M-MPI-ESM-LR,MPI-CSC-REMO2009,rcp26,r2i1p1,v1,2063-01-01,2063-12-31,False,False,True,True,True,False,False,True,False,True,False,False,False,,,0.98,100_220_390_120_330_140_25,prediction_runs,,crop_MS_2063_100_25832_etrs89-utm32n.asc,irrigation_SM_2040_100_25832_etrs89-utm32n.asc,,DroughtStressThreshold,0.5,1,
1357,True,fixed,auto,SM_sfix_hauto,sim_projection_avgyield.json,crop.json,site.json,False,dwd_core_ensemble,dwd_core_ensemble/csvs_dwd_core_ensemble,MPI-M-MPI-ESM-LR,MPI-CSC-REMO2009,rcp45,r1i1p1,v1,2063-01-01,2063-12-31,False,False,True,True,True,False,False,True,False,True,False,False,False,,,0.98,100_220_390_120_330_140_25,prediction_runs,,crop_MS_2063_100_25832_etrs89-utm32n.asc,irrigation_SM_2040_100_25832_etrs89-utm32n.asc,,DroughtStressThreshold,0.5,1,
1358,True,fixed,auto,SM_sfix_hauto,sim_projection_avgyield.json,crop.json,site.json,False,dwd_core_ensemble,dwd_core_ensemble/csvs_dwd_core_ensemble,MPI-M-MPI-ESM-LR,MPI-CSC-REMO2009,rcp45,r2i1p1,v1,2063-01-01,2063-12-31,False,False,True,True,True,False,False,True,False,True,False,False,False,,,0.98,100_220_390_120_330_140_25,prediction_runs,,crop_MS_2063_100_25832_etrs89-utm32n.asc,irrigation_SM_2040_100_25832_etrs89-utm32n.asc,,DroughtStressThreshold,0.5,1,
1359,True,fixed,auto,SM_sfix_hauto,sim_projection_avgyield.json,crop.json,site.json,False,dwd_core_ensemble,dwd_core_ensemble/csvs_dwd_core_ensemble,MPI-M-MPI-ESM-LR,MPI-CSC-REMO2009,rcp85,r2i1p1,v1,2063-01-01,2063-12-31,False,False,True,True,True,False,False,True,False,True,False,False,False,,,0.98,100_220_390_120_330_140_25,prediction_runs,,crop_MS_2063_100_25832_etrs89-utm32n.asc,irrigation_SM_2040_100_25832_etrs89-utm32n.asc,,DroughtStressThreshold,0.5,1,
1360,True,fixed,auto,SM_sfix_hauto,sim_projection_avgyield.json,crop.json,site.json,False,dwd_core_ensemble,dwd_core_ensemble/csvs_dwd_core_ensemble,MPI-M-MPI-ESM-LR,UHOH-WRF361H,rcp85,r1i1p1,v1,2063-01-01,2063-12-31,False,False,True,True,True,False,False,True,False,True,False,False,False,,,0.98,100_220_390_120_330_140_25,prediction_runs,,crop_MS_2063_100_25832_etrs89-utm32n.asc,irrigation_SM_2040_100_25832_etrs89-utm32n.asc,,DroughtStressThreshold,0.5,1,
1361,True,fixed,auto,SM_sfix_hauto,sim_projection_avgyield.json,crop.json,site.json,False,dwd_core_ensemble,dwd_core_ensemble/csvs_dwd_core_ensemble,CCCma-CanESM2,CLMcom-CCLM4-8-17,rcp85,r1i1p1,v1,2064-01-01,2064-12-31,False,False,True,True,True,False,False,True,False,True,False,False,False,,,0.98,100_220_390_120_330_140_25,prediction_runs,,crop_MS_2064_100_25832_etrs89-utm32n.asc,irrigation_SM_2040_100_25832_etrs89-utm32n.asc,,DroughtStressThreshold,0.5,1,
1362,True,fixed,auto,SM_sfix_hauto,sim_projection_avgyield.json,crop.json,site.json,False,dwd_core_ensemble,dwd_core_ensemble/csvs_dwd_core_ensemble,ICHEC-EC-EARTH,CLMcom-CCLM4-8-17,rcp26,r12i1p1,v1,2064-01-01,2064-12-31,False,False,True,True,True,False,False,True,False,True,False,False,False,,,0.98,100_220_390_120_330_140_25,prediction_runs,,crop_MS_2064_100_25832_etrs89-utm32n.asc,irrigation_SM_2040_100_25832_etrs89-utm32n.asc,,DroughtStressThreshold,0.5,1,
1363,True,fixed,auto,SM_sfix_hauto,sim_projection_avgyield.json,crop.json,site.json,False,dwd_core_ensemble,dwd_core_ensemble/csvs_dwd_core_ensemble,ICHEC-EC-EARTH,KNMI-RACMO22E,rcp26,r12i1p1,v1,2064-01-01,2064-12-31,False,False,True,True,True,False,False,True,False,True,False,False,False,,,0.98,100_220_390_120_330_140_25,prediction_runs,,crop_MS_2064_100_25832_etrs89-utm32n.asc,irrigation_SM_2040_100_25832_etrs89-utm32n.asc,,DroughtStressThreshold,0.5,1,
1364,True,fixed,auto,SM_sfix_hauto,sim_projection_avgyield.json,crop.json,site.json,False,dwd_core_ensemble,dwd_core_ensemble/csvs_dwd_core_ensemble,ICHEC-EC-EARTH,KNMI-RACMO22E,rcp45,r1i1p1,v1,2064-01-01,2064-12-31,False,False,True,True,True,False,False,True,False,True,False,False,False,,,0.98,100_220_390_120_330_140_25,prediction_runs,,crop_MS_2064_100_25832_etrs89-utm32n.asc,irrigation_SM_2040_100_25832_etrs89-utm32n.asc,,DroughtStressThreshold,0.5,1,
1365,True,fixed,auto,SM_sfix_hauto,sim_projection_avgyield.json,crop.json,site.json,False,dwd_core_ensemble,dwd_core_ensemble/csvs_dwd_core_ensemble,ICHEC-EC-EARTH,KNMI-RACMO22E,rcp45,r12i1p1,v1,2064-01-01,2064-12-31,False,False,True,True,True,False,False,True,False,True,False,False,False,,,0.98,100_220_390_120_330_140_25,prediction_runs,,crop_MS_2064_100_25832_etrs89-utm32n.asc,irrigation_SM_2040_100_25832_etrs89-utm32n.asc,,DroughtStressThreshold,0.5,1,
1366,True,fixed,auto,SM_sfix_hauto,sim_projection_avgyield.json,crop.json,site.json,False,dwd_core_ensemble,dwd_core_ensemble/csvs_dwd_core_ensemble,ICHEC-EC-EARTH,KNMI-RACMO22E,rcp85,r1i1p1,v1,2064-01-01,2064-12-31,False,False,True,True,True,False,False,True,False,True,False,False,False,,,0.98,100_220_390_120_330_140_25,prediction_runs,,crop_MS_2064_100_25832_etrs89-utm32n.asc,irrigation_SM_2040_100_25832_etrs89-utm32n.asc,,DroughtStressThreshold,0.5,1,
1367,True,fixed,auto,SM_sfix_hauto,sim_projection_avgyield.json,crop.json,site.json,False,dwd_core_ensemble,dwd_core_ensemble/csvs_dwd_core_ensemble,ICHEC-EC-EARTH,SMHI-RCA4,rcp45,r12i1p1,v1,2064-01-01,2064-12-31,False,False,True,True,True,False,False,True,False,True,False,False,False,,,0.98,100_220_390_120_330_140_25,prediction_runs,,crop_MS_2064_100_25832_etrs89-utm32n.asc,irrigation_SM_2040_100_25832_etrs89-utm32n.asc,,DroughtStressThreshold,0.5,1,
1368,True,fixed,auto,SM_sfix_hauto,sim_projection_avgyield.json,crop.json,site.json,False,dwd_core_ensemble,dwd_core_ensemble/csvs_dwd_core_ensemble,MIROC-MIROC5,CLMcom-CCLM4-8-17,rcp26,r1i1p1,v1,2064-01-01,2064-12-31,False,False,True,True,True,False,False,True,False,True,False,False,False,,,0.98,100_220_390_120_330_140_25,prediction_runs,,crop_MS_2064_100_25832_etrs89-utm32n.asc,irrigation_SM_2040_100_25832_etrs89-utm32n.asc,,DroughtStressThreshold,0.5,1,
1369,True,fixed,auto,SM_sfix_hauto,sim_projection_avgyield.json,crop.json,site.json,False,dwd_core_ensemble,dwd_core_ensemble/csvs_dwd_core_ensemble,MIROC-MIROC5,GERICS-REMO2015,rcp85,r1i1p1,v1,2064-01-01,2064-12-31,False,False,True,True,True,False,False,True,False,True,False,False,False,,,0.98,100_220_390_120_330_140_25,prediction_runs,,crop_MS_2064_100_25832_etrs89-utm32n.asc,irrigation_SM_2040_100_25832_etrs89-utm32n.asc,,DroughtStressThreshold,0.5,1,
1370,True,fixed,auto,SM_sfix_hauto,sim_projection_avgyield.json,crop.json,site.json,False,dwd_core_ensemble,dwd_core_ensemble/csvs_dwd_core_ensemble,MOHC-HadGEM2-ES,CLMcom-CCLM4-8-17,rcp45,r1i1p1,v1,2064-01-01,2064-12-31,False,False,True,True,True,False,False,True,False,True,False,False,False,,,0.98,100_220_390_120_330_140_25,prediction_runs,,crop_MS_2064_100_25832_etrs89-utm32n.asc,irrigation_SM_2040_100_25832_etrs89-utm32n.asc,,DroughtStressThreshold,0.5,1,
1371,True,fixed,auto,SM_sfix_hauto,sim_projection_avgyield.json,crop.json,site.json,False,dwd_core_ensemble,dwd_core_ensemble/csvs_dwd_core_ensemble,MOHC-HadGEM2-ES,CLMcom-CCLM4-8-17,rcp85,r1i1p1,v1,2064-01-01,2064-12-31,False,False,True,True,True,False,False,True,False,True,False,False,False,,,0.98,100_220_390_120_330_140_25,prediction_runs,,crop_MS_2064_100_25832_etrs89-utm32n.asc,irrigation_SM_2040_100_25832_etrs89-utm32n.asc,,DroughtStressThreshold,0.5,1,
1372,True,fixed,auto,SM_sfix_hauto,sim_projection_avgyield.json,crop.json,site.json,False,dwd_core_ensemble,dwd_core_ensemble/csvs_dwd_core_ensemble,MOHC-HadGEM2-ES,KNMI-RACMO22E,rcp26,r1i1p1,v2,2064-01-01,2064-12-31,False,False,True,True,True,False,False,True,False,True,False,False,False,,,0.98,100_220_390_120_330_140_25,prediction_runs,,crop_MS_2064_100_25832_etrs89-utm32n.asc,irrigation_SM_2040_100_25832_etrs89-utm32n.asc,,DroughtStressThreshold,0.5,1,
1373,True,fixed,auto,SM_sfix_hauto,sim_projection_avgyield.json,crop.json,site.json,False,dwd_core_ensemble,dwd_core_ensemble/csvs_dwd_core_ensemble,MPI-M-MPI-ESM-LR,MPI-CSC-REMO2009,rcp26,r2i1p1,v1,2064-01-01,2064-12-31,False,False,True,True,True,False,False,True,False,True,False,False,False,,,0.98,100_220_390_120_330_140_25,prediction_runs,,crop_MS_2064_100_25832_etrs89-utm32n.asc,irrigation_SM_2040_100_25832_etrs89-utm32n.asc,,DroughtStressThreshold,0.5,1,
1374,True,fixed,auto,SM_sfix_hauto,sim_projection_avgyield.json,crop.json,site.json,False,dwd_core_ensemble,dwd_core_ensemble/csvs_dwd_core_ensemble,MPI-M-MPI-ESM-LR,MPI-CSC-REMO2009,rcp45,r1i1p1,v1,2064-01-01,2064-12-31,False,False,True,True,True,False,False,True,False,True,False,False,False,,,0.98,100_220_390_120_330_140_25,prediction_runs,,crop_MS_2064_100_25832_etrs89-utm32n.asc,irrigation_SM_2040_100_25832_etrs89-utm32n.asc,,DroughtStressThreshold,0.5,1,
1375,True,fixed,auto,SM_sfix_hauto,sim_projection_avgyield.json,crop.json,site.json,False,dwd_core_ensemble,dwd_core_ensemble/csvs_dwd_core_ensemble,MPI-M-MPI-ESM-LR,MPI-CSC-REMO2009,rcp45,r2i1p1,v1,2064-01-01,2064-12-31,False,False,True,True,True,False,False,True,False,True,False,False,False,,,0.98,100_220_390_120_330_140_25,prediction_runs,,crop_MS_2064_100_25832_etrs89-utm32n.asc,irrigation_SM_2040_100_25832_etrs89-utm32n.asc,,DroughtStressThreshold,0.5,1,
1376,True,fixed,auto,SM_sfix_hauto,sim_projection_avgyield.json,crop.json,site.json,False,dwd_core_ensemble,dwd_core_ensemble/csvs_dwd_core_ensemble,MPI-M-MPI-ESM-LR,MPI-CSC-REMO2009,rcp85,r2i1p1,v1,2064-01-01,2064-12-31,False,False,True,True,True,False,False,True,False,True,False,False,False,,,0.98,100_220_390_120_330_140_25,prediction_runs,,crop_MS_2064_100_25832_etrs89-utm32n.asc,irrigation_SM_2040_100_25832_etrs89-utm32n.asc,,DroughtStressThreshold,0.5,1,
1377,True,fixed,auto,SM_sfix_hauto,sim_projection_avgyield.json,crop.json,site.json,False,dwd_core_ensemble,dwd_core_ensemble/csvs_dwd_core_ensemble,MPI-M-MPI-ESM-LR,UHOH-WRF361H,rcp85,r1i1p1,v1,2064-01-01,2064-12-31,False,False,True,True,True,False,False,True,False,True,False,False,False,,,0.98,100_220_390_120_330_140_25,prediction_runs,,crop_MS_2064_100_25832_etrs89-utm32n.asc,irrigation_SM_2040_100_25832_etrs89-utm32n.asc,,DroughtStressThreshold,0.5,1,
1378,True,fixed,auto,SM_sfix_hauto,sim_projection_avgyield.json,crop.json,site.json,False,dwd_core_ensemble,dwd_core_ensemble/csvs_dwd_core_ensemble,CCCma-CanESM2,CLMcom-CCLM4-8-17,rcp85,r1i1p1,v1,2065-01-01,2065-12-31,False,False,True,True,True,False,False,True,False,True,False,False,False,,,0.98,100_220_390_120_330_140_25,prediction_runs,,crop_MS_2065_100_25832_etrs89-utm32n.asc,irrigation_SM_2040_100_25832_etrs89-utm32n.asc,,DroughtStressThreshold,0.5,1,
1379,True,fixed,auto,SM_sfix_hauto,sim_projection_avgyield.json,crop.json,site.json,False,dwd_core_ensemble,dwd_core_ensemble/csvs_dwd_core_ensemble,ICHEC-EC-EARTH,CLMcom-CCLM4-8-17,rcp26,r12i1p1,v1,2065-01-01,2065-12-31,False,False,True,True,True,False,False,True,False,True,False,False,False,,,0.98,100_220_390_120_330_140_25,prediction_runs,,crop_MS_2065_100_25832_etrs89-utm32n.asc,irrigation_SM_2040_100_25832_etrs89-utm32n.asc,,DroughtStressThreshold,0.5,1,
1380,True,fixed,auto,SM_sfix_hauto,sim_projection_avgyield.json,crop.json,site.json,False,dwd_core_ensemble,dwd_core_ensemble/csvs_dwd_core_ensemble,ICHEC-EC-EARTH,KNMI-RACMO22E,rcp26,r12i1p1,v1,2065-01-01,2065-12-31,False,False,True,True,True,False,False,True,False,True,False,False,False,,,0.98,100_220_390_120_330_140_25,prediction_runs,,crop_MS_2065_100_25832_etrs89-utm32n.asc,irrigation_SM_2040_100_25832_etrs89-utm32n.asc,,DroughtStressThreshold,0.5,1,
1381,True,fixed,auto,SM_sfix_hauto,sim_projection_avgyield.json,crop.json,site.json,False,dwd_core_ensemble,dwd_core_ensemble/csvs_dwd_core_ensemble,ICHEC-EC-EARTH,KNMI-RACMO22E,rcp45,r1i1p1,v1,2065-01-01,2065-12-31,False,False,True,True,True,False,False,True,False,True,False,False,False,,,0.98,100_220_390_120_330_140_25,prediction_runs,,crop_MS_2065_100_25832_etrs89-utm32n.asc,irrigation_SM_2040_100_25832_etrs89-utm32n.asc,,DroughtStressThreshold,0.5,1,
1382,True,fixed,auto,SM_sfix_hauto,sim_projection_avgyield.json,crop.json,site.json,False,dwd_core_ensemble,dwd_core_ensemble/csvs_dwd_core_ensemble,ICHEC-EC-EARTH,KNMI-RACMO22E,rcp45,r12i1p1,v1,2065-01-01,2065-12-31,False,False,True,True,True,False,False,True,False,True,False,False,False,,,0.98,100_220_390_120_330_140_25,prediction_runs,,crop_MS_2065_100_25832_etrs89-utm32n.asc,irrigation_SM_2040_100_25832_etrs89-utm32n.asc,,DroughtStressThreshold,0.5,1,
1383,True,fixed,auto,SM_sfix_hauto,sim_projection_avgyield.json,crop.json,site.json,False,dwd_core_ensemble,dwd_core_ensemble/csvs_dwd_core_ensemble,ICHEC-EC-EARTH,KNMI-RACMO22E,rcp85,r1i1p1,v1,2065-01-01,2065-12-31,False,False,True,True,True,False,False,True,False,True,False,False,False,,,0.98,100_220_390_120_330_140_25,prediction_runs,,crop_MS_2065_100_25832_etrs89-utm32n.asc,irrigation_SM_2040_100_25832_etrs89-utm32n.asc,,DroughtStressThreshold,0.5,1,
1384,True,fixed,auto,SM_sfix_hauto,sim_projection_avgyield.json,crop.json,site.json,False,dwd_core_ensemble,dwd_core_ensemble/csvs_dwd_core_ensemble,ICHEC-EC-EARTH,SMHI-RCA4,rcp45,r12i1p1,v1,2065-01-01,2065-12-31,False,False,True,True,True,False,False,True,False,True,False,False,False,,,0.98,100_220_390_120_330_140_25,prediction_runs,,crop_MS_2065_100_25832_etrs89-utm32n.asc,irrigation_SM_2040_100_25832_etrs89-utm32n.asc,,DroughtStressThreshold,0.5,1,
1385,True,fixed,auto,SM_sfix_hauto,sim_projection_avgyield.json,crop.json,site.json,False,dwd_core_ensemble,dwd_core_ensemble/csvs_dwd_core_ensemble,MIROC-MIROC5,CLMcom-CCLM4-8-17,rcp26,r1i1p1,v1,2065-01-01,2065-12-31,False,False,True,True,True,False,False,True,False,True,False,False,False,,,0.98,100_220_390_120_330_140_25,prediction_runs,,crop_MS_2065_100_25832_etrs89-utm32n.asc,irrigation_SM_2040_100_25832_etrs89-utm32n.asc,,DroughtStressThreshold,0.5,1,
1386,True,fixed,auto,SM_sfix_hauto,sim_projection_avgyield.json,crop.json,site.json,False,dwd_core_ensemble,dwd_core_ensemble/csvs_dwd_core_ensemble,MIROC-MIROC5,GERICS-REMO2015,rcp85,r1i1p1,v1,2065-01-01,2065-12-31,False,False,True,True,True,False,False,True,False,True,False,False,False,,,0.98,100_220_390_120_330_140_25,prediction_runs,,crop_MS_2065_100_25832_etrs89-utm32n.asc,irrigation_SM_2040_100_25832_etrs89-utm32n.asc,,DroughtStressThreshold,0.5,1,
1387,True,fixed,auto,SM_sfix_hauto,sim_projection_avgyield.json,crop.json,site.json,False,dwd_core_ensemble,dwd_core_ensemble/csvs_dwd_core_ensemble,MOHC-HadGEM2-ES,CLMcom-CCLM4-8-17,rcp45,r1i1p1,v1,2065-01-01,2065-12-31,False,False,True,True,True,False,False,True,False,True,False,False,False,,,0.98,100_220_390_120_330_140_25,prediction_runs,,crop_MS_2065_100_25832_etrs89-utm32n.asc,irrigation_SM_2040_100_25832_etrs89-utm32n.asc,,DroughtStressThreshold,0.5,1,
1388,True,fixed,auto,SM_sfix_hauto,sim_projection_avgyield.json,crop.json,site.json,False,dwd_core_ensemble,dwd_core_ensemble/csvs_dwd_core_ensemble,MOHC-HadGEM2-ES,CLMcom-CCLM4-8-17,rcp85,r1i1p1,v1,2065-01-01,2065-12-31,False,False,True,True,True,False,False,True,False,True,False,False,False,,,0.98,100_220_390_120_330_140_25,prediction_runs,,crop_MS_2065_100_25832_etrs89-utm32n.asc,irrigation_SM_2040_100_25832_etrs89-utm32n.asc,,DroughtStressThreshold,0.5,1,
1389,True,fixed,auto,SM_sfix_hauto,sim_projection_avgyield.json,crop.json,site.json,False,dwd_core_ensemble,dwd_core_ensemble/csvs_dwd_core_ensemble,MOHC-HadGEM2-ES,KNMI-RACMO22E,rcp26,r1i1p1,v2,2065-01-01,2065-12-31,False,False,True,True,True,False,False,True,False,True,False,False,False,,,0.98,100_220_390_120_330_140_25,prediction_runs,,crop_MS_2065_100_25832_etrs89-utm32n.asc,irrigation_SM_2040_100_25832_etrs89-utm32n.asc,,DroughtStressThreshold,0.5,1,
1390,True,fixed,auto,SM_sfix_hauto,sim_projection_avgyield.json,crop.json,site.json,False,dwd_core_ensemble,dwd_core_ensemble/csvs_dwd_core_ensemble,MPI-M-MPI-ESM-LR,MPI-CSC-REMO2009,rcp26,r2i1p1,v1,2065-01-01,2065-12-31,False,False,True,True,True,False,False,True,False,True,False,False,False,,,0.98,100_220_390_120_330_140_25,prediction_runs,,crop_MS_2065_100_25832_etrs89-utm32n.asc,irrigation_SM_2040_100_25832_etrs89-utm32n.asc,,DroughtStressThreshold,0.5,1,
1391,True,fixed,auto,SM_sfix_hauto,sim_projection_avgyield.json,crop.json,site.json,False,dwd_core_ensemble,dwd_core_ensemble/csvs_dwd_core_ensemble,MPI-M-MPI-ESM-LR,MPI-CSC-REMO2009,rcp45,r1i1p1,v1,2065-01-01,2065-12-31,False,False,True,True,True,False,False,True,False,True,False,False,False,,,0.98,100_220_390_120_330_140_25,prediction_runs,,crop_MS_2065_100_25832_etrs89-utm32n.asc,irrigation_SM_2040_100_25832_etrs89-utm32n.asc,,DroughtStressThreshold,0.5,1,
1392,True,fixed,auto,SM_sfix_hauto,sim_projection_avgyield.json,crop.json,site.json,False,dwd_core_ensemble,dwd_core_ensemble/csvs_dwd_core_ensemble,MPI-M-MPI-ESM-LR,MPI-CSC-REMO2009,rcp45,r2i1p1,v1,2065-01-01,2065-12-31,False,False,True,True,True,False,False,True,False,True,False,False,False,,,0.98,100_220_390_120_330_140_25,prediction_runs,,crop_MS_2065_100_25832_etrs89-utm32n.asc,irrigation_SM_2040_100_25832_etrs89-utm32n.asc,,DroughtStressThreshold,0.5,1,
1393,True,fixed,auto,SM_sfix_hauto,sim_projection_avgyield.json,crop.json,site.json,False,dwd_core_ensemble,dwd_core_ensemble/csvs_dwd_core_ensemble,MPI-M-MPI-ESM-LR,MPI-CSC-REMO2009,rcp85,r2i1p1,v1,2065-01-01,2065-12-31,False,False,True,True,True,False,False,True,False,True,False,False,False,,,0.98,100_220_390_120_330_140_25,prediction_runs,,crop_MS_2065_100_25832_etrs89-utm32n.asc,irrigation_SM_2040_100_25832_etrs89-utm32n.asc,,DroughtStressThreshold,0.5,1,
1394,True,fixed,auto,SM_sfix_hauto,sim_projection_avgyield.json,crop.json,site.json,False,dwd_core_ensemble,dwd_core_ensemble/csvs_dwd_core_ensemble,MPI-M-MPI-ESM-LR,UHOH-WRF361H,rcp85,r1i1p1,v1,2065-01-01,2065-12-31,False,False,True,True,True,False,False,True,False,True,False,False,False,,,0.98,100_220_390_120_330_140_25,prediction_runs,,crop_MS_2065_100_25832_etrs89-utm32n.asc,irrigation_SM_2040_100_25832_etrs89-utm32n.asc,,DroughtStressThreshold,0.5,1,
1395,True,fixed,auto,SM_sfix_hauto,sim_projection_avgyield.json,crop.json,site.json,False,dwd_core_ensemble,dwd_core_ensemble/csvs_dwd_core_ensemble,CCCma-CanESM2,CLMcom-CCLM4-8-17,rcp85,r1i1p1,v1,2066-01-01,2066-12-31,False,False,True,True,True,False,False,True,False,True,False,False,False,,,0.98,100_220_390_120_330_140_25,prediction_runs,,crop_MS_2066_100_25832_etrs89-utm32n.asc,irrigation_SM_2040_100_25832_etrs89-utm32n.asc,,DroughtStressThreshold,0.5,1,
1396,True,fixed,auto,SM_sfix_hauto,sim_projection_avgyield.json,crop.json,site.json,False,dwd_core_ensemble,dwd_core_ensemble/csvs_dwd_core_ensemble,ICHEC-EC-EARTH,CLMcom-CCLM4-8-17,rcp26,r12i1p1,v1,2066-01-01,2066-12-31,False,False,True,True,True,False,False,True,False,True,False,False,False,,,0.98,100_220_390_120_330_140_25,prediction_runs,,crop_MS_2066_100_25832_etrs89-utm32n.asc,irrigation_SM_2040_100_25832_etrs89-utm32n.asc,,DroughtStressThreshold,0.5,1,
1397,True,fixed,auto,SM_sfix_hauto,sim_projection_avgyield.json,crop.json,site.json,False,dwd_core_ensemble,dwd_core_ensemble/csvs_dwd_core_ensemble,ICHEC-EC-EARTH,KNMI-RACMO22E,rcp26,r12i1p1,v1,2066-01-01,2066-12-31,False,False,True,True,True,False,False,True,False,True,False,False,False,,,0.98,100_220_390_120_330_140_25,prediction_runs,,crop_MS_2066_100_25832_etrs89-utm32n.asc,irrigation_SM_2040_100_25832_etrs89-utm32n.asc,,DroughtStressThreshold,0.5,1,
1398,True,fixed,auto,SM_sfix_hauto,sim_projection_avgyield.json,crop.json,site.json,False,dwd_core_ensemble,dwd_core_ensemble/csvs_dwd_core_ensemble,ICHEC-EC-EARTH,KNMI-RACMO22E,rcp45,r1i1p1,v1,2066-01-01,2066-12-31,False,False,True,True,True,False,False,True,False,True,False,False,False,,,0.98,100_220_390_120_330_140_25,prediction_runs,,crop_MS_2066_100_25832_etrs89-utm32n.asc,irrigation_SM_2040_100_25832_etrs89-utm32n.asc,,DroughtStressThreshold,0.5,1,
1399,True,fixed,auto,SM_sfix_hauto,sim_projection_avgyield.json,crop.json,site.json,False,dwd_core_ensemble,dwd_core_ensemble/csvs_dwd_core_ensemble,ICHEC-EC-EARTH,KNMI-RACMO22E,rcp45,r12i1p1,v1,2066-01-01,2066-12-31,False,False,True,True,True,False,False,True,False,True,False,False,False,,,0.98,100_220_390_120_330_140_25,prediction_runs,,crop_MS_2066_100_25832_etrs89-utm32n.asc,irrigation_SM_2040_100_25832_etrs89-utm32n.asc,,DroughtStressThreshold,0.5,1,
1400,True,fixed,auto,SM_sfix_hauto,sim_projection_avgyield.json,crop.json,site.json,False,dwd_core_ensemble,dwd_core_ensemble/csvs_dwd_core_ensemble,ICHEC-EC-EARTH,KNMI-RACMO22E,rcp85,r1i1p1,v1,2066-01-01,2066-12-31,False,False,True,True,True,False,False,True,False,True,False,False,False,,,0.98,100_220_390_120_330_140_25,prediction_runs,,crop_MS_2066_100_25832_etrs89-utm32n.asc,irrigation_SM_2040_100_25832_etrs89-utm32n.asc,,DroughtStressThreshold,0.5,1,
1401,True,fixed,auto,SM_sfix_hauto,sim_projection_avgyield.json,crop.json,site.json,False,dwd_core_ensemble,dwd_core_ensemble/csvs_dwd_core_ensemble,ICHEC-EC-EARTH,SMHI-RCA4,rcp45,r12i1p1,v1,2066-01-01,2066-12-31,False,False,True,True,True,False,False,True,False,True,False,False,False,,,0.98,100_220_390_120_330_140_25,prediction_runs,,crop_MS_2066_100_25832_etrs89-utm32n.asc,irrigation_SM_2040_100_25832_etrs89-utm32n.asc,,DroughtStressThreshold,0.5,1,
1402,True,fixed,auto,SM_sfix_hauto,sim_projection_avgyield.json,crop.json,site.json,False,dwd_core_ensemble,dwd_core_ensemble/csvs_dwd_core_ensemble,MIROC-MIROC5,CLMcom-CCLM4-8-17,rcp26,r1i1p1,v1,2066-01-01,2066-12-31,False,False,True,True,True,False,False,True,False,True,False,False,False,,,0.98,100_220_390_120_330_140_25,prediction_runs,,crop_MS_2066_100_25832_etrs89-utm32n.asc,irrigation_SM_2040_100_25832_etrs89-utm32n.asc,,DroughtStressThreshold,0.5,1,
1403,True,fixed,auto,SM_sfix_hauto,sim_projection_avgyield.json,crop.json,site.json,False,dwd_core_ensemble,dwd_core_ensemble/csvs_dwd_core_ensemble,MIROC-MIROC5,GERICS-REMO2015,rcp85,r1i1p1,v1,2066-01-01,2066-12-31,False,False,True,True,True,False,False,True,False,True,False,False,False,,,0.98,100_220_390_120_330_140_25,prediction_runs,,crop_MS_2066_100_25832_etrs89-utm32n.asc,irrigation_SM_2040_100_25832_etrs89-utm32n.asc,,DroughtStressThreshold,0.5,1,
1404,True,fixed,auto,SM_sfix_hauto,sim_projection_avgyield.json,crop.json,site.json,False,dwd_core_ensemble,dwd_core_ensemble/csvs_dwd_core_ensemble,MOHC-HadGEM2-ES,CLMcom-CCLM4-8-17,rcp45,r1i1p1,v1,2066-01-01,2066-12-31,False,False,True,True,True,False,False,True,False,True,False,False,False,,,0.98,100_220_390_120_330_140_25,prediction_runs,,crop_MS_2066_100_25832_etrs89-utm32n.asc,irrigation_SM_2040_100_25832_etrs89-utm32n.asc,,DroughtStressThreshold,0.5,1,
1405,True,fixed,auto,SM_sfix_hauto,sim_projection_avgyield.json,crop.json,site.json,False,dwd_core_ensemble,dwd_core_ensemble/csvs_dwd_core_ensemble,MOHC-HadGEM2-ES,CLMcom-CCLM4-8-17,rcp85,r1i1p1,v1,2066-01-01,2066-12-31,False,False,True,True,True,False,False,True,False,True,False,False,False,,,0.98,100_220_390_120_330_140_25,prediction_runs,,crop_MS_2066_100_25832_etrs89-utm32n.asc,irrigation_SM_2040_100_25832_etrs89-utm32n.asc,,DroughtStressThreshold,0.5,1,
1406,True,fixed,auto,SM_sfix_hauto,sim_projection_avgyield.json,crop.json,site.json,False,dwd_core_ensemble,dwd_core_ensemble/csvs_dwd_core_ensemble,MOHC-HadGEM2-ES,KNMI-RACMO22E,rcp26,r1i1p1,v2,2066-01-01,2066-12-31,False,False,True,True,True,False,False,True,False,True,False,False,False,,,0.98,100_220_390_120_330_140_25,prediction_runs,,crop_MS_2066_100_25832_etrs89-utm32n.asc,irrigation_SM_2040_100_25832_etrs89-utm32n.asc,,DroughtStressThreshold,0.5,1,
1407,True,fixed,auto,SM_sfix_hauto,sim_projection_avgyield.json,crop.json,site.json,False,dwd_core_ensemble,dwd_core_ensemble/csvs_dwd_core_ensemble,MPI-M-MPI-ESM-LR,MPI-CSC-REMO2009,rcp26,r2i1p1,v1,2066-01-01,2066-12-31,False,False,True,True,True,False,False,True,False,True,False,False,False,,,0.98,100_220_390_120_330_140_25,prediction_runs,,crop_MS_2066_100_25832_etrs89-utm32n.asc,irrigation_SM_2040_100_25832_etrs89-utm32n.asc,,DroughtStressThreshold,0.5,1,
1408,True,fixed,auto,SM_sfix_hauto,sim_projection_avgyield.json,crop.json,site.json,False,dwd_core_ensemble,dwd_core_ensemble/csvs_dwd_core_ensemble,MPI-M-MPI-ESM-LR,MPI-CSC-REMO2009,rcp45,r1i1p1,v1,2066-01-01,2066-12-31,False,False,True,True,True,False,False,True,False,True,False,False,False,,,0.98,100_220_390_120_330_140_25,prediction_runs,,crop_MS_2066_100_25832_etrs89-utm32n.asc,irrigation_SM_2040_100_25832_etrs89-utm32n.asc,,DroughtStressThreshold,0.5,1,
1409,True,fixed,auto,SM_sfix_hauto,sim_projection_avgyield.json,crop.json,site.json,False,dwd_core_ensemble,dwd_core_ensemble/csvs_dwd_core_ensemble,MPI-M-MPI-ESM-LR,MPI-CSC-REMO2009,rcp45,r2i1p1,v1,2066-01-01,2066-12-31,False,False,True,True,True,False,False,True,False,True,False,False,False,,,0.98,100_220_390_120_330_140_25,prediction_runs,,crop_MS_2066_100_25832_etrs89-utm32n.asc,irrigation_SM_2040_100_25832_etrs89-utm32n.asc,,DroughtStressThreshold,0.5,1,
1410,True,fixed,auto,SM_sfix_hauto,sim_projection_avgyield.json,crop.json,site.json,False,dwd_core_ensemble,dwd_core_ensemble/csvs_dwd_core_ensemble,MPI-M-MPI-ESM-LR,MPI-CSC-REMO2009,rcp85,r2i1p1,v1,2066-01-01,2066-12-31,False,False,True,True,True,False,False,True,False,True,False,False,False,,,0.98,100_220_390_120_330_140_25,prediction_runs,,crop_MS_2066_100_25832_etrs89-utm32n.asc,irrigation_SM_2040_100_25832_etrs89-utm32n.asc,,DroughtStressThreshold,0.5,1,
1411,True,fixed,auto,SM_sfix_hauto,sim_projection_avgyield.json,crop.json,site.json,False,dwd_core_ensemble,dwd_core_ensemble/csvs_dwd_core_ensemble,MPI-M-MPI-ESM-LR,UHOH-WRF361H,rcp85,r1i1p1,v1,2066-01-01,2066-12-31,False,False,True,True,True,False,False,True,False,True,False,False,False,,,0.98,100_220_390_120_330_140_25,prediction_runs,,crop_MS_2066_100_25832_etrs89-utm32n.asc,irrigation_SM_2040_100_25832_etrs89-utm32n.asc,,DroughtStressThreshold,0.5,1,
1412,True,fixed,auto,SM_sfix_hauto,sim_projection_avgyield.json,crop.json,site.json,False,dwd_core_ensemble,dwd_core_ensemble/csvs_dwd_core_ensemble,CCCma-CanESM2,CLMcom-CCLM4-8-17,rcp85,r1i1p1,v1,2067-01-01,2067-12-31,False,False,True,True,True,False,False,True,False,True,False,False,False,,,0.98,100_220_390_120_330_140_25,prediction_runs,,crop_MS_2067_100_25832_etrs89-utm32n.asc,irrigation_SM_2040_100_25832_etrs89-utm32n.asc,,DroughtStressThreshold,0.5,1,
1413,True,fixed,auto,SM_sfix_hauto,sim_projection_avgyield.json,crop.json,site.json,False,dwd_core_ensemble,dwd_core_ensemble/csvs_dwd_core_ensemble,ICHEC-EC-EARTH,CLMcom-CCLM4-8-17,rcp26,r12i1p1,v1,2067-01-01,2067-12-31,False,False,True,True,True,False,False,True,False,True,False,False,False,,,0.98,100_220_390_120_330_140_25,prediction_runs,,crop_MS_2067_100_25832_etrs89-utm32n.asc,irrigation_SM_2040_100_25832_etrs89-utm32n.asc,,DroughtStressThreshold,0.5,1,
1414,True,fixed,auto,SM_sfix_hauto,sim_projection_avgyield.json,crop.json,site.json,False,dwd_core_ensemble,dwd_core_ensemble/csvs_dwd_core_ensemble,ICHEC-EC-EARTH,KNMI-RACMO22E,rcp26,r12i1p1,v1,2067-01-01,2067-12-31,False,False,True,True,True,False,False,True,False,True,False,False,False,,,0.98,100_220_390_120_330_140_25,prediction_runs,,crop_MS_2067_100_25832_etrs89-utm32n.asc,irrigation_SM_2040_100_25832_etrs89-utm32n.asc,,DroughtStressThreshold,0.5,1,
1415,True,fixed,auto,SM_sfix_hauto,sim_projection_avgyield.json,crop.json,site.json,False,dwd_core_ensemble,dwd_core_ensemble/csvs_dwd_core_ensemble,ICHEC-EC-EARTH,KNMI-RACMO22E,rcp45,r1i1p1,v1,2067-01-01,2067-12-31,False,False,True,True,True,False,False,True,False,True,False,False,False,,,0.98,100_220_390_120_330_140_25,prediction_runs,,crop_MS_2067_100_25832_etrs89-utm32n.asc,irrigation_SM_2040_100_25832_etrs89-utm32n.asc,,DroughtStressThreshold,0.5,1,
1416,True,fixed,auto,SM_sfix_hauto,sim_projection_avgyield.json,crop.json,site.json,False,dwd_core_ensemble,dwd_core_ensemble/csvs_dwd_core_ensemble,ICHEC-EC-EARTH,KNMI-RACMO22E,rcp45,r12i1p1,v1,2067-01-01,2067-12-31,False,False,True,True,True,False,False,True,False,True,False,False,False,,,0.98,100_220_390_120_330_140_25,prediction_runs,,crop_MS_2067_100_25832_etrs89-utm32n.asc,irrigation_SM_2040_100_25832_etrs89-utm32n.asc,,DroughtStressThreshold,0.5,1,
1417,True,fixed,auto,SM_sfix_hauto,sim_projection_avgyield.json,crop.json,site.json,False,dwd_core_ensemble,dwd_core_ensemble/csvs_dwd_core_ensemble,ICHEC-EC-EARTH,KNMI-RACMO22E,rcp85,r1i1p1,v1,2067-01-01,2067-12-31,False,False,True,True,True,False,False,True,False,True,False,False,False,,,0.98,100_220_390_120_330_140_25,prediction_runs,,crop_MS_2067_100_25832_etrs89-utm32n.asc,irrigation_SM_2040_100_25832_etrs89-utm32n.asc,,DroughtStressThreshold,0.5,1,
1418,True,fixed,auto,SM_sfix_hauto,sim_projection_avgyield.json,crop.json,site.json,False,dwd_core_ensemble,dwd_core_ensemble/csvs_dwd_core_ensemble,ICHEC-EC-EARTH,SMHI-RCA4,rcp45,r12i1p1,v1,2067-01-01,2067-12-31,False,False,True,True,True,False,False,True,False,True,False,False,False,,,0.98,100_220_390_120_330_140_25,prediction_runs,,crop_MS_2067_100_25832_etrs89-utm32n.asc,irrigation_SM_2040_100_25832_etrs89-utm32n.asc,,DroughtStressThreshold,0.5,1,
1419,True,fixed,auto,SM_sfix_hauto,sim_projection_avgyield.json,crop.json,site.json,False,dwd_core_ensemble,dwd_core_ensemble/csvs_dwd_core_ensemble,MIROC-MIROC5,CLMcom-CCLM4-8-17,rcp26,r1i1p1,v1,2067-01-01,2067-12-31,False,False,True,True,True,False,False,True,False,True,False,False,False,,,0.98,100_220_390_120_330_140_25,prediction_runs,,crop_MS_2067_100_25832_etrs89-utm32n.asc,irrigation_SM_2040_100_25832_etrs89-utm32n.asc,,DroughtStressThreshold,0.5,1,
1420,True,fixed,auto,SM_sfix_hauto,sim_projection_avgyield.json,crop.json,site.json,False,dwd_core_ensemble,dwd_core_ensemble/csvs_dwd_core_ensemble,MIROC-MIROC5,GERICS-REMO2015,rcp85,r1i1p1,v1,2067-01-01,2067-12-31,False,False,True,True,True,False,False,True,False,True,False,False,False,,,0.98,100_220_390_120_330_140_25,prediction_runs,,crop_MS_2067_100_25832_etrs89-utm32n.asc,irrigation_SM_2040_100_25832_etrs89-utm32n.asc,,DroughtStressThreshold,0.5,1,
1421,True,fixed,auto,SM_sfix_hauto,sim_projection_avgyield.json,crop.json,site.json,False,dwd_core_ensemble,dwd_core_ensemble/csvs_dwd_core_ensemble,MOHC-HadGEM2-ES,CLMcom-CCLM4-8-17,rcp45,r1i1p1,v1,2067-01-01,2067-12-31,False,False,True,True,True,False,False,True,False,True,False,False,False,,,0.98,100_220_390_120_330_140_25,prediction_runs,,crop_MS_2067_100_25832_etrs89-utm32n.asc,irrigation_SM_2040_100_25832_etrs89-utm32n.asc,,DroughtStressThreshold,0.5,1,
1422,True,fixed,auto,SM_sfix_hauto,sim_projection_avgyield.json,crop.json,site.json,False,dwd_core_ensemble,dwd_core_ensemble/csvs_dwd_core_ensemble,MOHC-HadGEM2-ES,CLMcom-CCLM4-8-17,rcp85,r1i1p1,v1,2067-01-01,2067-12-31,False,False,True,True,True,False,False,True,False,True,False,False,False,,,0.98,100_220_390_120_330_140_25,prediction_runs,,crop_MS_2067_100_25832_etrs89-utm32n.asc,irrigation_SM_2040_100_25832_etrs89-utm32n.asc,,DroughtStressThreshold,0.5,1,
1423,True,fixed,auto,SM_sfix_hauto,sim_projection_avgyield.json,crop.json,site.json,False,dwd_core_ensemble,dwd_core_ensemble/csvs_dwd_core_ensemble,MOHC-HadGEM2-ES,KNMI-RACMO22E,rcp26,r1i1p1,v2,2067-01-01,2067-12-31,False,False,True,True,True,False,False,True,False,True,False,False,False,,,0.98,100_220_390_120_330_140_25,prediction_runs,,crop_MS_2067_100_25832_etrs89-utm32n.asc,irrigation_SM_2040_100_25832_etrs89-utm32n.asc,,DroughtStressThreshold,0.5,1,
1424,True,fixed,auto,SM_sfix_hauto,sim_projection_avgyield.json,crop.json,site.json,False,dwd_core_ensemble,dwd_core_ensemble/csvs_dwd_core_ensemble,MPI-M-MPI-ESM-LR,MPI-CSC-REMO2009,rcp26,r2i1p1,v1,2067-01-01,2067-12-31,False,False,True,True,True,False,False,True,False,True,False,False,False,,,0.98,100_220_390_120_330_140_25,prediction_runs,,crop_MS_2067_100_25832_etrs89-utm32n.asc,irrigation_SM_2040_100_25832_etrs89-utm32n.asc,,DroughtStressThreshold,0.5,1,
1425,True,fixed,auto,SM_sfix_hauto,sim_projection_avgyield.json,crop.json,site.json,False,dwd_core_ensemble,dwd_core_ensemble/csvs_dwd_core_ensemble,MPI-M-MPI-ESM-LR,MPI-CSC-REMO2009,rcp45,r1i1p1,v1,2067-01-01,2067-12-31,False,False,True,True,True,False,False,True,False,True,False,False,False,,,0.98,100_220_390_120_330_140_25,prediction_runs,,crop_MS_2067_100_25832_etrs89-utm32n.asc,irrigation_SM_2040_100_25832_etrs89-utm32n.asc,,DroughtStressThreshold,0.5,1,
1426,True,fixed,auto,SM_sfix_hauto,sim_projection_avgyield.json,crop.json,site.json,False,dwd_core_ensemble,dwd_core_ensemble/csvs_dwd_core_ensemble,MPI-M-MPI-ESM-LR,MPI-CSC-REMO2009,rcp45,r2i1p1,v1,2067-01-01,2067-12-31,False,False,True,True,True,False,False,True,False,True,False,False,False,,,0.98,100_220_390_120_330_140_25,prediction_runs,,crop_MS_2067_100_25832_etrs89-utm32n.asc,irrigation_SM_2040_100_25832_etrs89-utm32n.asc,,DroughtStressThreshold,0.5,1,
1427,True,fixed,auto,SM_sfix_hauto,sim_projection_avgyield.json,crop.json,site.json,False,dwd_core_ensemble,dwd_core_ensemble/csvs_dwd_core_ensemble,MPI-M-MPI-ESM-LR,MPI-CSC-REMO2009,rcp85,r2i1p1,v1,2067-01-01,2067-12-31,False,False,True,True,True,False,False,True,False,True,False,False,False,,,0.98,100_220_390_120_330_140_25,prediction_runs,,crop_MS_2067_100_25832_etrs89-utm32n.asc,irrigation_SM_2040_100_25832_etrs89-utm32n.asc,,DroughtStressThreshold,0.5,1,
1428,True,fixed,auto,SM_sfix_hauto,sim_projection_avgyield.json,crop.json,site.json,False,dwd_core_ensemble,dwd_core_ensemble/csvs_dwd_core_ensemble,MPI-M-MPI-ESM-LR,UHOH-WRF361H,rcp85,r1i1p1,v1,2067-01-01,2067-12-31,False,False,True,True,True,False,False,True,False,True,False,False,False,,,0.98,100_220_390_120_330_140_25,prediction_runs,,crop_MS_2067_100_25832_etrs89-utm32n.asc,irrigation_SM_2040_100_25832_etrs89-utm32n.asc,,DroughtStressThreshold,0.5,1,
1429,True,fixed,auto,SM_sfix_hauto,sim_projection_avgyield.json,crop.json,site.json,False,dwd_core_ensemble,dwd_core_ensemble/csvs_dwd_core_ensemble,CCCma-CanESM2,CLMcom-CCLM4-8-17,rcp85,r1i1p1,v1,2068-01-01,2068-12-31,False,False,True,True,True,False,False,True,False,True,False,False,False,,,0.98,100_220_390_120_330_140_25,prediction_runs,,crop_MS_2068_100_25832_etrs89-utm32n.asc,irrigation_SM_2040_100_25832_etrs89-utm32n.asc,,DroughtStressThreshold,0.5,1,
1430,True,fixed,auto,SM_sfix_hauto,sim_projection_avgyield.json,crop.json,site.json,False,dwd_core_ensemble,dwd_core_ensemble/csvs_dwd_core_ensemble,ICHEC-EC-EARTH,CLMcom-CCLM4-8-17,rcp26,r12i1p1,v1,2068-01-01,2068-12-31,False,False,True,True,True,False,False,True,False,True,False,False,False,,,0.98,100_220_390_120_330_140_25,prediction_runs,,crop_MS_2068_100_25832_etrs89-utm32n.asc,irrigation_SM_2040_100_25832_etrs89-utm32n.asc,,DroughtStressThreshold,0.5,1,
1431,True,fixed,auto,SM_sfix_hauto,sim_projection_avgyield.json,crop.json,site.json,False,dwd_core_ensemble,dwd_core_ensemble/csvs_dwd_core_ensemble,ICHEC-EC-EARTH,KNMI-RACMO22E,rcp26,r12i1p1,v1,2068-01-01,2068-12-31,False,False,True,True,True,False,False,True,False,True,False,False,False,,,0.98,100_220_390_120_330_140_25,prediction_runs,,crop_MS_2068_100_25832_etrs89-utm32n.asc,irrigation_SM_2040_100_25832_etrs89-utm32n.asc,,DroughtStressThreshold,0.5,1,
1432,True,fixed,auto,SM_sfix_hauto,sim_projection_avgyield.json,crop.json,site.json,False,dwd_core_ensemble,dwd_core_ensemble/csvs_dwd_core_ensemble,ICHEC-EC-EARTH,KNMI-RACMO22E,rcp45,r1i1p1,v1,2068-01-01,2068-12-31,False,False,True,True,True,False,False,True,False,True,False,False,False,,,0.98,100_220_390_120_330_140_25,prediction_runs,,crop_MS_2068_100_25832_etrs89-utm32n.asc,irrigation_SM_2040_100_25832_etrs89-utm32n.asc,,DroughtStressThreshold,0.5,1,
1433,True,fixed,auto,SM_sfix_hauto,sim_projection_avgyield.json,crop.json,site.json,False,dwd_core_ensemble,dwd_core_ensemble/csvs_dwd_core_ensemble,ICHEC-EC-EARTH,KNMI-RACMO22E,rcp45,r12i1p1,v1,2068-01-01,2068-12-31,False,False,True,True,True,False,False,True,False,True,False,False,False,,,0.98,100_220_390_120_330_140_25,prediction_runs,,crop_MS_2068_100_25832_etrs89-utm32n.asc,irrigation_SM_2040_100_25832_etrs89-utm32n.asc,,DroughtStressThreshold,0.5,1,
1434,True,fixed,auto,SM_sfix_hauto,sim_projection_avgyield.json,crop.json,site.json,False,dwd_core_ensemble,dwd_core_ensemble/csvs_dwd_core_ensemble,ICHEC-EC-EARTH,KNMI-RACMO22E,rcp85,r1i1p1,v1,2068-01-01,2068-12-31,False,False,True,True,True,False,False,True,False,True,False,False,False,,,0.98,100_220_390_120_330_140_25,prediction_runs,,crop_MS_2068_100_25832_etrs89-utm32n.asc,irrigation_SM_2040_100_25832_etrs89-utm32n.asc,,DroughtStressThreshold,0.5,1,
1435,True,fixed,auto,SM_sfix_hauto,sim_projection_avgyield.json,crop.json,site.json,False,dwd_core_ensemble,dwd_core_ensemble/csvs_dwd_core_ensemble,ICHEC-EC-EARTH,SMHI-RCA4,rcp45,r12i1p1,v1,2068-01-01,2068-12-31,False,False,True,True,True,False,False,True,False,True,False,False,False,,,0.98,100_220_390_120_330_140_25,prediction_runs,,crop_MS_2068_100_25832_etrs89-utm32n.asc,irrigation_SM_2040_100_25832_etrs89-utm32n.asc,,DroughtStressThreshold,0.5,1,
1436,True,fixed,auto,SM_sfix_hauto,sim_projection_avgyield.json,crop.json,site.json,False,dwd_core_ensemble,dwd_core_ensemble/csvs_dwd_core_ensemble,MIROC-MIROC5,CLMcom-CCLM4-8-17,rcp26,r1i1p1,v1,2068-01-01,2068-12-31,False,False,True,True,True,False,False,True,False,True,False,False,False,,,0.98,100_220_390_120_330_140_25,prediction_runs,,crop_MS_2068_100_25832_etrs89-utm32n.asc,irrigation_SM_2040_100_25832_etrs89-utm32n.asc,,DroughtStressThreshold,0.5,1,
1437,True,fixed,auto,SM_sfix_hauto,sim_projection_avgyield.json,crop.json,site.json,False,dwd_core_ensemble,dwd_core_ensemble/csvs_dwd_core_ensemble,MIROC-MIROC5,GERICS-REMO2015,rcp85,r1i1p1,v1,2068-01-01,2068-12-31,False,False,True,True,True,False,False,True,False,True,False,False,False,,,0.98,100_220_390_120_330_140_25,prediction_runs,,crop_MS_2068_100_25832_etrs89-utm32n.asc,irrigation_SM_2040_100_25832_etrs89-utm32n.asc,,DroughtStressThreshold,0.5,1,
1438,True,fixed,auto,SM_sfix_hauto,sim_projection_avgyield.json,crop.json,site.json,False,dwd_core_ensemble,dwd_core_ensemble/csvs_dwd_core_ensemble,MOHC-HadGEM2-ES,CLMcom-CCLM4-8-17,rcp45,r1i1p1,v1,2068-01-01,2068-12-31,False,False,True,True,True,False,False,True,False,True,False,False,False,,,0.98,100_220_390_120_330_140_25,prediction_runs,,crop_MS_2068_100_25832_etrs89-utm32n.asc,irrigation_SM_2040_100_25832_etrs89-utm32n.asc,,DroughtStressThreshold,0.5,1,
1439,True,fixed,auto,SM_sfix_hauto,sim_projection_avgyield.json,crop.json,site.json,False,dwd_core_ensemble,dwd_core_ensemble/csvs_dwd_core_ensemble,MOHC-HadGEM2-ES,CLMcom-CCLM4-8-17,rcp85,r1i1p1,v1,2068-01-01,2068-12-31,False,False,True,True,True,False,False,True,False,True,False,False,False,,,0.98,100_220_390_120_330_140_25,prediction_runs,,crop_MS_2068_100_25832_etrs89-utm32n.asc,irrigation_SM_2040_100_25832_etrs89-utm32n.asc,,DroughtStressThreshold,0.5,1,
1440,True,fixed,auto,SM_sfix_hauto,sim_projection_avgyield.json,crop.json,site.json,False,dwd_core_ensemble,dwd_core_ensemble/csvs_dwd_core_ensemble,MOHC-HadGEM2-ES,KNMI-RACMO22E,rcp26,r1i1p1,v2,2068-01-01,2068-12-31,False,False,True,True,True,False,False,True,False,True,False,False,False,,,0.98,100_220_390_120_330_140_25,prediction_runs,,crop_MS_2068_100_25832_etrs89-utm32n.asc,irrigation_SM_2040_100_25832_etrs89-utm32n.asc,,DroughtStressThreshold,0.5,1,
1441,True,fixed,auto,SM_sfix_hauto,sim_projection_avgyield.json,crop.json,site.json,False,dwd_core_ensemble,dwd_core_ensemble/csvs_dwd_core_ensemble,MPI-M-MPI-ESM-LR,MPI-CSC-REMO2009,rcp26,r2i1p1,v1,2068-01-01,2068-12-31,False,False,True,True,True,False,False,True,False,True,False,False,False,,,0.98,100_220_390_120_330_140_25,prediction_runs,,crop_MS_2068_100_25832_etrs89-utm32n.asc,irrigation_SM_2040_100_25832_etrs89-utm32n.asc,,DroughtStressThreshold,0.5,1,
1442,True,fixed,auto,SM_sfix_hauto,sim_projection_avgyield.json,crop.json,site.json,False,dwd_core_ensemble,dwd_core_ensemble/csvs_dwd_core_ensemble,MPI-M-MPI-ESM-LR,MPI-CSC-REMO2009,rcp45,r1i1p1,v1,2068-01-01,2068-12-31,False,False,True,True,True,False,False,True,False,True,False,False,False,,,0.98,100_220_390_120_330_140_25,prediction_runs,,crop_MS_2068_100_25832_etrs89-utm32n.asc,irrigation_SM_2040_100_25832_etrs89-utm32n.asc,,DroughtStressThreshold,0.5,1,
1443,True,fixed,auto,SM_sfix_hauto,sim_projection_avgyield.json,crop.json,site.json,False,dwd_core_ensemble,dwd_core_ensemble/csvs_dwd_core_ensemble,MPI-M-MPI-ESM-LR,MPI-CSC-REMO2009,rcp45,r2i1p1,v1,2068-01-01,2068-12-31,False,False,True,True,True,False,False,True,False,True,False,False,False,,,0.98,100_220_390_120_330_140_25,prediction_runs,,crop_MS_2068_100_25832_etrs89-utm32n.asc,irrigation_SM_2040_100_25832_etrs89-utm32n.asc,,DroughtStressThreshold,0.5,1,
1444,True,fixed,auto,SM_sfix_hauto,sim_projection_avgyield.json,crop.json,site.json,False,dwd_core_ensemble,dwd_core_ensemble/csvs_dwd_core_ensemble,MPI-M-MPI-ESM-LR,MPI-CSC-REMO2009,rcp85,r2i1p1,v1,2068-01-01,2068-12-31,False,False,True,True,True,False,False,True,False,True,False,False,False,,,0.98,100_220_390_120_330_140_25,prediction_runs,,crop_MS_2068_100_25832_etrs89-utm32n.asc,irrigation_SM_2040_100_25832_etrs89-utm32n.asc,,DroughtStressThreshold,0.5,1,
1445,True,fixed,auto,SM_sfix_hauto,sim_projection_avgyield.json,crop.json,site.json,False,dwd_core_ensemble,dwd_core_ensemble/csvs_dwd_core_ensemble,MPI-M-MPI-ESM-LR,UHOH-WRF361H,rcp85,r1i1p1,v1,2068-01-01,2068-12-31,False,False,True,True,True,False,False,True,False,True,False,False,False,,,0.98,100_220_390_120_330_140_25,prediction_runs,,crop_MS_2068_100_25832_etrs89-utm32n.asc,irrigation_SM_2040_100_25832_etrs89-utm32n.asc,,DroughtStressThreshold,0.5,1,
1446,True,fixed,auto,SM_sfix_hauto,sim_projection_avgyield.json,crop.json,site.json,False,dwd_core_ensemble,dwd_core_ensemble/csvs_dwd_core_ensemble,CCCma-CanESM2,CLMcom-CCLM4-8-17,rcp85,r1i1p1,v1,2069-01-01,2069-12-31,False,False,True,True,True,False,False,True,False,True,False,False,False,,,0.98,100_220_390_120_330_140_25,prediction_runs,,crop_MS_2069_100_25832_etrs89-utm32n.asc,irrigation_SM_2040_100_25832_etrs89-utm32n.asc,,DroughtStressThreshold,0.5,1,
1447,True,fixed,auto,SM_sfix_hauto,sim_projection_avgyield.json,crop.json,site.json,False,dwd_core_ensemble,dwd_core_ensemble/csvs_dwd_core_ensemble,ICHEC-EC-EARTH,CLMcom-CCLM4-8-17,rcp26,r12i1p1,v1,2069-01-01,2069-12-31,False,False,True,True,True,False,False,True,False,True,False,False,False,,,0.98,100_220_390_120_330_140_25,prediction_runs,,crop_MS_2069_100_25832_etrs89-utm32n.asc,irrigation_SM_2040_100_25832_etrs89-utm32n.asc,,DroughtStressThreshold,0.5,1,
1448,True,fixed,auto,SM_sfix_hauto,sim_projection_avgyield.json,crop.json,site.json,False,dwd_core_ensemble,dwd_core_ensemble/csvs_dwd_core_ensemble,ICHEC-EC-EARTH,KNMI-RACMO22E,rcp26,r12i1p1,v1,2069-01-01,2069-12-31,False,False,True,True,True,False,False,True,False,True,False,False,False,,,0.98,100_220_390_120_330_140_25,prediction_runs,,crop_MS_2069_100_25832_etrs89-utm32n.asc,irrigation_SM_2040_100_25832_etrs89-utm32n.asc,,DroughtStressThreshold,0.5,1,
1449,True,fixed,auto,SM_sfix_hauto,sim_projection_avgyield.json,crop.json,site.json,False,dwd_core_ensemble,dwd_core_ensemble/csvs_dwd_core_ensemble,ICHEC-EC-EARTH,KNMI-RACMO22E,rcp45,r1i1p1,v1,2069-01-01,2069-12-31,False,False,True,True,True,False,False,True,False,True,False,False,False,,,0.98,100_220_390_120_330_140_25,prediction_runs,,crop_MS_2069_100_25832_etrs89-utm32n.asc,irrigation_SM_2040_100_25832_etrs89-utm32n.asc,,DroughtStressThreshold,0.5,1,
1450,True,fixed,auto,SM_sfix_hauto,sim_projection_avgyield.json,crop.json,site.json,False,dwd_core_ensemble,dwd_core_ensemble/csvs_dwd_core_ensemble,ICHEC-EC-EARTH,KNMI-RACMO22E,rcp45,r12i1p1,v1,2069-01-01,2069-12-31,False,False,True,True,True,False,False,True,False,True,False,False,False,,,0.98,100_220_390_120_330_140_25,prediction_runs,,crop_MS_2069_100_25832_etrs89-utm32n.asc,irrigation_SM_2040_100_25832_etrs89-utm32n.asc,,DroughtStressThreshold,0.5,1,
1451,True,fixed,auto,SM_sfix_hauto,sim_projection_avgyield.json,crop.json,site.json,False,dwd_core_ensemble,dwd_core_ensemble/csvs_dwd_core_ensemble,ICHEC-EC-EARTH,KNMI-RACMO22E,rcp85,r1i1p1,v1,2069-01-01,2069-12-31,False,False,True,True,True,False,False,True,False,True,False,False,False,,,0.98,100_220_390_120_330_140_25,prediction_runs,,crop_MS_2069_100_25832_etrs89-utm32n.asc,irrigation_SM_2040_100_25832_etrs89-utm32n.asc,,DroughtStressThreshold,0.5,1,
1452,True,fixed,auto,SM_sfix_hauto,sim_projection_avgyield.json,crop.json,site.json,False,dwd_core_ensemble,dwd_core_ensemble/csvs_dwd_core_ensemble,ICHEC-EC-EARTH,SMHI-RCA4,rcp45,r12i1p1,v1,2069-01-01,2069-12-31,False,False,True,True,True,False,False,True,False,True,False,False,False,,,0.98,100_220_390_120_330_140_25,prediction_runs,,crop_MS_2069_100_25832_etrs89-utm32n.asc,irrigation_SM_2040_100_25832_etrs89-utm32n.asc,,DroughtStressThreshold,0.5,1,
1453,True,fixed,auto,SM_sfix_hauto,sim_projection_avgyield.json,crop.json,site.json,False,dwd_core_ensemble,dwd_core_ensemble/csvs_dwd_core_ensemble,MIROC-MIROC5,CLMcom-CCLM4-8-17,rcp26,r1i1p1,v1,2069-01-01,2069-12-31,False,False,True,True,True,False,False,True,False,True,False,False,False,,,0.98,100_220_390_120_330_140_25,prediction_runs,,crop_MS_2069_100_25832_etrs89-utm32n.asc,irrigation_SM_2040_100_25832_etrs89-utm32n.asc,,DroughtStressThreshold,0.5,1,
1454,True,fixed,auto,SM_sfix_hauto,sim_projection_avgyield.json,crop.json,site.json,False,dwd_core_ensemble,dwd_core_ensemble/csvs_dwd_core_ensemble,MIROC-MIROC5,GERICS-REMO2015,rcp85,r1i1p1,v1,2069-01-01,2069-12-31,False,False,True,True,True,False,False,True,False,True,False,False,False,,,0.98,100_220_390_120_330_140_25,prediction_runs,,crop_MS_2069_100_25832_etrs89-utm32n.asc,irrigation_SM_2040_100_25832_etrs89-utm32n.asc,,DroughtStressThreshold,0.5,1,
1455,True,fixed,auto,SM_sfix_hauto,sim_projection_avgyield.json,crop.json,site.json,False,dwd_core_ensemble,dwd_core_ensemble/csvs_dwd_core_ensemble,MOHC-HadGEM2-ES,CLMcom-CCLM4-8-17,rcp45,r1i1p1,v1,2069-01-01,2069-12-31,False,False,True,True,True,False,False,True,False,True,False,False,False,,,0.98,100_220_390_120_330_140_25,prediction_runs,,crop_MS_2069_100_25832_etrs89-utm32n.asc,irrigation_SM_2040_100_25832_etrs89-utm32n.asc,,DroughtStressThreshold,0.5,1,
1456,True,fixed,auto,SM_sfix_hauto,sim_projection_avgyield.json,crop.json,site.json,False,dwd_core_ensemble,dwd_core_ensemble/csvs_dwd_core_ensemble,MOHC-HadGEM2-ES,CLMcom-CCLM4-8-17,rcp85,r1i1p1,v1,2069-01-01,2069-12-31,False,False,True,True,True,False,False,True,False,True,False,False,False,,,0.98,100_220_390_120_330_140_25,prediction_runs,,crop_MS_2069_100_25832_etrs89-utm32n.asc,irrigation_SM_2040_100_25832_etrs89-utm32n.asc,,DroughtStressThreshold,0.5,1,
1457,True,fixed,auto,SM_sfix_hauto,sim_projection_avgyield.json,crop.json,site.json,False,dwd_core_ensemble,dwd_core_ensemble/csvs_dwd_core_ensemble,MOHC-HadGEM2-ES,KNMI-RACMO22E,rcp26,r1i1p1,v2,2069-01-01,2069-12-31,False,False,True,True,True,False,False,True,False,True,False,False,False,,,0.98,100_220_390_120_330_140_25,prediction_runs,,crop_MS_2069_100_25832_etrs89-utm32n.asc,irrigation_SM_2040_100_25832_etrs89-utm32n.asc,,DroughtStressThreshold,0.5,1,
1458,True,fixed,auto,SM_sfix_hauto,sim_projection_avgyield.json,crop.json,site.json,False,dwd_core_ensemble,dwd_core_ensemble/csvs_dwd_core_ensemble,MPI-M-MPI-ESM-LR,MPI-CSC-REMO2009,rcp26,r2i1p1,v1,2069-01-01,2069-12-31,False,False,True,True,True,False,False,True,False,True,False,False,False,,,0.98,100_220_390_120_330_140_25,prediction_runs,,crop_MS_2069_100_25832_etrs89-utm32n.asc,irrigation_SM_2040_100_25832_etrs89-utm32n.asc,,DroughtStressThreshold,0.5,1,
1459,True,fixed,auto,SM_sfix_hauto,sim_projection_avgyield.json,crop.json,site.json,False,dwd_core_ensemble,dwd_core_ensemble/csvs_dwd_core_ensemble,MPI-M-MPI-ESM-LR,MPI-CSC-REMO2009,rcp45,r1i1p1,v1,2069-01-01,2069-12-31,False,False,True,True,True,False,False,True,False,True,False,False,False,,,0.98,100_220_390_120_330_140_25,prediction_runs,,crop_MS_2069_100_25832_etrs89-utm32n.asc,irrigation_SM_2040_100_25832_etrs89-utm32n.asc,,DroughtStressThreshold,0.5,1,
1460,True,fixed,auto,SM_sfix_hauto,sim_projection_avgyield.json,crop.json,site.json,False,dwd_core_ensemble,dwd_core_ensemble/csvs_dwd_core_ensemble,MPI-M-MPI-ESM-LR,MPI-CSC-REMO2009,rcp45,r2i1p1,v1,2069-01-01,2069-12-31,False,False,True,True,True,False,False,True,False,True,False,False,False,,,0.98,100_220_390_120_330_140_25,prediction_runs,,crop_MS_2069_100_25832_etrs89-utm32n.asc,irrigation_SM_2040_100_25832_etrs89-utm32n.asc,,DroughtStressThreshold,0.5,1,
1461,True,fixed,auto,SM_sfix_hauto,sim_projection_avgyield.json,crop.json,site.json,False,dwd_core_ensemble,dwd_core_ensemble/csvs_dwd_core_ensemble,MPI-M-MPI-ESM-LR,MPI-CSC-REMO2009,rcp85,r2i1p1,v1,2069-01-01,2069-12-31,False,False,True,True,True,False,False,True,False,True,False,False,False,,,0.98,100_220_390_120_330_140_25,prediction_runs,,crop_MS_2069_100_25832_etrs89-utm32n.asc,irrigation_SM_2040_100_25832_etrs89-utm32n.asc,,DroughtStressThreshold,0.5,1,
1462,True,fixed,auto,SM_sfix_hauto,sim_projection_avgyield.json,crop.json,site.json,False,dwd_core_ensemble,dwd_core_ensemble/csvs_dwd_core_ensemble,MPI-M-MPI-ESM-LR,UHOH-WRF361H,rcp85,r1i1p1,v1,2069-01-01,2069-12-31,False,False,True,True,True,False,False,True,False,True,False,False,False,,,0.98,100_220_390_120_330_140_25,prediction_runs,,crop_MS_2069_100_25832_etrs89-utm32n.asc,irrigation_SM_2040_100_25832_etrs89-utm32n.asc,,DroughtStressThreshold,0.5,1,