run-id,use_vernalisation_fix,sowing-date,harvest-date,crop-id,sim.json,crop.json,,site.json,incl_hist,climate_path_to_latlon_file,climate_path_to_csvs,gcm,rcm,scenario,ensmem,version,start_date,end_date,groundwater-level,impenetrable-layer,elevation,slope,latitude,landcover,fertilization,NitrogenResponseOn,irrigation,WaterDeficitResponseOn,EmergenceMoistureControlOn,EmergenceFloodingControlOn,LeafExtensionModifier,CO2,O3,FieldConditionModifier,StageTemperatureSum,comment,region_name,crop_data,species_param_name,cultivar_param_name,param_value,param_index_in_array,coeff
1,True,fixed,auto,WW_sfix_hauto,sim_projection_avgyield.json,crop.json,,site.json,False,dwd_core_ensemble,dwd_core_ensemble/csvs_dwd_core_ensemble,CCCma-CanESM2,CLMcom-CCLM4-8-17,rcp85,r1i1p1,v1,2026-01-01,2027-12-31,False,False,True,True,True,False,False,True,False,True,False,False,False,,,1.0,165_225_395_180_330_25,prediction_runs,,crop_WW_2027_100_25832_etrs89-utm32n.asc,,DroughtStressThreshold,0.9,1,
2,True,fixed,auto,WW_sfix_hauto,sim_projection_avgyield.json,crop.json,,site.json,False,dwd_core_ensemble,dwd_core_ensemble/csvs_dwd_core_ensemble,ICHEC-EC-EARTH,CLMcom-CCLM4-8-17,rcp26,r12i1p1,v1,2026-01-01,2027-12-31,False,False,True,True,True,False,False,True,False,True,False,False,False,,,1.0,165_225_395_180_330_25,prediction_runs,,crop_WW_2027_100_25832_etrs89-utm32n.asc,,DroughtStressThreshold,0.9,1,
3,True,fixed,auto,WW_sfix_hauto,sim_projection_avgyield.json,crop.json,,site.json,False,dwd_core_ensemble,dwd_core_ensemble/csvs_dwd_core_ensemble,ICHEC-EC-EARTH,KNMI-RACMO22E,rcp26,r12i1p1,v1,2026-01-01,2027-12-31,False,False,True,True,True,False,False,True,False,True,False,False,False,,,1.0,165_225_395_180_330_25,prediction_runs,,crop_WW_2027_100_25832_etrs89-utm32n.asc,,DroughtStressThreshold,0.9,1,
4,True,fixed,auto,WW_sfix_hauto,sim_projection_avgyield.json,crop.json,,site.json,False,dwd_core_ensemble,dwd_core_ensemble/csvs_dwd_core_ensemble,ICHEC-EC-EARTH,KNMI-RACMO22E,rcp45,r1i1p1,v1,2026-01-01,2027-12-31,False,False,True,True,True,False,False,True,False,True,False,False,False,,,1.0,165_225_395_180_330_25,prediction_runs,,crop_WW_2027_100_25832_etrs89-utm32n.asc,,DroughtStressThreshold,0.9,1,
5,True,fixed,auto,WW_sfix_hauto,sim_projection_avgyield.json,crop.json,,site.json,False,dwd_core_ensemble,dwd_core_ensemble/csvs_dwd_core_ensemble,ICHEC-EC-EARTH,KNMI-RACMO22E,rcp45,r12i1p1,v1,2026-01-01,2027-12-31,False,False,True,True,True,False,False,True,False,True,False,False,False,,,1.0,165_225_395_180_330_25,prediction_runs,,crop_WW_2027_100_25832_etrs89-utm32n.asc,,DroughtStressThreshold,0.9,1,
6,True,fixed,auto,WW_sfix_hauto,sim_projection_avgyield.json,crop.json,,site.json,False,dwd_core_ensemble,dwd_core_ensemble/csvs_dwd_core_ensemble,ICHEC-EC-EARTH,KNMI-RACMO22E,rcp85,r1i1p1,v1,2026-01-01,2027-12-31,False,False,True,True,True,False,False,True,False,True,False,False,False,,,1.0,165_225_395_180_330_25,prediction_runs,,crop_WW_2027_100_25832_etrs89-utm32n.asc,,DroughtStressThreshold,0.9,1,
7,True,fixed,auto,WW_sfix_hauto,sim_projection_avgyield.json,crop.json,,site.json,False,dwd_core_ensemble,dwd_core_ensemble/csvs_dwd_core_ensemble,ICHEC-EC-EARTH,SMHI-RCA4,rcp45,r12i1p1,v1,2026-01-01,2027-12-31,False,False,True,True,True,False,False,True,False,True,False,False,False,,,1.0,165_225_395_180_330_25,prediction_runs,,crop_WW_2027_100_25832_etrs89-utm32n.asc,,DroughtStressThreshold,0.9,1,
8,True,fixed,auto,WW_sfix_hauto,sim_projection_avgyield.json,crop.json,,site.json,False,dwd_core_ensemble,dwd_core_ensemble/csvs_dwd_core_ensemble,MIROC-MIROC5,CLMcom-CCLM4-8-17,rcp26,r1i1p1,v1,2026-01-01,2027-12-31,False,False,True,True,True,False,False,True,False,True,False,False,False,,,1.0,165_225_395_180_330_25,prediction_runs,,crop_WW_2027_100_25832_etrs89-utm32n.asc,,DroughtStressThreshold,0.9,1,
9,True,fixed,auto,WW_sfix_hauto,sim_projection_avgyield.json,crop.json,,site.json,False,dwd_core_ensemble,dwd_core_ensemble/csvs_dwd_core_ensemble,MIROC-MIROC5,GERICS-REMO2015,rcp85,r1i1p1,v1,2026-01-01,2027-12-31,False,False,True,True,True,False,False,True,False,True,False,False,False,,,1.0,165_225_395_180_330_25,prediction_runs,,crop_WW_2027_100_25832_etrs89-utm32n.asc,,DroughtStressThreshold,0.9,1,
10,True,fixed,auto,WW_sfix_hauto,sim_projection_avgyield.json,crop.json,,site.json,False,dwd_core_ensemble,dwd_core_ensemble/csvs_dwd_core_ensemble,MOHC-HadGEM2-ES,CLMcom-CCLM4-8-17,rcp45,r1i1p1,v1,2026-01-01,2027-12-31,False,False,True,True,True,False,False,True,False,True,False,False,False,,,1.0,165_225_395_180_330_25,prediction_runs,,crop_WW_2027_100_25832_etrs89-utm32n.asc,,DroughtStressThreshold,0.9,1,
11,True,fixed,auto,WW_sfix_hauto,sim_projection_avgyield.json,crop.json,,site.json,False,dwd_core_ensemble,dwd_core_ensemble/csvs_dwd_core_ensemble,MOHC-HadGEM2-ES,CLMcom-CCLM4-8-17,rcp85,r1i1p1,v1,2026-01-01,2027-12-31,False,False,True,True,True,False,False,True,False,True,False,False,False,,,1.0,165_225_395_180_330_25,prediction_runs,,crop_WW_2027_100_25832_etrs89-utm32n.asc,,DroughtStressThreshold,0.9,1,
12,True,fixed,auto,WW_sfix_hauto,sim_projection_avgyield.json,crop.json,,site.json,False,dwd_core_ensemble,dwd_core_ensemble/csvs_dwd_core_ensemble,MOHC-HadGEM2-ES,KNMI-RACMO22E,rcp26,r1i1p1,v2,2026-01-01,2027-12-31,False,False,True,True,True,False,False,True,False,True,False,False,False,,,1.0,165_225_395_180_330_25,prediction_runs,,crop_WW_2027_100_25832_etrs89-utm32n.asc,,DroughtStressThreshold,0.9,1,
13,True,fixed,auto,WW_sfix_hauto,sim_projection_avgyield.json,crop.json,,site.json,False,dwd_core_ensemble,dwd_core_ensemble/csvs_dwd_core_ensemble,MPI-M-MPI-ESM-LR,MPI-CSC-REMO2009,rcp26,r2i1p1,v1,2026-01-01,2027-12-31,False,False,True,True,True,False,False,True,False,True,False,False,False,,,1.0,165_225_395_180_330_25,prediction_runs,,crop_WW_2027_100_25832_etrs89-utm32n.asc,,DroughtStressThreshold,0.9,1,
14,True,fixed,auto,WW_sfix_hauto,sim_projection_avgyield.json,crop.json,,site.json,False,dwd_core_ensemble,dwd_core_ensemble/csvs_dwd_core_ensemble,MPI-M-MPI-ESM-LR,MPI-CSC-REMO2009,rcp45,r1i1p1,v1,2026-01-01,2027-12-31,False,False,True,True,True,False,False,True,False,True,False,False,False,,,1.0,165_225_395_180_330_25,prediction_runs,,crop_WW_2027_100_25832_etrs89-utm32n.asc,,DroughtStressThreshold,0.9,1,
15,True,fixed,auto,WW_sfix_hauto,sim_projection_avgyield.json,crop.json,,site.json,False,dwd_core_ensemble,dwd_core_ensemble/csvs_dwd_core_ensemble,MPI-M-MPI-ESM-LR,MPI-CSC-REMO2009,rcp45,r2i1p1,v1,2026-01-01,2027-12-31,False,False,True,True,True,False,False,True,False,True,False,False,False,,,1.0,165_225_395_180_330_25,prediction_runs,,crop_WW_2027_100_25832_etrs89-utm32n.asc,,DroughtStressThreshold,0.9,1,
16,True,fixed,auto,WW_sfix_hauto,sim_projection_avgyield.json,crop.json,,site.json,False,dwd_core_ensemble,dwd_core_ensemble/csvs_dwd_core_ensemble,MPI-M-MPI-ESM-LR,MPI-CSC-REMO2009,rcp85,r2i1p1,v1,2026-01-01,2027-12-31,False,False,True,True,True,False,False,True,False,True,False,False,False,,,1.0,165_225_395_180_330_25,prediction_runs,,crop_WW_2027_100_25832_etrs89-utm32n.asc,,DroughtStressThreshold,0.9,1,
17,True,fixed,auto,WW_sfix_hauto,sim_projection_avgyield.json,crop.json,,site.json,False,dwd_core_ensemble,dwd_core_ensemble/csvs_dwd_core_ensemble,MPI-M-MPI-ESM-LR,UHOH-WRF361H,rcp85,r1i1p1,v1,2026-01-01,2027-12-31,False,False,True,True,True,False,False,True,False,True,False,False,False,,,1.0,165_225_395_180_330_25,prediction_runs,,crop_WW_2027_100_25832_etrs89-utm32n.asc,,DroughtStressThreshold,0.9,1,
18,True,fixed,auto,WW_sfix_hauto,sim_projection_avgyield.json,crop.json,,site.json,False,dwd_core_ensemble,dwd_core_ensemble/csvs_dwd_core_ensemble,CCCma-CanESM2,CLMcom-CCLM4-8-17,rcp85,r1i1p1,v1,2027-01-01,2028-12-31,False,False,True,True,True,False,False,True,False,True,False,False,False,,,1.0,165_225_395_180_330_25,prediction_runs,,crop_WW_2028_100_25832_etrs89-utm32n.asc,,DroughtStressThreshold,0.9,1,
19,True,fixed,auto,WW_sfix_hauto,sim_projection_avgyield.json,crop.json,,site.json,False,dwd_core_ensemble,dwd_core_ensemble/csvs_dwd_core_ensemble,ICHEC-EC-EARTH,CLMcom-CCLM4-8-17,rcp26,r12i1p1,v1,2027-01-01,2028-12-31,False,False,True,True,True,False,False,True,False,True,False,False,False,,,1.0,165_225_395_180_330_25,prediction_runs,,crop_WW_2028_100_25832_etrs89-utm32n.asc,,DroughtStressThreshold,0.9,1,
20,True,fixed,auto,WW_sfix_hauto,sim_projection_avgyield.json,crop.json,,site.json,False,dwd_core_ensemble,dwd_core_ensemble/csvs_dwd_core_ensemble,ICHEC-EC-EARTH,KNMI-RACMO22E,rcp26,r12i1p1,v1,2027-01-01,2028-12-31,False,False,True,True,True,False,False,True,False,True,False,False,False,,,1.0,165_225_395_180_330_25,prediction_runs,,crop_WW_2028_100_25832_etrs89-utm32n.asc,,DroughtStressThreshold,0.9,1,
21,True,fixed,auto,WW_sfix_hauto,sim_projection_avgyield.json,crop.json,,site.json,False,dwd_core_ensemble,dwd_core_ensemble/csvs_dwd_core_ensemble,ICHEC-EC-EARTH,KNMI-RACMO22E,rcp45,r1i1p1,v1,2027-01-01,2028-12-31,False,False,True,True,True,False,False,True,False,True,False,False,False,,,1.0,165_225_395_180_330_25,prediction_runs,,crop_WW_2028_100_25832_etrs89-utm32n.asc,,DroughtStressThreshold,0.9,1,
22,True,fixed,auto,WW_sfix_hauto,sim_projection_avgyield.json,crop.json,,site.json,False,dwd_core_ensemble,dwd_core_ensemble/csvs_dwd_core_ensemble,ICHEC-EC-EARTH,KNMI-RACMO22E,rcp45,r12i1p1,v1,2027-01-01,2028-12-31,False,False,True,True,True,False,False,True,False,True,False,False,False,,,1.0,165_225_395_180_330_25,prediction_runs,,crop_WW_2028_100_25832_etrs89-utm32n.asc,,DroughtStressThreshold,0.9,1,
23,True,fixed,auto,WW_sfix_hauto,sim_projection_avgyield.json,crop.json,,site.json,False,dwd_core_ensemble,dwd_core_ensemble/csvs_dwd_core_ensemble,ICHEC-EC-EARTH,KNMI-RACMO22E,rcp85,r1i1p1,v1,2027-01-01,2028-12-31,False,False,True,True,True,False,False,True,False,True,False,False,False,,,1.0,165_225_395_180_330_25,prediction_runs,,crop_WW_2028_100_25832_etrs89-utm32n.asc,,DroughtStressThreshold,0.9,1,
24,True,fixed,auto,WW_sfix_hauto,sim_projection_avgyield.json,crop.json,,site.json,False,dwd_core_ensemble,dwd_core_ensemble/csvs_dwd_core_ensemble,ICHEC-EC-EARTH,SMHI-RCA4,rcp45,r12i1p1,v1,2027-01-01,2028-12-31,False,False,True,True,True,False,False,True,False,True,False,False,False,,,1.0,165_225_395_180_330_25,prediction_runs,,crop_WW_2028_100_25832_etrs89-utm32n.asc,,DroughtStressThreshold,0.9,1,
25,True,fixed,auto,WW_sfix_hauto,sim_projection_avgyield.json,crop.json,,site.json,False,dwd_core_ensemble,dwd_core_ensemble/csvs_dwd_core_ensemble,MIROC-MIROC5,CLMcom-CCLM4-8-17,rcp26,r1i1p1,v1,2027-01-01,2028-12-31,False,False,True,True,True,False,False,True,False,True,False,False,False,,,1.0,165_225_395_180_330_25,prediction_runs,,crop_WW_2028_100_25832_etrs89-utm32n.asc,,DroughtStressThreshold,0.9,1,
26,True,fixed,auto,WW_sfix_hauto,sim_projection_avgyield.json,crop.json,,site.json,False,dwd_core_ensemble,dwd_core_ensemble/csvs_dwd_core_ensemble,MIROC-MIROC5,GERICS-REMO2015,rcp85,r1i1p1,v1,2027-01-01,2028-12-31,False,False,True,True,True,False,False,True,False,True,False,False,False,,,1.0,165_225_395_180_330_25,prediction_runs,,crop_WW_2028_100_25832_etrs89-utm32n.asc,,DroughtStressThreshold,0.9,1,
27,True,fixed,auto,WW_sfix_hauto,sim_projection_avgyield.json,crop.json,,site.json,False,dwd_core_ensemble,dwd_core_ensemble/csvs_dwd_core_ensemble,MOHC-HadGEM2-ES,CLMcom-CCLM4-8-17,rcp45,r1i1p1,v1,2027-01-01,2028-12-31,False,False,True,True,True,False,False,True,False,True,False,False,False,,,1.0,165_225_395_180_330_25,prediction_runs,,crop_WW_2028_100_25832_etrs89-utm32n.asc,,DroughtStressThreshold,0.9,1,
28,True,fixed,auto,WW_sfix_hauto,sim_projection_avgyield.json,crop.json,,site.json,False,dwd_core_ensemble,dwd_core_ensemble/csvs_dwd_core_ensemble,MOHC-HadGEM2-ES,CLMcom-CCLM4-8-17,rcp85,r1i1p1,v1,2027-01-01,2028-12-31,False,False,True,True,True,False,False,True,False,True,False,False,False,,,1.0,165_225_395_180_330_25,prediction_runs,,crop_WW_2028_100_25832_etrs89-utm32n.asc,,DroughtStressThreshold,0.9,1,
29,True,fixed,auto,WW_sfix_hauto,sim_projection_avgyield.json,crop.json,,site.json,False,dwd_core_ensemble,dwd_core_ensemble/csvs_dwd_core_ensemble,MOHC-HadGEM2-ES,KNMI-RACMO22E,rcp26,r1i1p1,v2,2027-01-01,2028-12-31,False,False,True,True,True,False,False,True,False,True,False,False,False,,,1.0,165_225_395_180_330_25,prediction_runs,,crop_WW_2028_100_25832_etrs89-utm32n.asc,,DroughtStressThreshold,0.9,1,
30,True,fixed,auto,WW_sfix_hauto,sim_projection_avgyield.json,crop.json,,site.json,False,dwd_core_ensemble,dwd_core_ensemble/csvs_dwd_core_ensemble,MPI-M-MPI-ESM-LR,MPI-CSC-REMO2009,rcp26,r2i1p1,v1,2027-01-01,2028-12-31,False,False,True,True,True,False,False,True,False,True,False,False,False,,,1.0,165_225_395_180_330_25,prediction_runs,,crop_WW_2028_100_25832_etrs89-utm32n.asc,,DroughtStressThreshold,0.9,1,
31,True,fixed,auto,WW_sfix_hauto,sim_projection_avgyield.json,crop.json,,site.json,False,dwd_core_ensemble,dwd_core_ensemble/csvs_dwd_core_ensemble,MPI-M-MPI-ESM-LR,MPI-CSC-REMO2009,rcp45,r1i1p1,v1,2027-01-01,2028-12-31,False,False,True,True,True,False,False,True,False,True,False,False,False,,,1.0,165_225_395_180_330_25,prediction_runs,,crop_WW_2028_100_25832_etrs89-utm32n.asc,,DroughtStressThreshold,0.9,1,
32,True,fixed,auto,WW_sfix_hauto,sim_projection_avgyield.json,crop.json,,site.json,False,dwd_core_ensemble,dwd_core_ensemble/csvs_dwd_core_ensemble,MPI-M-MPI-ESM-LR,MPI-CSC-REMO2009,rcp45,r2i1p1,v1,2027-01-01,2028-12-31,False,False,True,True,True,False,False,True,False,True,False,False,False,,,1.0,165_225_395_180_330_25,prediction_runs,,crop_WW_2028_100_25832_etrs89-utm32n.asc,,DroughtStressThreshold,0.9,1,
33,True,fixed,auto,WW_sfix_hauto,sim_projection_avgyield.json,crop.json,,site.json,False,dwd_core_ensemble,dwd_core_ensemble/csvs_dwd_core_ensemble,MPI-M-MPI-ESM-LR,MPI-CSC-REMO2009,rcp85,r2i1p1,v1,2027-01-01,2028-12-31,False,False,True,True,True,False,False,True,False,True,False,False,False,,,1.0,165_225_395_180_330_25,prediction_runs,,crop_WW_2028_100_25832_etrs89-utm32n.asc,,DroughtStressThreshold,0.9,1,
34,True,fixed,auto,WW_sfix_hauto,sim_projection_avgyield.json,crop.json,,site.json,False,dwd_core_ensemble,dwd_core_ensemble/csvs_dwd_core_ensemble,MPI-M-MPI-ESM-LR,UHOH-WRF361H,rcp85,r1i1p1,v1,2027-01-01,2028-12-31,False,False,True,True,True,False,False,True,False,True,False,False,False,,,1.0,165_225_395_180_330_25,prediction_runs,,crop_WW_2028_100_25832_etrs89-utm32n.asc,,DroughtStressThreshold,0.9,1,
35,True,fixed,auto,WW_sfix_hauto,sim_projection_avgyield.json,crop.json,,site.json,False,dwd_core_ensemble,dwd_core_ensemble/csvs_dwd_core_ensemble,CCCma-CanESM2,CLMcom-CCLM4-8-17,rcp85,r1i1p1,v1,2028-01-01,2029-12-31,False,False,True,True,True,False,False,True,False,True,False,False,False,,,1.0,165_225_395_180_330_25,prediction_runs,,crop_WW_2029_100_25832_etrs89-utm32n.asc,,DroughtStressThreshold,0.9,1,
36,True,fixed,auto,WW_sfix_hauto,sim_projection_avgyield.json,crop.json,,site.json,False,dwd_core_ensemble,dwd_core_ensemble/csvs_dwd_core_ensemble,ICHEC-EC-EARTH,CLMcom-CCLM4-8-17,rcp26,r12i1p1,v1,2028-01-01,2029-12-31,False,False,True,True,True,False,False,True,False,True,False,False,False,,,1.0,165_225_395_180_330_25,prediction_runs,,crop_WW_2029_100_25832_etrs89-utm32n.asc,,DroughtStressThreshold,0.9,1,
37,True,fixed,auto,WW_sfix_hauto,sim_projection_avgyield.json,crop.json,,site.json,False,dwd_core_ensemble,dwd_core_ensemble/csvs_dwd_core_ensemble,ICHEC-EC-EARTH,KNMI-RACMO22E,rcp26,r12i1p1,v1,2028-01-01,2029-12-31,False,False,True,True,True,False,False,True,False,True,False,False,False,,,1.0,165_225_395_180_330_25,prediction_runs,,crop_WW_2029_100_25832_etrs89-utm32n.asc,,DroughtStressThreshold,0.9,1,
38,True,fixed,auto,WW_sfix_hauto,sim_projection_avgyield.json,crop.json,,site.json,False,dwd_core_ensemble,dwd_core_ensemble/csvs_dwd_core_ensemble,ICHEC-EC-EARTH,KNMI-RACMO22E,rcp45,r1i1p1,v1,2028-01-01,2029-12-31,False,False,True,True,True,False,False,True,False,True,False,False,False,,,1.0,165_225_395_180_330_25,prediction_runs,,crop_WW_2029_100_25832_etrs89-utm32n.asc,,DroughtStressThreshold,0.9,1,
39,True,fixed,auto,WW_sfix_hauto,sim_projection_avgyield.json,crop.json,,site.json,False,dwd_core_ensemble,dwd_core_ensemble/csvs_dwd_core_ensemble,ICHEC-EC-EARTH,KNMI-RACMO22E,rcp45,r12i1p1,v1,2028-01-01,2029-12-31,False,False,True,True,True,False,False,True,False,True,False,False,False,,,1.0,165_225_395_180_330_25,prediction_runs,,crop_WW_2029_100_25832_etrs89-utm32n.asc,,DroughtStressThreshold,0.9,1,
40,True,fixed,auto,WW_sfix_hauto,sim_projection_avgyield.json,crop.json,,site.json,False,dwd_core_ensemble,dwd_core_ensemble/csvs_dwd_core_ensemble,ICHEC-EC-EARTH,KNMI-RACMO22E,rcp85,r1i1p1,v1,2028-01-01,2029-12-31,False,False,True,True,True,False,False,True,False,True,False,False,False,,,1.0,165_225_395_180_330_25,prediction_runs,,crop_WW_2029_100_25832_etrs89-utm32n.asc,,DroughtStressThreshold,0.9,1,
41,True,fixed,auto,WW_sfix_hauto,sim_projection_avgyield.json,crop.json,,site.json,False,dwd_core_ensemble,dwd_core_ensemble/csvs_dwd_core_ensemble,ICHEC-EC-EARTH,SMHI-RCA4,rcp45,r12i1p1,v1,2028-01-01,2029-12-31,False,False,True,True,True,False,False,True,False,True,False,False,False,,,1.0,165_225_395_180_330_25,prediction_runs,,crop_WW_2029_100_25832_etrs89-utm32n.asc,,DroughtStressThreshold,0.9,1,
42,True,fixed,auto,WW_sfix_hauto,sim_projection_avgyield.json,crop.json,,site.json,False,dwd_core_ensemble,dwd_core_ensemble/csvs_dwd_core_ensemble,MIROC-MIROC5,CLMcom-CCLM4-8-17,rcp26,r1i1p1,v1,2028-01-01,2029-12-31,False,False,True,True,True,False,False,True,False,True,False,False,False,,,1.0,165_225_395_180_330_25,prediction_runs,,crop_WW_2029_100_25832_etrs89-utm32n.asc,,DroughtStressThreshold,0.9,1,
43,True,fixed,auto,WW_sfix_hauto,sim_projection_avgyield.json,crop.json,,site.json,False,dwd_core_ensemble,dwd_core_ensemble/csvs_dwd_core_ensemble,MIROC-MIROC5,GERICS-REMO2015,rcp85,r1i1p1,v1,2028-01-01,2029-12-31,False,False,True,True,True,False,False,True,False,True,False,False,False,,,1.0,165_225_395_180_330_25,prediction_runs,,crop_WW_2029_100_25832_etrs89-utm32n.asc,,DroughtStressThreshold,0.9,1,
44,True,fixed,auto,WW_sfix_hauto,sim_projection_avgyield.json,crop.json,,site.json,False,dwd_core_ensemble,dwd_core_ensemble/csvs_dwd_core_ensemble,MOHC-HadGEM2-ES,CLMcom-CCLM4-8-17,rcp45,r1i1p1,v1,2028-01-01,2029-12-31,False,False,True,True,True,False,False,True,False,True,False,False,False,,,1.0,165_225_395_180_330_25,prediction_runs,,crop_WW_2029_100_25832_etrs89-utm32n.asc,,DroughtStressThreshold,0.9,1,
45,True,fixed,auto,WW_sfix_hauto,sim_projection_avgyield.json,crop.json,,site.json,False,dwd_core_ensemble,dwd_core_ensemble/csvs_dwd_core_ensemble,MOHC-HadGEM2-ES,CLMcom-CCLM4-8-17,rcp85,r1i1p1,v1,2028-01-01,2029-12-31,False,False,True,True,True,False,False,True,False,True,False,False,False,,,1.0,165_225_395_180_330_25,prediction_runs,,crop_WW_2029_100_25832_etrs89-utm32n.asc,,DroughtStressThreshold,0.9,1,
46,True,fixed,auto,WW_sfix_hauto,sim_projection_avgyield.json,crop.json,,site.json,False,dwd_core_ensemble,dwd_core_ensemble/csvs_dwd_core_ensemble,MOHC-HadGEM2-ES,KNMI-RACMO22E,rcp26,r1i1p1,v2,2028-01-01,2029-12-31,False,False,True,True,True,False,False,True,False,True,False,False,False,,,1.0,165_225_395_180_330_25,prediction_runs,,crop_WW_2029_100_25832_etrs89-utm32n.asc,,DroughtStressThreshold,0.9,1,
47,True,fixed,auto,WW_sfix_hauto,sim_projection_avgyield.json,crop.json,,site.json,False,dwd_core_ensemble,dwd_core_ensemble/csvs_dwd_core_ensemble,MPI-M-MPI-ESM-LR,MPI-CSC-REMO2009,rcp26,r2i1p1,v1,2028-01-01,2029-12-31,False,False,True,True,True,False,False,True,False,True,False,False,False,,,1.0,165_225_395_180_330_25,prediction_runs,,crop_WW_2029_100_25832_etrs89-utm32n.asc,,DroughtStressThreshold,0.9,1,
48,True,fixed,auto,WW_sfix_hauto,sim_projection_avgyield.json,crop.json,,site.json,False,dwd_core_ensemble,dwd_core_ensemble/csvs_dwd_core_ensemble,MPI-M-MPI-ESM-LR,MPI-CSC-REMO2009,rcp45,r1i1p1,v1,2028-01-01,2029-12-31,False,False,True,True,True,False,False,True,False,True,False,False,False,,,1.0,165_225_395_180_330_25,prediction_runs,,crop_WW_2029_100_25832_etrs89-utm32n.asc,,DroughtStressThreshold,0.9,1,
49,True,fixed,auto,WW_sfix_hauto,sim_projection_avgyield.json,crop.json,,site.json,False,dwd_core_ensemble,dwd_core_ensemble/csvs_dwd_core_ensemble,MPI-M-MPI-ESM-LR,MPI-CSC-REMO2009,rcp45,r2i1p1,v1,2028-01-01,2029-12-31,False,False,True,True,True,False,False,True,False,True,False,False,False,,,1.0,165_225_395_180_330_25,prediction_runs,,crop_WW_2029_100_25832_etrs89-utm32n.asc,,DroughtStressThreshold,0.9,1,
50,True,fixed,auto,WW_sfix_hauto,sim_projection_avgyield.json,crop.json,,site.json,False,dwd_core_ensemble,dwd_core_ensemble/csvs_dwd_core_ensemble,MPI-M-MPI-ESM-LR,MPI-CSC-REMO2009,rcp85,r2i1p1,v1,2028-01-01,2029-12-31,False,False,True,True,True,False,False,True,False,True,False,False,False,,,1.0,165_225_395_180_330_25,prediction_runs,,crop_WW_2029_100_25832_etrs89-utm32n.asc,,DroughtStressThreshold,0.9,1,
51,True,fixed,auto,WW_sfix_hauto,sim_projection_avgyield.json,crop.json,,site.json,False,dwd_core_ensemble,dwd_core_ensemble/csvs_dwd_core_ensemble,MPI-M-MPI-ESM-LR,UHOH-WRF361H,rcp85,r1i1p1,v1,2028-01-01,2029-12-31,False,False,True,True,True,False,False,True,False,True,False,False,False,,,1.0,165_225_395_180_330_25,prediction_runs,,crop_WW_2029_100_25832_etrs89-utm32n.asc,,DroughtStressThreshold,0.9,1,
52,True,fixed,auto,WW_sfix_hauto,sim_projection_avgyield.json,crop.json,,site.json,False,dwd_core_ensemble,dwd_core_ensemble/csvs_dwd_core_ensemble,CCCma-CanESM2,CLMcom-CCLM4-8-17,rcp85,r1i1p1,v1,2029-01-01,2030-12-31,False,False,True,True,True,False,False,True,False,True,False,False,False,,,1.0,165_225_395_180_330_25,prediction_runs,,crop_WW_2030_100_25832_etrs89-utm32n.asc,,DroughtStressThreshold,0.9,1,
53,True,fixed,auto,WW_sfix_hauto,sim_projection_avgyield.json,crop.json,,site.json,False,dwd_core_ensemble,dwd_core_ensemble/csvs_dwd_core_ensemble,ICHEC-EC-EARTH,CLMcom-CCLM4-8-17,rcp26,r12i1p1,v1,2029-01-01,2030-12-31,False,False,True,True,True,False,False,True,False,True,False,False,False,,,1.0,165_225_395_180_330_25,prediction_runs,,crop_WW_2030_100_25832_etrs89-utm32n.asc,,DroughtStressThreshold,0.9,1,
54,True,fixed,auto,WW_sfix_hauto,sim_projection_avgyield.json,crop.json,,site.json,False,dwd_core_ensemble,dwd_core_ensemble/csvs_dwd_core_ensemble,ICHEC-EC-EARTH,KNMI-RACMO22E,rcp26,r12i1p1,v1,2029-01-01,2030-12-31,False,False,True,True,True,False,False,True,False,True,False,False,False,,,1.0,165_225_395_180_330_25,prediction_runs,,crop_WW_2030_100_25832_etrs89-utm32n.asc,,DroughtStressThreshold,0.9,1,
55,True,fixed,auto,WW_sfix_hauto,sim_projection_avgyield.json,crop.json,,site.json,False,dwd_core_ensemble,dwd_core_ensemble/csvs_dwd_core_ensemble,ICHEC-EC-EARTH,KNMI-RACMO22E,rcp45,r1i1p1,v1,2029-01-01,2030-12-31,False,False,True,True,True,False,False,True,False,True,False,False,False,,,1.0,165_225_395_180_330_25,prediction_runs,,crop_WW_2030_100_25832_etrs89-utm32n.asc,,DroughtStressThreshold,0.9,1,
56,True,fixed,auto,WW_sfix_hauto,sim_projection_avgyield.json,crop.json,,site.json,False,dwd_core_ensemble,dwd_core_ensemble/csvs_dwd_core_ensemble,ICHEC-EC-EARTH,KNMI-RACMO22E,rcp45,r12i1p1,v1,2029-01-01,2030-12-31,False,False,True,True,True,False,False,True,False,True,False,False,False,,,1.0,165_225_395_180_330_25,prediction_runs,,crop_WW_2030_100_25832_etrs89-utm32n.asc,,DroughtStressThreshold,0.9,1,
57,True,fixed,auto,WW_sfix_hauto,sim_projection_avgyield.json,crop.json,,site.json,False,dwd_core_ensemble,dwd_core_ensemble/csvs_dwd_core_ensemble,ICHEC-EC-EARTH,KNMI-RACMO22E,rcp85,r1i1p1,v1,2029-01-01,2030-12-31,False,False,True,True,True,False,False,True,False,True,False,False,False,,,1.0,165_225_395_180_330_25,prediction_runs,,crop_WW_2030_100_25832_etrs89-utm32n.asc,,DroughtStressThreshold,0.9,1,
58,True,fixed,auto,WW_sfix_hauto,sim_projection_avgyield.json,crop.json,,site.json,False,dwd_core_ensemble,dwd_core_ensemble/csvs_dwd_core_ensemble,ICHEC-EC-EARTH,SMHI-RCA4,rcp45,r12i1p1,v1,2029-01-01,2030-12-31,False,False,True,True,True,False,False,True,False,True,False,False,False,,,1.0,165_225_395_180_330_25,prediction_runs,,crop_WW_2030_100_25832_etrs89-utm32n.asc,,DroughtStressThreshold,0.9,1,
59,True,fixed,auto,WW_sfix_hauto,sim_projection_avgyield.json,crop.json,,site.json,False,dwd_core_ensemble,dwd_core_ensemble/csvs_dwd_core_ensemble,MIROC-MIROC5,CLMcom-CCLM4-8-17,rcp26,r1i1p1,v1,2029-01-01,2030-12-31,False,False,True,True,True,False,False,True,False,True,False,False,False,,,1.0,165_225_395_180_330_25,prediction_runs,,crop_WW_2030_100_25832_etrs89-utm32n.asc,,DroughtStressThreshold,0.9,1,
60,True,fixed,auto,WW_sfix_hauto,sim_projection_avgyield.json,crop.json,,site.json,False,dwd_core_ensemble,dwd_core_ensemble/csvs_dwd_core_ensemble,MIROC-MIROC5,GERICS-REMO2015,rcp85,r1i1p1,v1,2029-01-01,2030-12-31,False,False,True,True,True,False,False,True,False,True,False,False,False,,,1.0,165_225_395_180_330_25,prediction_runs,,crop_WW_2030_100_25832_etrs89-utm32n.asc,,DroughtStressThreshold,0.9,1,
61,True,fixed,auto,WW_sfix_hauto,sim_projection_avgyield.json,crop.json,,site.json,False,dwd_core_ensemble,dwd_core_ensemble/csvs_dwd_core_ensemble,MOHC-HadGEM2-ES,CLMcom-CCLM4-8-17,rcp45,r1i1p1,v1,2029-01-01,2030-12-31,False,False,True,True,True,False,False,True,False,True,False,False,False,,,1.0,165_225_395_180_330_25,prediction_runs,,crop_WW_2030_100_25832_etrs89-utm32n.asc,,DroughtStressThreshold,0.9,1,
62,True,fixed,auto,WW_sfix_hauto,sim_projection_avgyield.json,crop.json,,site.json,False,dwd_core_ensemble,dwd_core_ensemble/csvs_dwd_core_ensemble,MOHC-HadGEM2-ES,CLMcom-CCLM4-8-17,rcp85,r1i1p1,v1,2029-01-01,2030-12-31,False,False,True,True,True,False,False,True,False,True,False,False,False,,,1.0,165_225_395_180_330_25,prediction_runs,,crop_WW_2030_100_25832_etrs89-utm32n.asc,,DroughtStressThreshold,0.9,1,
63,True,fixed,auto,WW_sfix_hauto,sim_projection_avgyield.json,crop.json,,site.json,False,dwd_core_ensemble,dwd_core_ensemble/csvs_dwd_core_ensemble,MOHC-HadGEM2-ES,KNMI-RACMO22E,rcp26,r1i1p1,v2,2029-01-01,2030-12-31,False,False,True,True,True,False,False,True,False,True,False,False,False,,,1.0,165_225_395_180_330_25,prediction_runs,,crop_WW_2030_100_25832_etrs89-utm32n.asc,,DroughtStressThreshold,0.9,1,
64,True,fixed,auto,WW_sfix_hauto,sim_projection_avgyield.json,crop.json,,site.json,False,dwd_core_ensemble,dwd_core_ensemble/csvs_dwd_core_ensemble,MPI-M-MPI-ESM-LR,MPI-CSC-REMO2009,rcp26,r2i1p1,v1,2029-01-01,2030-12-31,False,False,True,True,True,False,False,True,False,True,False,False,False,,,1.0,165_225_395_180_330_25,prediction_runs,,crop_WW_2030_100_25832_etrs89-utm32n.asc,,DroughtStressThreshold,0.9,1,
65,True,fixed,auto,WW_sfix_hauto,sim_projection_avgyield.json,crop.json,,site.json,False,dwd_core_ensemble,dwd_core_ensemble/csvs_dwd_core_ensemble,MPI-M-MPI-ESM-LR,MPI-CSC-REMO2009,rcp45,r1i1p1,v1,2029-01-01,2030-12-31,False,False,True,True,True,False,False,True,False,True,False,False,False,,,1.0,165_225_395_180_330_25,prediction_runs,,crop_WW_2030_100_25832_etrs89-utm32n.asc,,DroughtStressThreshold,0.9,1,
66,True,fixed,auto,WW_sfix_hauto,sim_projection_avgyield.json,crop.json,,site.json,False,dwd_core_ensemble,dwd_core_ensemble/csvs_dwd_core_ensemble,MPI-M-MPI-ESM-LR,MPI-CSC-REMO2009,rcp45,r2i1p1,v1,2029-01-01,2030-12-31,False,False,True,True,True,False,False,True,False,True,False,False,False,,,1.0,165_225_395_180_330_25,prediction_runs,,crop_WW_2030_100_25832_etrs89-utm32n.asc,,DroughtStressThreshold,0.9,1,
67,True,fixed,auto,WW_sfix_hauto,sim_projection_avgyield.json,crop.json,,site.json,False,dwd_core_ensemble,dwd_core_ensemble/csvs_dwd_core_ensemble,MPI-M-MPI-ESM-LR,MPI-CSC-REMO2009,rcp85,r2i1p1,v1,2029-01-01,2030-12-31,False,False,True,True,True,False,False,True,False,True,False,False,False,,,1.0,165_225_395_180_330_25,prediction_runs,,crop_WW_2030_100_25832_etrs89-utm32n.asc,,DroughtStressThreshold,0.9,1,
68,True,fixed,auto,WW_sfix_hauto,sim_projection_avgyield.json,crop.json,,site.json,False,dwd_core_ensemble,dwd_core_ensemble/csvs_dwd_core_ensemble,MPI-M-MPI-ESM-LR,UHOH-WRF361H,rcp85,r1i1p1,v1,2029-01-01,2030-12-31,False,False,True,True,True,False,False,True,False,True,False,False,False,,,1.0,165_225_395_180_330_25,prediction_runs,,crop_WW_2030_100_25832_etrs89-utm32n.asc,,DroughtStressThreshold,0.9,1,
69,True,fixed,auto,WW_sfix_hauto,sim_projection_avgyield.json,crop.json,,site.json,False,dwd_core_ensemble,dwd_core_ensemble/csvs_dwd_core_ensemble,CCCma-CanESM2,CLMcom-CCLM4-8-17,rcp85,r1i1p1,v1,2030-01-01,2031-12-31,False,False,True,True,True,False,False,True,False,True,False,False,False,,,1.0,165_225_395_180_330_25,prediction_runs,,crop_WW_2031_100_25832_etrs89-utm32n.asc,,DroughtStressThreshold,0.9,1,
70,True,fixed,auto,WW_sfix_hauto,sim_projection_avgyield.json,crop.json,,site.json,False,dwd_core_ensemble,dwd_core_ensemble/csvs_dwd_core_ensemble,ICHEC-EC-EARTH,CLMcom-CCLM4-8-17,rcp26,r12i1p1,v1,2030-01-01,2031-12-31,False,False,True,True,True,False,False,True,False,True,False,False,False,,,1.0,165_225_395_180_330_25,prediction_runs,,crop_WW_2031_100_25832_etrs89-utm32n.asc,,DroughtStressThreshold,0.9,1,
71,True,fixed,auto,WW_sfix_hauto,sim_projection_avgyield.json,crop.json,,site.json,False,dwd_core_ensemble,dwd_core_ensemble/csvs_dwd_core_ensemble,ICHEC-EC-EARTH,KNMI-RACMO22E,rcp26,r12i1p1,v1,2030-01-01,2031-12-31,False,False,True,True,True,False,False,True,False,True,False,False,False,,,1.0,165_225_395_180_330_25,prediction_runs,,crop_WW_2031_100_25832_etrs89-utm32n.asc,,DroughtStressThreshold,0.9,1,
72,True,fixed,auto,WW_sfix_hauto,sim_projection_avgyield.json,crop.json,,site.json,False,dwd_core_ensemble,dwd_core_ensemble/csvs_dwd_core_ensemble,ICHEC-EC-EARTH,KNMI-RACMO22E,rcp45,r1i1p1,v1,2030-01-01,2031-12-31,False,False,True,True,True,False,False,True,False,True,False,False,False,,,1.0,165_225_395_180_330_25,prediction_runs,,crop_WW_2031_100_25832_etrs89-utm32n.asc,,DroughtStressThreshold,0.9,1,
73,True,fixed,auto,WW_sfix_hauto,sim_projection_avgyield.json,crop.json,,site.json,False,dwd_core_ensemble,dwd_core_ensemble/csvs_dwd_core_ensemble,ICHEC-EC-EARTH,KNMI-RACMO22E,rcp45,r12i1p1,v1,2030-01-01,2031-12-31,False,False,True,True,True,False,False,True,False,True,False,False,False,,,1.0,165_225_395_180_330_25,prediction_runs,,crop_WW_2031_100_25832_etrs89-utm32n.asc,,DroughtStressThreshold,0.9,1,
74,True,fixed,auto,WW_sfix_hauto,sim_projection_avgyield.json,crop.json,,site.json,False,dwd_core_ensemble,dwd_core_ensemble/csvs_dwd_core_ensemble,ICHEC-EC-EARTH,KNMI-RACMO22E,rcp85,r1i1p1,v1,2030-01-01,2031-12-31,False,False,True,True,True,False,False,True,False,True,False,False,False,,,1.0,165_225_395_180_330_25,prediction_runs,,crop_WW_2031_100_25832_etrs89-utm32n.asc,,DroughtStressThreshold,0.9,1,
75,True,fixed,auto,WW_sfix_hauto,sim_projection_avgyield.json,crop.json,,site.json,False,dwd_core_ensemble,dwd_core_ensemble/csvs_dwd_core_ensemble,ICHEC-EC-EARTH,SMHI-RCA4,rcp45,r12i1p1,v1,2030-01-01,2031-12-31,False,False,True,True,True,False,False,True,False,True,False,False,False,,,1.0,165_225_395_180_330_25,prediction_runs,,crop_WW_2031_100_25832_etrs89-utm32n.asc,,DroughtStressThreshold,0.9,1,
76,True,fixed,auto,WW_sfix_hauto,sim_projection_avgyield.json,crop.json,,site.json,False,dwd_core_ensemble,dwd_core_ensemble/csvs_dwd_core_ensemble,MIROC-MIROC5,CLMcom-CCLM4-8-17,rcp26,r1i1p1,v1,2030-01-01,2031-12-31,False,False,True,True,True,False,False,True,False,True,False,False,False,,,1.0,165_225_395_180_330_25,prediction_runs,,crop_WW_2031_100_25832_etrs89-utm32n.asc,,DroughtStressThreshold,0.9,1,
77,True,fixed,auto,WW_sfix_hauto,sim_projection_avgyield.json,crop.json,,site.json,False,dwd_core_ensemble,dwd_core_ensemble/csvs_dwd_core_ensemble,MIROC-MIROC5,GERICS-REMO2015,rcp85,r1i1p1,v1,2030-01-01,2031-12-31,False,False,True,True,True,False,False,True,False,True,False,False,False,,,1.0,165_225_395_180_330_25,prediction_runs,,crop_WW_2031_100_25832_etrs89-utm32n.asc,,DroughtStressThreshold,0.9,1,
78,True,fixed,auto,WW_sfix_hauto,sim_projection_avgyield.json,crop.json,,site.json,False,dwd_core_ensemble,dwd_core_ensemble/csvs_dwd_core_ensemble,MOHC-HadGEM2-ES,CLMcom-CCLM4-8-17,rcp45,r1i1p1,v1,2030-01-01,2031-12-31,False,False,True,True,True,False,False,True,False,True,False,False,False,,,1.0,165_225_395_180_330_25,prediction_runs,,crop_WW_2031_100_25832_etrs89-utm32n.asc,,DroughtStressThreshold,0.9,1,
79,True,fixed,auto,WW_sfix_hauto,sim_projection_avgyield.json,crop.json,,site.json,False,dwd_core_ensemble,dwd_core_ensemble/csvs_dwd_core_ensemble,MOHC-HadGEM2-ES,CLMcom-CCLM4-8-17,rcp85,r1i1p1,v1,2030-01-01,2031-12-31,False,False,True,True,True,False,False,True,False,True,False,False,False,,,1.0,165_225_395_180_330_25,prediction_runs,,crop_WW_2031_100_25832_etrs89-utm32n.asc,,DroughtStressThreshold,0.9,1,
80,True,fixed,auto,WW_sfix_hauto,sim_projection_avgyield.json,crop.json,,site.json,False,dwd_core_ensemble,dwd_core_ensemble/csvs_dwd_core_ensemble,MOHC-HadGEM2-ES,KNMI-RACMO22E,rcp26,r1i1p1,v2,2030-01-01,2031-12-31,False,False,True,True,True,False,False,True,False,True,False,False,False,,,1.0,165_225_395_180_330_25,prediction_runs,,crop_WW_2031_100_25832_etrs89-utm32n.asc,,DroughtStressThreshold,0.9,1,
81,True,fixed,auto,WW_sfix_hauto,sim_projection_avgyield.json,crop.json,,site.json,False,dwd_core_ensemble,dwd_core_ensemble/csvs_dwd_core_ensemble,MPI-M-MPI-ESM-LR,MPI-CSC-REMO2009,rcp26,r2i1p1,v1,2030-01-01,2031-12-31,False,False,True,True,True,False,False,True,False,True,False,False,False,,,1.0,165_225_395_180_330_25,prediction_runs,,crop_WW_2031_100_25832_etrs89-utm32n.asc,,DroughtStressThreshold,0.9,1,
82,True,fixed,auto,WW_sfix_hauto,sim_projection_avgyield.json,crop.json,,site.json,False,dwd_core_ensemble,dwd_core_ensemble/csvs_dwd_core_ensemble,MPI-M-MPI-ESM-LR,MPI-CSC-REMO2009,rcp45,r1i1p1,v1,2030-01-01,2031-12-31,False,False,True,True,True,False,False,True,False,True,False,False,False,,,1.0,165_225_395_180_330_25,prediction_runs,,crop_WW_2031_100_25832_etrs89-utm32n.asc,,DroughtStressThreshold,0.9,1,
83,True,fixed,auto,WW_sfix_hauto,sim_projection_avgyield.json,crop.json,,site.json,False,dwd_core_ensemble,dwd_core_ensemble/csvs_dwd_core_ensemble,MPI-M-MPI-ESM-LR,MPI-CSC-REMO2009,rcp45,r2i1p1,v1,2030-01-01,2031-12-31,False,False,True,True,True,False,False,True,False,True,False,False,False,,,1.0,165_225_395_180_330_25,prediction_runs,,crop_WW_2031_100_25832_etrs89-utm32n.asc,,DroughtStressThreshold,0.9,1,
84,True,fixed,auto,WW_sfix_hauto,sim_projection_avgyield.json,crop.json,,site.json,False,dwd_core_ensemble,dwd_core_ensemble/csvs_dwd_core_ensemble,MPI-M-MPI-ESM-LR,MPI-CSC-REMO2009,rcp85,r2i1p1,v1,2030-01-01,2031-12-31,False,False,True,True,True,False,False,True,False,True,False,False,False,,,1.0,165_225_395_180_330_25,prediction_runs,,crop_WW_2031_100_25832_etrs89-utm32n.asc,,DroughtStressThreshold,0.9,1,
85,True,fixed,auto,WW_sfix_hauto,sim_projection_avgyield.json,crop.json,,site.json,False,dwd_core_ensemble,dwd_core_ensemble/csvs_dwd_core_ensemble,MPI-M-MPI-ESM-LR,UHOH-WRF361H,rcp85,r1i1p1,v1,2030-01-01,2031-12-31,False,False,True,True,True,False,False,True,False,True,False,False,False,,,1.0,165_225_395_180_330_25,prediction_runs,,crop_WW_2031_100_25832_etrs89-utm32n.asc,,DroughtStressThreshold,0.9,1,
86,True,fixed,auto,WW_sfix_hauto,sim_projection_avgyield.json,crop.json,,site.json,False,dwd_core_ensemble,dwd_core_ensemble/csvs_dwd_core_ensemble,CCCma-CanESM2,CLMcom-CCLM4-8-17,rcp85,r1i1p1,v1,2031-01-01,2032-12-31,False,False,True,True,True,False,False,True,False,True,False,False,False,,,1.0,165_225_395_180_330_25,prediction_runs,,crop_WW_2032_100_25832_etrs89-utm32n.asc,,DroughtStressThreshold,0.9,1,
87,True,fixed,auto,WW_sfix_hauto,sim_projection_avgyield.json,crop.json,,site.json,False,dwd_core_ensemble,dwd_core_ensemble/csvs_dwd_core_ensemble,ICHEC-EC-EARTH,CLMcom-CCLM4-8-17,rcp26,r12i1p1,v1,2031-01-01,2032-12-31,False,False,True,True,True,False,False,True,False,True,False,False,False,,,1.0,165_225_395_180_330_25,prediction_runs,,crop_WW_2032_100_25832_etrs89-utm32n.asc,,DroughtStressThreshold,0.9,1,
88,True,fixed,auto,WW_sfix_hauto,sim_projection_avgyield.json,crop.json,,site.json,False,dwd_core_ensemble,dwd_core_ensemble/csvs_dwd_core_ensemble,ICHEC-EC-EARTH,KNMI-RACMO22E,rcp26,r12i1p1,v1,2031-01-01,2032-12-31,False,False,True,True,True,False,False,True,False,True,False,False,False,,,1.0,165_225_395_180_330_25,prediction_runs,,crop_WW_2032_100_25832_etrs89-utm32n.asc,,DroughtStressThreshold,0.9,1,
89,True,fixed,auto,WW_sfix_hauto,sim_projection_avgyield.json,crop.json,,site.json,False,dwd_core_ensemble,dwd_core_ensemble/csvs_dwd_core_ensemble,ICHEC-EC-EARTH,KNMI-RACMO22E,rcp45,r1i1p1,v1,2031-01-01,2032-12-31,False,False,True,True,True,False,False,True,False,True,False,False,False,,,1.0,165_225_395_180_330_25,prediction_runs,,crop_WW_2032_100_25832_etrs89-utm32n.asc,,DroughtStressThreshold,0.9,1,
90,True,fixed,auto,WW_sfix_hauto,sim_projection_avgyield.json,crop.json,,site.json,False,dwd_core_ensemble,dwd_core_ensemble/csvs_dwd_core_ensemble,ICHEC-EC-EARTH,KNMI-RACMO22E,rcp45,r12i1p1,v1,2031-01-01,2032-12-31,False,False,True,True,True,False,False,True,False,True,False,False,False,,,1.0,165_225_395_180_330_25,prediction_runs,,crop_WW_2032_100_25832_etrs89-utm32n.asc,,DroughtStressThreshold,0.9,1,
91,True,fixed,auto,WW_sfix_hauto,sim_projection_avgyield.json,crop.json,,site.json,False,dwd_core_ensemble,dwd_core_ensemble/csvs_dwd_core_ensemble,ICHEC-EC-EARTH,KNMI-RACMO22E,rcp85,r1i1p1,v1,2031-01-01,2032-12-31,False,False,True,True,True,False,False,True,False,True,False,False,False,,,1.0,165_225_395_180_330_25,prediction_runs,,crop_WW_2032_100_25832_etrs89-utm32n.asc,,DroughtStressThreshold,0.9,1,
92,True,fixed,auto,WW_sfix_hauto,sim_projection_avgyield.json,crop.json,,site.json,False,dwd_core_ensemble,dwd_core_ensemble/csvs_dwd_core_ensemble,ICHEC-EC-EARTH,SMHI-RCA4,rcp45,r12i1p1,v1,2031-01-01,2032-12-31,False,False,True,True,True,False,False,True,False,True,False,False,False,,,1.0,165_225_395_180_330_25,prediction_runs,,crop_WW_2032_100_25832_etrs89-utm32n.asc,,DroughtStressThreshold,0.9,1,
93,True,fixed,auto,WW_sfix_hauto,sim_projection_avgyield.json,crop.json,,site.json,False,dwd_core_ensemble,dwd_core_ensemble/csvs_dwd_core_ensemble,MIROC-MIROC5,CLMcom-CCLM4-8-17,rcp26,r1i1p1,v1,2031-01-01,2032-12-31,False,False,True,True,True,False,False,True,False,True,False,False,False,,,1.0,165_225_395_180_330_25,prediction_runs,,crop_WW_2032_100_25832_etrs89-utm32n.asc,,DroughtStressThreshold,0.9,1,
94,True,fixed,auto,WW_sfix_hauto,sim_projection_avgyield.json,crop.json,,site.json,False,dwd_core_ensemble,dwd_core_ensemble/csvs_dwd_core_ensemble,MIROC-MIROC5,GERICS-REMO2015,rcp85,r1i1p1,v1,2031-01-01,2032-12-31,False,False,True,True,True,False,False,True,False,True,False,False,False,,,1.0,165_225_395_180_330_25,prediction_runs,,crop_WW_2032_100_25832_etrs89-utm32n.asc,,DroughtStressThreshold,0.9,1,
95,True,fixed,auto,WW_sfix_hauto,sim_projection_avgyield.json,crop.json,,site.json,False,dwd_core_ensemble,dwd_core_ensemble/csvs_dwd_core_ensemble,MOHC-HadGEM2-ES,CLMcom-CCLM4-8-17,rcp45,r1i1p1,v1,2031-01-01,2032-12-31,False,False,True,True,True,False,False,True,False,True,False,False,False,,,1.0,165_225_395_180_330_25,prediction_runs,,crop_WW_2032_100_25832_etrs89-utm32n.asc,,DroughtStressThreshold,0.9,1,
96,True,fixed,auto,WW_sfix_hauto,sim_projection_avgyield.json,crop.json,,site.json,False,dwd_core_ensemble,dwd_core_ensemble/csvs_dwd_core_ensemble,MOHC-HadGEM2-ES,CLMcom-CCLM4-8-17,rcp85,r1i1p1,v1,2031-01-01,2032-12-31,False,False,True,True,True,False,False,True,False,True,False,False,False,,,1.0,165_225_395_180_330_25,prediction_runs,,crop_WW_2032_100_25832_etrs89-utm32n.asc,,DroughtStressThreshold,0.9,1,
97,True,fixed,auto,WW_sfix_hauto,sim_projection_avgyield.json,crop.json,,site.json,False,dwd_core_ensemble,dwd_core_ensemble/csvs_dwd_core_ensemble,MOHC-HadGEM2-ES,KNMI-RACMO22E,rcp26,r1i1p1,v2,2031-01-01,2032-12-31,False,False,True,True,True,False,False,True,False,True,False,False,False,,,1.0,165_225_395_180_330_25,prediction_runs,,crop_WW_2032_100_25832_etrs89-utm32n.asc,,DroughtStressThreshold,0.9,1,
98,True,fixed,auto,WW_sfix_hauto,sim_projection_avgyield.json,crop.json,,site.json,False,dwd_core_ensemble,dwd_core_ensemble/csvs_dwd_core_ensemble,MPI-M-MPI-ESM-LR,MPI-CSC-REMO2009,rcp26,r2i1p1,v1,2031-01-01,2032-12-31,False,False,True,True,True,False,False,True,False,True,False,False,False,,,1.0,165_225_395_180_330_25,prediction_runs,,crop_WW_2032_100_25832_etrs89-utm32n.asc,,DroughtStressThreshold,0.9,1,
99,True,fixed,auto,WW_sfix_hauto,sim_projection_avgyield.json,crop.json,,site.json,False,dwd_core_ensemble,dwd_core_ensemble/csvs_dwd_core_ensemble,MPI-M-MPI-ESM-LR,MPI-CSC-REMO2009,rcp45,r1i1p1,v1,2031-01-01,2032-12-31,False,False,True,True,True,False,False,True,False,True,False,False,False,,,1.0,165_225_395_180_330_25,prediction_runs,,crop_WW_2032_100_25832_etrs89-utm32n.asc,,DroughtStressThreshold,0.9,1,
100,True,fixed,auto,WW_sfix_hauto,sim_projection_avgyield.json,crop.json,,site.json,False,dwd_core_ensemble,dwd_core_ensemble/csvs_dwd_core_ensemble,MPI-M-MPI-ESM-LR,MPI-CSC-REMO2009,rcp45,r2i1p1,v1,2031-01-01,2032-12-31,False,False,True,True,True,False,False,True,False,True,False,False,False,,,1.0,165_225_395_180_330_25,prediction_runs,,crop_WW_2032_100_25832_etrs89-utm32n.asc,,DroughtStressThreshold,0.9,1,
101,True,fixed,auto,WW_sfix_hauto,sim_projection_avgyield.json,crop.json,,site.json,False,dwd_core_ensemble,dwd_core_ensemble/csvs_dwd_core_ensemble,MPI-M-MPI-ESM-LR,MPI-CSC-REMO2009,rcp85,r2i1p1,v1,2031-01-01,2032-12-31,False,False,True,True,True,False,False,True,False,True,False,False,False,,,1.0,165_225_395_180_330_25,prediction_runs,,crop_WW_2032_100_25832_etrs89-utm32n.asc,,DroughtStressThreshold,0.9,1,
102,True,fixed,auto,WW_sfix_hauto,sim_projection_avgyield.json,crop.json,,site.json,False,dwd_core_ensemble,dwd_core_ensemble/csvs_dwd_core_ensemble,MPI-M-MPI-ESM-LR,UHOH-WRF361H,rcp85,r1i1p1,v1,2031-01-01,2032-12-31,False,False,True,True,True,False,False,True,False,True,False,False,False,,,1.0,165_225_395_180_330_25,prediction_runs,,crop_WW_2032_100_25832_etrs89-utm32n.asc,,DroughtStressThreshold,0.9,1,
103,True,fixed,auto,WW_sfix_hauto,sim_projection_avgyield.json,crop.json,,site.json,False,dwd_core_ensemble,dwd_core_ensemble/csvs_dwd_core_ensemble,CCCma-CanESM2,CLMcom-CCLM4-8-17,rcp85,r1i1p1,v1,2032-01-01,2033-12-31,False,False,True,True,True,False,False,True,False,True,False,False,False,,,1.0,165_225_395_180_330_25,prediction_runs,,crop_WW_2033_100_25832_etrs89-utm32n.asc,,DroughtStressThreshold,0.9,1,
104,True,fixed,auto,WW_sfix_hauto,sim_projection_avgyield.json,crop.json,,site.json,False,dwd_core_ensemble,dwd_core_ensemble/csvs_dwd_core_ensemble,ICHEC-EC-EARTH,CLMcom-CCLM4-8-17,rcp26,r12i1p1,v1,2032-01-01,2033-12-31,False,False,True,True,True,False,False,True,False,True,False,False,False,,,1.0,165_225_395_180_330_25,prediction_runs,,crop_WW_2033_100_25832_etrs89-utm32n.asc,,DroughtStressThreshold,0.9,1,
105,True,fixed,auto,WW_sfix_hauto,sim_projection_avgyield.json,crop.json,,site.json,False,dwd_core_ensemble,dwd_core_ensemble/csvs_dwd_core_ensemble,ICHEC-EC-EARTH,KNMI-RACMO22E,rcp26,r12i1p1,v1,2032-01-01,2033-12-31,False,False,True,True,True,False,False,True,False,True,False,False,False,,,1.0,165_225_395_180_330_25,prediction_runs,,crop_WW_2033_100_25832_etrs89-utm32n.asc,,DroughtStressThreshold,0.9,1,
106,True,fixed,auto,WW_sfix_hauto,sim_projection_avgyield.json,crop.json,,site.json,False,dwd_core_ensemble,dwd_core_ensemble/csvs_dwd_core_ensemble,ICHEC-EC-EARTH,KNMI-RACMO22E,rcp45,r1i1p1,v1,2032-01-01,2033-12-31,False,False,True,True,True,False,False,True,False,True,False,False,False,,,1.0,165_225_395_180_330_25,prediction_runs,,crop_WW_2033_100_25832_etrs89-utm32n.asc,,DroughtStressThreshold,0.9,1,
107,True,fixed,auto,WW_sfix_hauto,sim_projection_avgyield.json,crop.json,,site.json,False,dwd_core_ensemble,dwd_core_ensemble/csvs_dwd_core_ensemble,ICHEC-EC-EARTH,KNMI-RACMO22E,rcp45,r12i1p1,v1,2032-01-01,2033-12-31,False,False,True,True,True,False,False,True,False,True,False,False,False,,,1.0,165_225_395_180_330_25,prediction_runs,,crop_WW_2033_100_25832_etrs89-utm32n.asc,,DroughtStressThreshold,0.9,1,
108,True,fixed,auto,WW_sfix_hauto,sim_projection_avgyield.json,crop.json,,site.json,False,dwd_core_ensemble,dwd_core_ensemble/csvs_dwd_core_ensemble,ICHEC-EC-EARTH,KNMI-RACMO22E,rcp85,r1i1p1,v1,2032-01-01,2033-12-31,False,False,True,True,True,False,False,True,False,True,False,False,False,,,1.0,165_225_395_180_330_25,prediction_runs,,crop_WW_2033_100_25832_etrs89-utm32n.asc,,DroughtStressThreshold,0.9,1,
109,True,fixed,auto,WW_sfix_hauto,sim_projection_avgyield.json,crop.json,,site.json,False,dwd_core_ensemble,dwd_core_ensemble/csvs_dwd_core_ensemble,ICHEC-EC-EARTH,SMHI-RCA4,rcp45,r12i1p1,v1,2032-01-01,2033-12-31,False,False,True,True,True,False,False,True,False,True,False,False,False,,,1.0,165_225_395_180_330_25,prediction_runs,,crop_WW_2033_100_25832_etrs89-utm32n.asc,,DroughtStressThreshold,0.9,1,
110,True,fixed,auto,WW_sfix_hauto,sim_projection_avgyield.json,crop.json,,site.json,False,dwd_core_ensemble,dwd_core_ensemble/csvs_dwd_core_ensemble,MIROC-MIROC5,CLMcom-CCLM4-8-17,rcp26,r1i1p1,v1,2032-01-01,2033-12-31,False,False,True,True,True,False,False,True,False,True,False,False,False,,,1.0,165_225_395_180_330_25,prediction_runs,,crop_WW_2033_100_25832_etrs89-utm32n.asc,,DroughtStressThreshold,0.9,1,
111,True,fixed,auto,WW_sfix_hauto,sim_projection_avgyield.json,crop.json,,site.json,False,dwd_core_ensemble,dwd_core_ensemble/csvs_dwd_core_ensemble,MIROC-MIROC5,GERICS-REMO2015,rcp85,r1i1p1,v1,2032-01-01,2033-12-31,False,False,True,True,True,False,False,True,False,True,False,False,False,,,1.0,165_225_395_180_330_25,prediction_runs,,crop_WW_2033_100_25832_etrs89-utm32n.asc,,DroughtStressThreshold,0.9,1,
112,True,fixed,auto,WW_sfix_hauto,sim_projection_avgyield.json,crop.json,,site.json,False,dwd_core_ensemble,dwd_core_ensemble/csvs_dwd_core_ensemble,MOHC-HadGEM2-ES,CLMcom-CCLM4-8-17,rcp45,r1i1p1,v1,2032-01-01,2033-12-31,False,False,True,True,True,False,False,True,False,True,False,False,False,,,1.0,165_225_395_180_330_25,prediction_runs,,crop_WW_2033_100_25832_etrs89-utm32n.asc,,DroughtStressThreshold,0.9,1,
113,True,fixed,auto,WW_sfix_hauto,sim_projection_avgyield.json,crop.json,,site.json,False,dwd_core_ensemble,dwd_core_ensemble/csvs_dwd_core_ensemble,MOHC-HadGEM2-ES,CLMcom-CCLM4-8-17,rcp85,r1i1p1,v1,2032-01-01,2033-12-31,False,False,True,True,True,False,False,True,False,True,False,False,False,,,1.0,165_225_395_180_330_25,prediction_runs,,crop_WW_2033_100_25832_etrs89-utm32n.asc,,DroughtStressThreshold,0.9,1,
114,True,fixed,auto,WW_sfix_hauto,sim_projection_avgyield.json,crop.json,,site.json,False,dwd_core_ensemble,dwd_core_ensemble/csvs_dwd_core_ensemble,MOHC-HadGEM2-ES,KNMI-RACMO22E,rcp26,r1i1p1,v2,2032-01-01,2033-12-31,False,False,True,True,True,False,False,True,False,True,False,False,False,,,1.0,165_225_395_180_330_25,prediction_runs,,crop_WW_2033_100_25832_etrs89-utm32n.asc,,DroughtStressThreshold,0.9,1,
115,True,fixed,auto,WW_sfix_hauto,sim_projection_avgyield.json,crop.json,,site.json,False,dwd_core_ensemble,dwd_core_ensemble/csvs_dwd_core_ensemble,MPI-M-MPI-ESM-LR,MPI-CSC-REMO2009,rcp26,r2i1p1,v1,2032-01-01,2033-12-31,False,False,True,True,True,False,False,True,False,True,False,False,False,,,1.0,165_225_395_180_330_25,prediction_runs,,crop_WW_2033_100_25832_etrs89-utm32n.asc,,DroughtStressThreshold,0.9,1,
116,True,fixed,auto,WW_sfix_hauto,sim_projection_avgyield.json,crop.json,,site.json,False,dwd_core_ensemble,dwd_core_ensemble/csvs_dwd_core_ensemble,MPI-M-MPI-ESM-LR,MPI-CSC-REMO2009,rcp45,r1i1p1,v1,2032-01-01,2033-12-31,False,False,True,True,True,False,False,True,False,True,False,False,False,,,1.0,165_225_395_180_330_25,prediction_runs,,crop_WW_2033_100_25832_etrs89-utm32n.asc,,DroughtStressThreshold,0.9,1,
117,True,fixed,auto,WW_sfix_hauto,sim_projection_avgyield.json,crop.json,,site.json,False,dwd_core_ensemble,dwd_core_ensemble/csvs_dwd_core_ensemble,MPI-M-MPI-ESM-LR,MPI-CSC-REMO2009,rcp45,r2i1p1,v1,2032-01-01,2033-12-31,False,False,True,True,True,False,False,True,False,True,False,False,False,,,1.0,165_225_395_180_330_25,prediction_runs,,crop_WW_2033_100_25832_etrs89-utm32n.asc,,DroughtStressThreshold,0.9,1,
118,True,fixed,auto,WW_sfix_hauto,sim_projection_avgyield.json,crop.json,,site.json,False,dwd_core_ensemble,dwd_core_ensemble/csvs_dwd_core_ensemble,MPI-M-MPI-ESM-LR,MPI-CSC-REMO2009,rcp85,r2i1p1,v1,2032-01-01,2033-12-31,False,False,True,True,True,False,False,True,False,True,False,False,False,,,1.0,165_225_395_180_330_25,prediction_runs,,crop_WW_2033_100_25832_etrs89-utm32n.asc,,DroughtStressThreshold,0.9,1,
119,True,fixed,auto,WW_sfix_hauto,sim_projection_avgyield.json,crop.json,,site.json,False,dwd_core_ensemble,dwd_core_ensemble/csvs_dwd_core_ensemble,MPI-M-MPI-ESM-LR,UHOH-WRF361H,rcp85,r1i1p1,v1,2032-01-01,2033-12-31,False,False,True,True,True,False,False,True,False,True,False,False,False,,,1.0,165_225_395_180_330_25,prediction_runs,,crop_WW_2033_100_25832_etrs89-utm32n.asc,,DroughtStressThreshold,0.9,1,
120,True,fixed,auto,WW_sfix_hauto,sim_projection_avgyield.json,crop.json,,site.json,False,dwd_core_ensemble,dwd_core_ensemble/csvs_dwd_core_ensemble,CCCma-CanESM2,CLMcom-CCLM4-8-17,rcp85,r1i1p1,v1,2033-01-01,2034-12-31,False,False,True,True,True,False,False,True,False,True,False,False,False,,,1.0,165_225_395_180_330_25,prediction_runs,,crop_WW_2034_100_25832_etrs89-utm32n.asc,,DroughtStressThreshold,0.9,1,
121,True,fixed,auto,WW_sfix_hauto,sim_projection_avgyield.json,crop.json,,site.json,False,dwd_core_ensemble,dwd_core_ensemble/csvs_dwd_core_ensemble,ICHEC-EC-EARTH,CLMcom-CCLM4-8-17,rcp26,r12i1p1,v1,2033-01-01,2034-12-31,False,False,True,True,True,False,False,True,False,True,False,False,False,,,1.0,165_225_395_180_330_25,prediction_runs,,crop_WW_2034_100_25832_etrs89-utm32n.asc,,DroughtStressThreshold,0.9,1,
122,True,fixed,auto,WW_sfix_hauto,sim_projection_avgyield.json,crop.json,,site.json,False,dwd_core_ensemble,dwd_core_ensemble/csvs_dwd_core_ensemble,ICHEC-EC-EARTH,KNMI-RACMO22E,rcp26,r12i1p1,v1,2033-01-01,2034-12-31,False,False,True,True,True,False,False,True,False,True,False,False,False,,,1.0,165_225_395_180_330_25,prediction_runs,,crop_WW_2034_100_25832_etrs89-utm32n.asc,,DroughtStressThreshold,0.9,1,
123,True,fixed,auto,WW_sfix_hauto,sim_projection_avgyield.json,crop.json,,site.json,False,dwd_core_ensemble,dwd_core_ensemble/csvs_dwd_core_ensemble,ICHEC-EC-EARTH,KNMI-RACMO22E,rcp45,r1i1p1,v1,2033-01-01,2034-12-31,False,False,True,True,True,False,False,True,False,True,False,False,False,,,1.0,165_225_395_180_330_25,prediction_runs,,crop_WW_2034_100_25832_etrs89-utm32n.asc,,DroughtStressThreshold,0.9,1,
124,True,fixed,auto,WW_sfix_hauto,sim_projection_avgyield.json,crop.json,,site.json,False,dwd_core_ensemble,dwd_core_ensemble/csvs_dwd_core_ensemble,ICHEC-EC-EARTH,KNMI-RACMO22E,rcp45,r12i1p1,v1,2033-01-01,2034-12-31,False,False,True,True,True,False,False,True,False,True,False,False,False,,,1.0,165_225_395_180_330_25,prediction_runs,,crop_WW_2034_100_25832_etrs89-utm32n.asc,,DroughtStressThreshold,0.9,1,
125,True,fixed,auto,WW_sfix_hauto,sim_projection_avgyield.json,crop.json,,site.json,False,dwd_core_ensemble,dwd_core_ensemble/csvs_dwd_core_ensemble,ICHEC-EC-EARTH,KNMI-RACMO22E,rcp85,r1i1p1,v1,2033-01-01,2034-12-31,False,False,True,True,True,False,False,True,False,True,False,False,False,,,1.0,165_225_395_180_330_25,prediction_runs,,crop_WW_2034_100_25832_etrs89-utm32n.asc,,DroughtStressThreshold,0.9,1,
126,True,fixed,auto,WW_sfix_hauto,sim_projection_avgyield.json,crop.json,,site.json,False,dwd_core_ensemble,dwd_core_ensemble/csvs_dwd_core_ensemble,ICHEC-EC-EARTH,SMHI-RCA4,rcp45,r12i1p1,v1,2033-01-01,2034-12-31,False,False,True,True,True,False,False,True,False,True,False,False,False,,,1.0,165_225_395_180_330_25,prediction_runs,,crop_WW_2034_100_25832_etrs89-utm32n.asc,,DroughtStressThreshold,0.9,1,
127,True,fixed,auto,WW_sfix_hauto,sim_projection_avgyield.json,crop.json,,site.json,False,dwd_core_ensemble,dwd_core_ensemble/csvs_dwd_core_ensemble,MIROC-MIROC5,CLMcom-CCLM4-8-17,rcp26,r1i1p1,v1,2033-01-01,2034-12-31,False,False,True,True,True,False,False,True,False,True,False,False,False,,,1.0,165_225_395_180_330_25,prediction_runs,,crop_WW_2034_100_25832_etrs89-utm32n.asc,,DroughtStressThreshold,0.9,1,
128,True,fixed,auto,WW_sfix_hauto,sim_projection_avgyield.json,crop.json,,site.json,False,dwd_core_ensemble,dwd_core_ensemble/csvs_dwd_core_ensemble,MIROC-MIROC5,GERICS-REMO2015,rcp85,r1i1p1,v1,2033-01-01,2034-12-31,False,False,True,True,True,False,False,True,False,True,False,False,False,,,1.0,165_225_395_180_330_25,prediction_runs,,crop_WW_2034_100_25832_etrs89-utm32n.asc,,DroughtStressThreshold,0.9,1,
129,True,fixed,auto,WW_sfix_hauto,sim_projection_avgyield.json,crop.json,,site.json,False,dwd_core_ensemble,dwd_core_ensemble/csvs_dwd_core_ensemble,MOHC-HadGEM2-ES,CLMcom-CCLM4-8-17,rcp45,r1i1p1,v1,2033-01-01,2034-12-31,False,False,True,True,True,False,False,True,False,True,False,False,False,,,1.0,165_225_395_180_330_25,prediction_runs,,crop_WW_2034_100_25832_etrs89-utm32n.asc,,DroughtStressThreshold,0.9,1,
130,True,fixed,auto,WW_sfix_hauto,sim_projection_avgyield.json,crop.json,,site.json,False,dwd_core_ensemble,dwd_core_ensemble/csvs_dwd_core_ensemble,MOHC-HadGEM2-ES,CLMcom-CCLM4-8-17,rcp85,r1i1p1,v1,2033-01-01,2034-12-31,False,False,True,True,True,False,False,True,False,True,False,False,False,,,1.0,165_225_395_180_330_25,prediction_runs,,crop_WW_2034_100_25832_etrs89-utm32n.asc,,DroughtStressThreshold,0.9,1,
131,True,fixed,auto,WW_sfix_hauto,sim_projection_avgyield.json,crop.json,,site.json,False,dwd_core_ensemble,dwd_core_ensemble/csvs_dwd_core_ensemble,MOHC-HadGEM2-ES,KNMI-RACMO22E,rcp26,r1i1p1,v2,2033-01-01,2034-12-31,False,False,True,True,True,False,False,True,False,True,False,False,False,,,1.0,165_225_395_180_330_25,prediction_runs,,crop_WW_2034_100_25832_etrs89-utm32n.asc,,DroughtStressThreshold,0.9,1,
132,True,fixed,auto,WW_sfix_hauto,sim_projection_avgyield.json,crop.json,,site.json,False,dwd_core_ensemble,dwd_core_ensemble/csvs_dwd_core_ensemble,MPI-M-MPI-ESM-LR,MPI-CSC-REMO2009,rcp26,r2i1p1,v1,2033-01-01,2034-12-31,False,False,True,True,True,False,False,True,False,True,False,False,False,,,1.0,165_225_395_180_330_25,prediction_runs,,crop_WW_2034_100_25832_etrs89-utm32n.asc,,DroughtStressThreshold,0.9,1,
133,True,fixed,auto,WW_sfix_hauto,sim_projection_avgyield.json,crop.json,,site.json,False,dwd_core_ensemble,dwd_core_ensemble/csvs_dwd_core_ensemble,MPI-M-MPI-ESM-LR,MPI-CSC-REMO2009,rcp45,r1i1p1,v1,2033-01-01,2034-12-31,False,False,True,True,True,False,False,True,False,True,False,False,False,,,1.0,165_225_395_180_330_25,prediction_runs,,crop_WW_2034_100_25832_etrs89-utm32n.asc,,DroughtStressThreshold,0.9,1,
134,True,fixed,auto,WW_sfix_hauto,sim_projection_avgyield.json,crop.json,,site.json,False,dwd_core_ensemble,dwd_core_ensemble/csvs_dwd_core_ensemble,MPI-M-MPI-ESM-LR,MPI-CSC-REMO2009,rcp45,r2i1p1,v1,2033-01-01,2034-12-31,False,False,True,True,True,False,False,True,False,True,False,False,False,,,1.0,165_225_395_180_330_25,prediction_runs,,crop_WW_2034_100_25832_etrs89-utm32n.asc,,DroughtStressThreshold,0.9,1,
135,True,fixed,auto,WW_sfix_hauto,sim_projection_avgyield.json,crop.json,,site.json,False,dwd_core_ensemble,dwd_core_ensemble/csvs_dwd_core_ensemble,MPI-M-MPI-ESM-LR,MPI-CSC-REMO2009,rcp85,r2i1p1,v1,2033-01-01,2034-12-31,False,False,True,True,True,False,False,True,False,True,False,False,False,,,1.0,165_225_395_180_330_25,prediction_runs,,crop_WW_2034_100_25832_etrs89-utm32n.asc,,DroughtStressThreshold,0.9,1,
136,True,fixed,auto,WW_sfix_hauto,sim_projection_avgyield.json,crop.json,,site.json,False,dwd_core_ensemble,dwd_core_ensemble/csvs_dwd_core_ensemble,MPI-M-MPI-ESM-LR,UHOH-WRF361H,rcp85,r1i1p1,v1,2033-01-01,2034-12-31,False,False,True,True,True,False,False,True,False,True,False,False,False,,,1.0,165_225_395_180_330_25,prediction_runs,,crop_WW_2034_100_25832_etrs89-utm32n.asc,,DroughtStressThreshold,0.9,1,
137,True,fixed,auto,WW_sfix_hauto,sim_projection_avgyield.json,crop.json,,site.json,False,dwd_core_ensemble,dwd_core_ensemble/csvs_dwd_core_ensemble,CCCma-CanESM2,CLMcom-CCLM4-8-17,rcp85,r1i1p1,v1,2034-01-01,2035-12-31,False,False,True,True,True,False,False,True,False,True,False,False,False,,,1.0,165_225_395_180_330_25,prediction_runs,,crop_WW_2035_100_25832_etrs89-utm32n.asc,,DroughtStressThreshold,0.9,1,
138,True,fixed,auto,WW_sfix_hauto,sim_projection_avgyield.json,crop.json,,site.json,False,dwd_core_ensemble,dwd_core_ensemble/csvs_dwd_core_ensemble,ICHEC-EC-EARTH,CLMcom-CCLM4-8-17,rcp26,r12i1p1,v1,2034-01-01,2035-12-31,False,False,True,True,True,False,False,True,False,True,False,False,False,,,1.0,165_225_395_180_330_25,prediction_runs,,crop_WW_2035_100_25832_etrs89-utm32n.asc,,DroughtStressThreshold,0.9,1,
139,True,fixed,auto,WW_sfix_hauto,sim_projection_avgyield.json,crop.json,,site.json,False,dwd_core_ensemble,dwd_core_ensemble/csvs_dwd_core_ensemble,ICHEC-EC-EARTH,KNMI-RACMO22E,rcp26,r12i1p1,v1,2034-01-01,2035-12-31,False,False,True,True,True,False,False,True,False,True,False,False,False,,,1.0,165_225_395_180_330_25,prediction_runs,,crop_WW_2035_100_25832_etrs89-utm32n.asc,,DroughtStressThreshold,0.9,1,
140,True,fixed,auto,WW_sfix_hauto,sim_projection_avgyield.json,crop.json,,site.json,False,dwd_core_ensemble,dwd_core_ensemble/csvs_dwd_core_ensemble,ICHEC-EC-EARTH,KNMI-RACMO22E,rcp45,r1i1p1,v1,2034-01-01,2035-12-31,False,False,True,True,True,False,False,True,False,True,False,False,False,,,1.0,165_225_395_180_330_25,prediction_runs,,crop_WW_2035_100_25832_etrs89-utm32n.asc,,DroughtStressThreshold,0.9,1,
141,True,fixed,auto,WW_sfix_hauto,sim_projection_avgyield.json,crop.json,,site.json,False,dwd_core_ensemble,dwd_core_ensemble/csvs_dwd_core_ensemble,ICHEC-EC-EARTH,KNMI-RACMO22E,rcp45,r12i1p1,v1,2034-01-01,2035-12-31,False,False,True,True,True,False,False,True,False,True,False,False,False,,,1.0,165_225_395_180_330_25,prediction_runs,,crop_WW_2035_100_25832_etrs89-utm32n.asc,,DroughtStressThreshold,0.9,1,
142,True,fixed,auto,WW_sfix_hauto,sim_projection_avgyield.json,crop.json,,site.json,False,dwd_core_ensemble,dwd_core_ensemble/csvs_dwd_core_ensemble,ICHEC-EC-EARTH,KNMI-RACMO22E,rcp85,r1i1p1,v1,2034-01-01,2035-12-31,False,False,True,True,True,False,False,True,False,True,False,False,False,,,1.0,165_225_395_180_330_25,prediction_runs,,crop_WW_2035_100_25832_etrs89-utm32n.asc,,DroughtStressThreshold,0.9,1,
143,True,fixed,auto,WW_sfix_hauto,sim_projection_avgyield.json,crop.json,,site.json,False,dwd_core_ensemble,dwd_core_ensemble/csvs_dwd_core_ensemble,ICHEC-EC-EARTH,SMHI-RCA4,rcp45,r12i1p1,v1,2034-01-01,2035-12-31,False,False,True,True,True,False,False,True,False,True,False,False,False,,,1.0,165_225_395_180_330_25,prediction_runs,,crop_WW_2035_100_25832_etrs89-utm32n.asc,,DroughtStressThreshold,0.9,1,
144,True,fixed,auto,WW_sfix_hauto,sim_projection_avgyield.json,crop.json,,site.json,False,dwd_core_ensemble,dwd_core_ensemble/csvs_dwd_core_ensemble,MIROC-MIROC5,CLMcom-CCLM4-8-17,rcp26,r1i1p1,v1,2034-01-01,2035-12-31,False,False,True,True,True,False,False,True,False,True,False,False,False,,,1.0,165_225_395_180_330_25,prediction_runs,,crop_WW_2035_100_25832_etrs89-utm32n.asc,,DroughtStressThreshold,0.9,1,
145,True,fixed,auto,WW_sfix_hauto,sim_projection_avgyield.json,crop.json,,site.json,False,dwd_core_ensemble,dwd_core_ensemble/csvs_dwd_core_ensemble,MIROC-MIROC5,GERICS-REMO2015,rcp85,r1i1p1,v1,2034-01-01,2035-12-31,False,False,True,True,True,False,False,True,False,True,False,False,False,,,1.0,165_225_395_180_330_25,prediction_runs,,crop_WW_2035_100_25832_etrs89-utm32n.asc,,DroughtStressThreshold,0.9,1,
146,True,fixed,auto,WW_sfix_hauto,sim_projection_avgyield.json,crop.json,,site.json,False,dwd_core_ensemble,dwd_core_ensemble/csvs_dwd_core_ensemble,MOHC-HadGEM2-ES,CLMcom-CCLM4-8-17,rcp45,r1i1p1,v1,2034-01-01,2035-12-31,False,False,True,True,True,False,False,True,False,True,False,False,False,,,1.0,165_225_395_180_330_25,prediction_runs,,crop_WW_2035_100_25832_etrs89-utm32n.asc,,DroughtStressThreshold,0.9,1,
147,True,fixed,auto,WW_sfix_hauto,sim_projection_avgyield.json,crop.json,,site.json,False,dwd_core_ensemble,dwd_core_ensemble/csvs_dwd_core_ensemble,MOHC-HadGEM2-ES,CLMcom-CCLM4-8-17,rcp85,r1i1p1,v1,2034-01-01,2035-12-31,False,False,True,True,True,False,False,True,False,True,False,False,False,,,1.0,165_225_395_180_330_25,prediction_runs,,crop_WW_2035_100_25832_etrs89-utm32n.asc,,DroughtStressThreshold,0.9,1,
148,True,fixed,auto,WW_sfix_hauto,sim_projection_avgyield.json,crop.json,,site.json,False,dwd_core_ensemble,dwd_core_ensemble/csvs_dwd_core_ensemble,MOHC-HadGEM2-ES,KNMI-RACMO22E,rcp26,r1i1p1,v2,2034-01-01,2035-12-31,False,False,True,True,True,False,False,True,False,True,False,False,False,,,1.0,165_225_395_180_330_25,prediction_runs,,crop_WW_2035_100_25832_etrs89-utm32n.asc,,DroughtStressThreshold,0.9,1,
149,True,fixed,auto,WW_sfix_hauto,sim_projection_avgyield.json,crop.json,,site.json,False,dwd_core_ensemble,dwd_core_ensemble/csvs_dwd_core_ensemble,MPI-M-MPI-ESM-LR,MPI-CSC-REMO2009,rcp26,r2i1p1,v1,2034-01-01,2035-12-31,False,False,True,True,True,False,False,True,False,True,False,False,False,,,1.0,165_225_395_180_330_25,prediction_runs,,crop_WW_2035_100_25832_etrs89-utm32n.asc,,DroughtStressThreshold,0.9,1,
150,True,fixed,auto,WW_sfix_hauto,sim_projection_avgyield.json,crop.json,,site.json,False,dwd_core_ensemble,dwd_core_ensemble/csvs_dwd_core_ensemble,MPI-M-MPI-ESM-LR,MPI-CSC-REMO2009,rcp45,r1i1p1,v1,2034-01-01,2035-12-31,False,False,True,True,True,False,False,True,False,True,False,False,False,,,1.0,165_225_395_180_330_25,prediction_runs,,crop_WW_2035_100_25832_etrs89-utm32n.asc,,DroughtStressThreshold,0.9,1,
151,True,fixed,auto,WW_sfix_hauto,sim_projection_avgyield.json,crop.json,,site.json,False,dwd_core_ensemble,dwd_core_ensemble/csvs_dwd_core_ensemble,MPI-M-MPI-ESM-LR,MPI-CSC-REMO2009,rcp45,r2i1p1,v1,2034-01-01,2035-12-31,False,False,True,True,True,False,False,True,False,True,False,False,False,,,1.0,165_225_395_180_330_25,prediction_runs,,crop_WW_2035_100_25832_etrs89-utm32n.asc,,DroughtStressThreshold,0.9,1,
152,True,fixed,auto,WW_sfix_hauto,sim_projection_avgyield.json,crop.json,,site.json,False,dwd_core_ensemble,dwd_core_ensemble/csvs_dwd_core_ensemble,MPI-M-MPI-ESM-LR,MPI-CSC-REMO2009,rcp85,r2i1p1,v1,2034-01-01,2035-12-31,False,False,True,True,True,False,False,True,False,True,False,False,False,,,1.0,165_225_395_180_330_25,prediction_runs,,crop_WW_2035_100_25832_etrs89-utm32n.asc,,DroughtStressThreshold,0.9,1,
153,True,fixed,auto,WW_sfix_hauto,sim_projection_avgyield.json,crop.json,,site.json,False,dwd_core_ensemble,dwd_core_ensemble/csvs_dwd_core_ensemble,MPI-M-MPI-ESM-LR,UHOH-WRF361H,rcp85,r1i1p1,v1,2034-01-01,2035-12-31,False,False,True,True,True,False,False,True,False,True,False,False,False,,,1.0,165_225_395_180_330_25,prediction_runs,,crop_WW_2035_100_25832_etrs89-utm32n.asc,,DroughtStressThreshold,0.9,1,
154,True,fixed,auto,WW_sfix_hauto,sim_projection_avgyield.json,crop.json,,site.json,False,dwd_core_ensemble,dwd_core_ensemble/csvs_dwd_core_ensemble,CCCma-CanESM2,CLMcom-CCLM4-8-17,rcp85,r1i1p1,v1,2035-01-01,2036-12-31,False,False,True,True,True,False,False,True,False,True,False,False,False,,,1.0,165_225_395_180_330_25,prediction_runs,,crop_WW_2036_100_25832_etrs89-utm32n.asc,,DroughtStressThreshold,0.9,1,
155,True,fixed,auto,WW_sfix_hauto,sim_projection_avgyield.json,crop.json,,site.json,False,dwd_core_ensemble,dwd_core_ensemble/csvs_dwd_core_ensemble,ICHEC-EC-EARTH,CLMcom-CCLM4-8-17,rcp26,r12i1p1,v1,2035-01-01,2036-12-31,False,False,True,True,True,False,False,True,False,True,False,False,False,,,1.0,165_225_395_180_330_25,prediction_runs,,crop_WW_2036_100_25832_etrs89-utm32n.asc,,DroughtStressThreshold,0.9,1,
156,True,fixed,auto,WW_sfix_hauto,sim_projection_avgyield.json,crop.json,,site.json,False,dwd_core_ensemble,dwd_core_ensemble/csvs_dwd_core_ensemble,ICHEC-EC-EARTH,KNMI-RACMO22E,rcp26,r12i1p1,v1,2035-01-01,2036-12-31,False,False,True,True,True,False,False,True,False,True,False,False,False,,,1.0,165_225_395_180_330_25,prediction_runs,,crop_WW_2036_100_25832_etrs89-utm32n.asc,,DroughtStressThreshold,0.9,1,
157,True,fixed,auto,WW_sfix_hauto,sim_projection_avgyield.json,crop.json,,site.json,False,dwd_core_ensemble,dwd_core_ensemble/csvs_dwd_core_ensemble,ICHEC-EC-EARTH,KNMI-RACMO22E,rcp45,r1i1p1,v1,2035-01-01,2036-12-31,False,False,True,True,True,False,False,True,False,True,False,False,False,,,1.0,165_225_395_180_330_25,prediction_runs,,crop_WW_2036_100_25832_etrs89-utm32n.asc,,DroughtStressThreshold,0.9,1,
158,True,fixed,auto,WW_sfix_hauto,sim_projection_avgyield.json,crop.json,,site.json,False,dwd_core_ensemble,dwd_core_ensemble/csvs_dwd_core_ensemble,ICHEC-EC-EARTH,KNMI-RACMO22E,rcp45,r12i1p1,v1,2035-01-01,2036-12-31,False,False,True,True,True,False,False,True,False,True,False,False,False,,,1.0,165_225_395_180_330_25,prediction_runs,,crop_WW_2036_100_25832_etrs89-utm32n.asc,,DroughtStressThreshold,0.9,1,
159,True,fixed,auto,WW_sfix_hauto,sim_projection_avgyield.json,crop.json,,site.json,False,dwd_core_ensemble,dwd_core_ensemble/csvs_dwd_core_ensemble,ICHEC-EC-EARTH,KNMI-RACMO22E,rcp85,r1i1p1,v1,2035-01-01,2036-12-31,False,False,True,True,True,False,False,True,False,True,False,False,False,,,1.0,165_225_395_180_330_25,prediction_runs,,crop_WW_2036_100_25832_etrs89-utm32n.asc,,DroughtStressThreshold,0.9,1,
160,True,fixed,auto,WW_sfix_hauto,sim_projection_avgyield.json,crop.json,,site.json,False,dwd_core_ensemble,dwd_core_ensemble/csvs_dwd_core_ensemble,ICHEC-EC-EARTH,SMHI-RCA4,rcp45,r12i1p1,v1,2035-01-01,2036-12-31,False,False,True,True,True,False,False,True,False,True,False,False,False,,,1.0,165_225_395_180_330_25,prediction_runs,,crop_WW_2036_100_25832_etrs89-utm32n.asc,,DroughtStressThreshold,0.9,1,
161,True,fixed,auto,WW_sfix_hauto,sim_projection_avgyield.json,crop.json,,site.json,False,dwd_core_ensemble,dwd_core_ensemble/csvs_dwd_core_ensemble,MIROC-MIROC5,CLMcom-CCLM4-8-17,rcp26,r1i1p1,v1,2035-01-01,2036-12-31,False,False,True,True,True,False,False,True,False,True,False,False,False,,,1.0,165_225_395_180_330_25,prediction_runs,,crop_WW_2036_100_25832_etrs89-utm32n.asc,,DroughtStressThreshold,0.9,1,
162,True,fixed,auto,WW_sfix_hauto,sim_projection_avgyield.json,crop.json,,site.json,False,dwd_core_ensemble,dwd_core_ensemble/csvs_dwd_core_ensemble,MIROC-MIROC5,GERICS-REMO2015,rcp85,r1i1p1,v1,2035-01-01,2036-12-31,False,False,True,True,True,False,False,True,False,True,False,False,False,,,1.0,165_225_395_180_330_25,prediction_runs,,crop_WW_2036_100_25832_etrs89-utm32n.asc,,DroughtStressThreshold,0.9,1,
163,True,fixed,auto,WW_sfix_hauto,sim_projection_avgyield.json,crop.json,,site.json,False,dwd_core_ensemble,dwd_core_ensemble/csvs_dwd_core_ensemble,MOHC-HadGEM2-ES,CLMcom-CCLM4-8-17,rcp45,r1i1p1,v1,2035-01-01,2036-12-31,False,False,True,True,True,False,False,True,False,True,False,False,False,,,1.0,165_225_395_180_330_25,prediction_runs,,crop_WW_2036_100_25832_etrs89-utm32n.asc,,DroughtStressThreshold,0.9,1,
164,True,fixed,auto,WW_sfix_hauto,sim_projection_avgyield.json,crop.json,,site.json,False,dwd_core_ensemble,dwd_core_ensemble/csvs_dwd_core_ensemble,MOHC-HadGEM2-ES,CLMcom-CCLM4-8-17,rcp85,r1i1p1,v1,2035-01-01,2036-12-31,False,False,True,True,True,False,False,True,False,True,False,False,False,,,1.0,165_225_395_180_330_25,prediction_runs,,crop_WW_2036_100_25832_etrs89-utm32n.asc,,DroughtStressThreshold,0.9,1,
165,True,fixed,auto,WW_sfix_hauto,sim_projection_avgyield.json,crop.json,,site.json,False,dwd_core_ensemble,dwd_core_ensemble/csvs_dwd_core_ensemble,MOHC-HadGEM2-ES,KNMI-RACMO22E,rcp26,r1i1p1,v2,2035-01-01,2036-12-31,False,False,True,True,True,False,False,True,False,True,False,False,False,,,1.0,165_225_395_180_330_25,prediction_runs,,crop_WW_2036_100_25832_etrs89-utm32n.asc,,DroughtStressThreshold,0.9,1,
166,True,fixed,auto,WW_sfix_hauto,sim_projection_avgyield.json,crop.json,,site.json,False,dwd_core_ensemble,dwd_core_ensemble/csvs_dwd_core_ensemble,MPI-M-MPI-ESM-LR,MPI-CSC-REMO2009,rcp26,r2i1p1,v1,2035-01-01,2036-12-31,False,False,True,True,True,False,False,True,False,True,False,False,False,,,1.0,165_225_395_180_330_25,prediction_runs,,crop_WW_2036_100_25832_etrs89-utm32n.asc,,DroughtStressThreshold,0.9,1,
167,True,fixed,auto,WW_sfix_hauto,sim_projection_avgyield.json,crop.json,,site.json,False,dwd_core_ensemble,dwd_core_ensemble/csvs_dwd_core_ensemble,MPI-M-MPI-ESM-LR,MPI-CSC-REMO2009,rcp45,r1i1p1,v1,2035-01-01,2036-12-31,False,False,True,True,True,False,False,True,False,True,False,False,False,,,1.0,165_225_395_180_330_25,prediction_runs,,crop_WW_2036_100_25832_etrs89-utm32n.asc,,DroughtStressThreshold,0.9,1,
168,True,fixed,auto,WW_sfix_hauto,sim_projection_avgyield.json,crop.json,,site.json,False,dwd_core_ensemble,dwd_core_ensemble/csvs_dwd_core_ensemble,MPI-M-MPI-ESM-LR,MPI-CSC-REMO2009,rcp45,r2i1p1,v1,2035-01-01,2036-12-31,False,False,True,True,True,False,False,True,False,True,False,False,False,,,1.0,165_225_395_180_330_25,prediction_runs,,crop_WW_2036_100_25832_etrs89-utm32n.asc,,DroughtStressThreshold,0.9,1,
169,True,fixed,auto,WW_sfix_hauto,sim_projection_avgyield.json,crop.json,,site.json,False,dwd_core_ensemble,dwd_core_ensemble/csvs_dwd_core_ensemble,MPI-M-MPI-ESM-LR,MPI-CSC-REMO2009,rcp85,r2i1p1,v1,2035-01-01,2036-12-31,False,False,True,True,True,False,False,True,False,True,False,False,False,,,1.0,165_225_395_180_330_25,prediction_runs,,crop_WW_2036_100_25832_etrs89-utm32n.asc,,DroughtStressThreshold,0.9,1,
170,True,fixed,auto,WW_sfix_hauto,sim_projection_avgyield.json,crop.json,,site.json,False,dwd_core_ensemble,dwd_core_ensemble/csvs_dwd_core_ensemble,MPI-M-MPI-ESM-LR,UHOH-WRF361H,rcp85,r1i1p1,v1,2035-01-01,2036-12-31,False,False,True,True,True,False,False,True,False,True,False,False,False,,,1.0,165_225_395_180_330_25,prediction_runs,,crop_WW_2036_100_25832_etrs89-utm32n.asc,,DroughtStressThreshold,0.9,1,
171,True,fixed,auto,WW_sfix_hauto,sim_projection_avgyield.json,crop.json,,site.json,False,dwd_core_ensemble,dwd_core_ensemble/csvs_dwd_core_ensemble,CCCma-CanESM2,CLMcom-CCLM4-8-17,rcp85,r1i1p1,v1,2036-01-01,2037-12-31,False,False,True,True,True,False,False,True,False,True,False,False,False,,,1.0,165_225_395_180_330_25,prediction_runs,,crop_WW_2037_100_25832_etrs89-utm32n.asc,,DroughtStressThreshold,0.9,1,
172,True,fixed,auto,WW_sfix_hauto,sim_projection_avgyield.json,crop.json,,site.json,False,dwd_core_ensemble,dwd_core_ensemble/csvs_dwd_core_ensemble,ICHEC-EC-EARTH,CLMcom-CCLM4-8-17,rcp26,r12i1p1,v1,2036-01-01,2037-12-31,False,False,True,True,True,False,False,True,False,True,False,False,False,,,1.0,165_225_395_180_330_25,prediction_runs,,crop_WW_2037_100_25832_etrs89-utm32n.asc,,DroughtStressThreshold,0.9,1,
173,True,fixed,auto,WW_sfix_hauto,sim_projection_avgyield.json,crop.json,,site.json,False,dwd_core_ensemble,dwd_core_ensemble/csvs_dwd_core_ensemble,ICHEC-EC-EARTH,KNMI-RACMO22E,rcp26,r12i1p1,v1,2036-01-01,2037-12-31,False,False,True,True,True,False,False,True,False,True,False,False,False,,,1.0,165_225_395_180_330_25,prediction_runs,,crop_WW_2037_100_25832_etrs89-utm32n.asc,,DroughtStressThreshold,0.9,1,
174,True,fixed,auto,WW_sfix_hauto,sim_projection_avgyield.json,crop.json,,site.json,False,dwd_core_ensemble,dwd_core_ensemble/csvs_dwd_core_ensemble,ICHEC-EC-EARTH,KNMI-RACMO22E,rcp45,r1i1p1,v1,2036-01-01,2037-12-31,False,False,True,True,True,False,False,True,False,True,False,False,False,,,1.0,165_225_395_180_330_25,prediction_runs,,crop_WW_2037_100_25832_etrs89-utm32n.asc,,DroughtStressThreshold,0.9,1,
175,True,fixed,auto,WW_sfix_hauto,sim_projection_avgyield.json,crop.json,,site.json,False,dwd_core_ensemble,dwd_core_ensemble/csvs_dwd_core_ensemble,ICHEC-EC-EARTH,KNMI-RACMO22E,rcp45,r12i1p1,v1,2036-01-01,2037-12-31,False,False,True,True,True,False,False,True,False,True,False,False,False,,,1.0,165_225_395_180_330_25,prediction_runs,,crop_WW_2037_100_25832_etrs89-utm32n.asc,,DroughtStressThreshold,0.9,1,
176,True,fixed,auto,WW_sfix_hauto,sim_projection_avgyield.json,crop.json,,site.json,False,dwd_core_ensemble,dwd_core_ensemble/csvs_dwd_core_ensemble,ICHEC-EC-EARTH,KNMI-RACMO22E,rcp85,r1i1p1,v1,2036-01-01,2037-12-31,False,False,True,True,True,False,False,True,False,True,False,False,False,,,1.0,165_225_395_180_330_25,prediction_runs,,crop_WW_2037_100_25832_etrs89-utm32n.asc,,DroughtStressThreshold,0.9,1,
177,True,fixed,auto,WW_sfix_hauto,sim_projection_avgyield.json,crop.json,,site.json,False,dwd_core_ensemble,dwd_core_ensemble/csvs_dwd_core_ensemble,ICHEC-EC-EARTH,SMHI-RCA4,rcp45,r12i1p1,v1,2036-01-01,2037-12-31,False,False,True,True,True,False,False,True,False,True,False,False,False,,,1.0,165_225_395_180_330_25,prediction_runs,,crop_WW_2037_100_25832_etrs89-utm32n.asc,,DroughtStressThreshold,0.9,1,
178,True,fixed,auto,WW_sfix_hauto,sim_projection_avgyield.json,crop.json,,site.json,False,dwd_core_ensemble,dwd_core_ensemble/csvs_dwd_core_ensemble,MIROC-MIROC5,CLMcom-CCLM4-8-17,rcp26,r1i1p1,v1,2036-01-01,2037-12-31,False,False,True,True,True,False,False,True,False,True,False,False,False,,,1.0,165_225_395_180_330_25,prediction_runs,,crop_WW_2037_100_25832_etrs89-utm32n.asc,,DroughtStressThreshold,0.9,1,
179,True,fixed,auto,WW_sfix_hauto,sim_projection_avgyield.json,crop.json,,site.json,False,dwd_core_ensemble,dwd_core_ensemble/csvs_dwd_core_ensemble,MIROC-MIROC5,GERICS-REMO2015,rcp85,r1i1p1,v1,2036-01-01,2037-12-31,False,False,True,True,True,False,False,True,False,True,False,False,False,,,1.0,165_225_395_180_330_25,prediction_runs,,crop_WW_2037_100_25832_etrs89-utm32n.asc,,DroughtStressThreshold,0.9,1,
180,True,fixed,auto,WW_sfix_hauto,sim_projection_avgyield.json,crop.json,,site.json,False,dwd_core_ensemble,dwd_core_ensemble/csvs_dwd_core_ensemble,MOHC-HadGEM2-ES,CLMcom-CCLM4-8-17,rcp45,r1i1p1,v1,2036-01-01,2037-12-31,False,False,True,True,True,False,False,True,False,True,False,False,False,,,1.0,165_225_395_180_330_25,prediction_runs,,crop_WW_2037_100_25832_etrs89-utm32n.asc,,DroughtStressThreshold,0.9,1,
181,True,fixed,auto,WW_sfix_hauto,sim_projection_avgyield.json,crop.json,,site.json,False,dwd_core_ensemble,dwd_core_ensemble/csvs_dwd_core_ensemble,MOHC-HadGEM2-ES,CLMcom-CCLM4-8-17,rcp85,r1i1p1,v1,2036-01-01,2037-12-31,False,False,True,True,True,False,False,True,False,True,False,False,False,,,1.0,165_225_395_180_330_25,prediction_runs,,crop_WW_2037_100_25832_etrs89-utm32n.asc,,DroughtStressThreshold,0.9,1,
182,True,fixed,auto,WW_sfix_hauto,sim_projection_avgyield.json,crop.json,,site.json,False,dwd_core_ensemble,dwd_core_ensemble/csvs_dwd_core_ensemble,MOHC-HadGEM2-ES,KNMI-RACMO22E,rcp26,r1i1p1,v2,2036-01-01,2037-12-31,False,False,True,True,True,False,False,True,False,True,False,False,False,,,1.0,165_225_395_180_330_25,prediction_runs,,crop_WW_2037_100_25832_etrs89-utm32n.asc,,DroughtStressThreshold,0.9,1,
183,True,fixed,auto,WW_sfix_hauto,sim_projection_avgyield.json,crop.json,,site.json,False,dwd_core_ensemble,dwd_core_ensemble/csvs_dwd_core_ensemble,MPI-M-MPI-ESM-LR,MPI-CSC-REMO2009,rcp26,r2i1p1,v1,2036-01-01,2037-12-31,False,False,True,True,True,False,False,True,False,True,False,False,False,,,1.0,165_225_395_180_330_25,prediction_runs,,crop_WW_2037_100_25832_etrs89-utm32n.asc,,DroughtStressThreshold,0.9,1,
184,True,fixed,auto,WW_sfix_hauto,sim_projection_avgyield.json,crop.json,,site.json,False,dwd_core_ensemble,dwd_core_ensemble/csvs_dwd_core_ensemble,MPI-M-MPI-ESM-LR,MPI-CSC-REMO2009,rcp45,r1i1p1,v1,2036-01-01,2037-12-31,False,False,True,True,True,False,False,True,False,True,False,False,False,,,1.0,165_225_395_180_330_25,prediction_runs,,crop_WW_2037_100_25832_etrs89-utm32n.asc,,DroughtStressThreshold,0.9,1,
185,True,fixed,auto,WW_sfix_hauto,sim_projection_avgyield.json,crop.json,,site.json,False,dwd_core_ensemble,dwd_core_ensemble/csvs_dwd_core_ensemble,MPI-M-MPI-ESM-LR,MPI-CSC-REMO2009,rcp45,r2i1p1,v1,2036-01-01,2037-12-31,False,False,True,True,True,False,False,True,False,True,False,False,False,,,1.0,165_225_395_180_330_25,prediction_runs,,crop_WW_2037_100_25832_etrs89-utm32n.asc,,DroughtStressThreshold,0.9,1,
186,True,fixed,auto,WW_sfix_hauto,sim_projection_avgyield.json,crop.json,,site.json,False,dwd_core_ensemble,dwd_core_ensemble/csvs_dwd_core_ensemble,MPI-M-MPI-ESM-LR,MPI-CSC-REMO2009,rcp85,r2i1p1,v1,2036-01-01,2037-12-31,False,False,True,True,True,False,False,True,False,True,False,False,False,,,1.0,165_225_395_180_330_25,prediction_runs,,crop_WW_2037_100_25832_etrs89-utm32n.asc,,DroughtStressThreshold,0.9,1,
187,True,fixed,auto,WW_sfix_hauto,sim_projection_avgyield.json,crop.json,,site.json,False,dwd_core_ensemble,dwd_core_ensemble/csvs_dwd_core_ensemble,MPI-M-MPI-ESM-LR,UHOH-WRF361H,rcp85,r1i1p1,v1,2036-01-01,2037-12-31,False,False,True,True,True,False,False,True,False,True,False,False,False,,,1.0,165_225_395_180_330_25,prediction_runs,,crop_WW_2037_100_25832_etrs89-utm32n.asc,,DroughtStressThreshold,0.9,1,
188,True,fixed,auto,WW_sfix_hauto,sim_projection_avgyield.json,crop.json,,site.json,False,dwd_core_ensemble,dwd_core_ensemble/csvs_dwd_core_ensemble,CCCma-CanESM2,CLMcom-CCLM4-8-17,rcp85,r1i1p1,v1,2037-01-01,2038-12-31,False,False,True,True,True,False,False,True,False,True,False,False,False,,,1.0,165_225_395_180_330_25,prediction_runs,,crop_WW_2038_100_25832_etrs89-utm32n.asc,,DroughtStressThreshold,0.9,1,
189,True,fixed,auto,WW_sfix_hauto,sim_projection_avgyield.json,crop.json,,site.json,False,dwd_core_ensemble,dwd_core_ensemble/csvs_dwd_core_ensemble,ICHEC-EC-EARTH,CLMcom-CCLM4-8-17,rcp26,r12i1p1,v1,2037-01-01,2038-12-31,False,False,True,True,True,False,False,True,False,True,False,False,False,,,1.0,165_225_395_180_330_25,prediction_runs,,crop_WW_2038_100_25832_etrs89-utm32n.asc,,DroughtStressThreshold,0.9,1,
190,True,fixed,auto,WW_sfix_hauto,sim_projection_avgyield.json,crop.json,,site.json,False,dwd_core_ensemble,dwd_core_ensemble/csvs_dwd_core_ensemble,ICHEC-EC-EARTH,KNMI-RACMO22E,rcp26,r12i1p1,v1,2037-01-01,2038-12-31,False,False,True,True,True,False,False,True,False,True,False,False,False,,,1.0,165_225_395_180_330_25,prediction_runs,,crop_WW_2038_100_25832_etrs89-utm32n.asc,,DroughtStressThreshold,0.9,1,
191,True,fixed,auto,WW_sfix_hauto,sim_projection_avgyield.json,crop.json,,site.json,False,dwd_core_ensemble,dwd_core_ensemble/csvs_dwd_core_ensemble,ICHEC-EC-EARTH,KNMI-RACMO22E,rcp45,r1i1p1,v1,2037-01-01,2038-12-31,False,False,True,True,True,False,False,True,False,True,False,False,False,,,1.0,165_225_395_180_330_25,prediction_runs,,crop_WW_2038_100_25832_etrs89-utm32n.asc,,DroughtStressThreshold,0.9,1,
192,True,fixed,auto,WW_sfix_hauto,sim_projection_avgyield.json,crop.json,,site.json,False,dwd_core_ensemble,dwd_core_ensemble/csvs_dwd_core_ensemble,ICHEC-EC-EARTH,KNMI-RACMO22E,rcp45,r12i1p1,v1,2037-01-01,2038-12-31,False,False,True,True,True,False,False,True,False,True,False,False,False,,,1.0,165_225_395_180_330_25,prediction_runs,,crop_WW_2038_100_25832_etrs89-utm32n.asc,,DroughtStressThreshold,0.9,1,
193,True,fixed,auto,WW_sfix_hauto,sim_projection_avgyield.json,crop.json,,site.json,False,dwd_core_ensemble,dwd_core_ensemble/csvs_dwd_core_ensemble,ICHEC-EC-EARTH,KNMI-RACMO22E,rcp85,r1i1p1,v1,2037-01-01,2038-12-31,False,False,True,True,True,False,False,True,False,True,False,False,False,,,1.0,165_225_395_180_330_25,prediction_runs,,crop_WW_2038_100_25832_etrs89-utm32n.asc,,DroughtStressThreshold,0.9,1,
194,True,fixed,auto,WW_sfix_hauto,sim_projection_avgyield.json,crop.json,,site.json,False,dwd_core_ensemble,dwd_core_ensemble/csvs_dwd_core_ensemble,ICHEC-EC-EARTH,SMHI-RCA4,rcp45,r12i1p1,v1,2037-01-01,2038-12-31,False,False,True,True,True,False,False,True,False,True,False,False,False,,,1.0,165_225_395_180_330_25,prediction_runs,,crop_WW_2038_100_25832_etrs89-utm32n.asc,,DroughtStressThreshold,0.9,1,
195,True,fixed,auto,WW_sfix_hauto,sim_projection_avgyield.json,crop.json,,site.json,False,dwd_core_ensemble,dwd_core_ensemble/csvs_dwd_core_ensemble,MIROC-MIROC5,CLMcom-CCLM4-8-17,rcp26,r1i1p1,v1,2037-01-01,2038-12-31,False,False,True,True,True,False,False,True,False,True,False,False,False,,,1.0,165_225_395_180_330_25,prediction_runs,,crop_WW_2038_100_25832_etrs89-utm32n.asc,,DroughtStressThreshold,0.9,1,
196,True,fixed,auto,WW_sfix_hauto,sim_projection_avgyield.json,crop.json,,site.json,False,dwd_core_ensemble,dwd_core_ensemble/csvs_dwd_core_ensemble,MIROC-MIROC5,GERICS-REMO2015,rcp85,r1i1p1,v1,2037-01-01,2038-12-31,False,False,True,True,True,False,False,True,False,True,False,False,False,,,1.0,165_225_395_180_330_25,prediction_runs,,crop_WW_2038_100_25832_etrs89-utm32n.asc,,DroughtStressThreshold,0.9,1,
197,True,fixed,auto,WW_sfix_hauto,sim_projection_avgyield.json,crop.json,,site.json,False,dwd_core_ensemble,dwd_core_ensemble/csvs_dwd_core_ensemble,MOHC-HadGEM2-ES,CLMcom-CCLM4-8-17,rcp45,r1i1p1,v1,2037-01-01,2038-12-31,False,False,True,True,True,False,False,True,False,True,False,False,False,,,1.0,165_225_395_180_330_25,prediction_runs,,crop_WW_2038_100_25832_etrs89-utm32n.asc,,DroughtStressThreshold,0.9,1,
198,True,fixed,auto,WW_sfix_hauto,sim_projection_avgyield.json,crop.json,,site.json,False,dwd_core_ensemble,dwd_core_ensemble/csvs_dwd_core_ensemble,MOHC-HadGEM2-ES,CLMcom-CCLM4-8-17,rcp85,r1i1p1,v1,2037-01-01,2038-12-31,False,False,True,True,True,False,False,True,False,True,False,False,False,,,1.0,165_225_395_180_330_25,prediction_runs,,crop_WW_2038_100_25832_etrs89-utm32n.asc,,DroughtStressThreshold,0.9,1,
199,True,fixed,auto,WW_sfix_hauto,sim_projection_avgyield.json,crop.json,,site.json,False,dwd_core_ensemble,dwd_core_ensemble/csvs_dwd_core_ensemble,MOHC-HadGEM2-ES,KNMI-RACMO22E,rcp26,r1i1p1,v2,2037-01-01,2038-12-31,False,False,True,True,True,False,False,True,False,True,False,False,False,,,1.0,165_225_395_180_330_25,prediction_runs,,crop_WW_2038_100_25832_etrs89-utm32n.asc,,DroughtStressThreshold,0.9,1,
200,True,fixed,auto,WW_sfix_hauto,sim_projection_avgyield.json,crop.json,,site.json,False,dwd_core_ensemble,dwd_core_ensemble/csvs_dwd_core_ensemble,MPI-M-MPI-ESM-LR,MPI-CSC-REMO2009,rcp26,r2i1p1,v1,2037-01-01,2038-12-31,False,False,True,True,True,False,False,True,False,True,False,False,False,,,1.0,165_225_395_180_330_25,prediction_runs,,crop_WW_2038_100_25832_etrs89-utm32n.asc,,DroughtStressThreshold,0.9,1,
201,True,fixed,auto,WW_sfix_hauto,sim_projection_avgyield.json,crop.json,,site.json,False,dwd_core_ensemble,dwd_core_ensemble/csvs_dwd_core_ensemble,MPI-M-MPI-ESM-LR,MPI-CSC-REMO2009,rcp45,r1i1p1,v1,2037-01-01,2038-12-31,False,False,True,True,True,False,False,True,False,True,False,False,False,,,1.0,165_225_395_180_330_25,prediction_runs,,crop_WW_2038_100_25832_etrs89-utm32n.asc,,DroughtStressThreshold,0.9,1,
202,True,fixed,auto,WW_sfix_hauto,sim_projection_avgyield.json,crop.json,,site.json,False,dwd_core_ensemble,dwd_core_ensemble/csvs_dwd_core_ensemble,MPI-M-MPI-ESM-LR,MPI-CSC-REMO2009,rcp45,r2i1p1,v1,2037-01-01,2038-12-31,False,False,True,True,True,False,False,True,False,True,False,False,False,,,1.0,165_225_395_180_330_25,prediction_runs,,crop_WW_2038_100_25832_etrs89-utm32n.asc,,DroughtStressThreshold,0.9,1,
203,True,fixed,auto,WW_sfix_hauto,sim_projection_avgyield.json,crop.json,,site.json,False,dwd_core_ensemble,dwd_core_ensemble/csvs_dwd_core_ensemble,MPI-M-MPI-ESM-LR,MPI-CSC-REMO2009,rcp85,r2i1p1,v1,2037-01-01,2038-12-31,False,False,True,True,True,False,False,True,False,True,False,False,False,,,1.0,165_225_395_180_330_25,prediction_runs,,crop_WW_2038_100_25832_etrs89-utm32n.asc,,DroughtStressThreshold,0.9,1,
204,True,fixed,auto,WW_sfix_hauto,sim_projection_avgyield.json,crop.json,,site.json,False,dwd_core_ensemble,dwd_core_ensemble/csvs_dwd_core_ensemble,MPI-M-MPI-ESM-LR,UHOH-WRF361H,rcp85,r1i1p1,v1,2037-01-01,2038-12-31,False,False,True,True,True,False,False,True,False,True,False,False,False,,,1.0,165_225_395_180_330_25,prediction_runs,,crop_WW_2038_100_25832_etrs89-utm32n.asc,,DroughtStressThreshold,0.9,1,
205,True,fixed,auto,WW_sfix_hauto,sim_projection_avgyield.json,crop.json,,site.json,False,dwd_core_ensemble,dwd_core_ensemble/csvs_dwd_core_ensemble,CCCma-CanESM2,CLMcom-CCLM4-8-17,rcp85,r1i1p1,v1,2038-01-01,2039-12-31,False,False,True,True,True,False,False,True,False,True,False,False,False,,,1.0,165_225_395_180_330_25,prediction_runs,,crop_WW_2039_100_25832_etrs89-utm32n.asc,,DroughtStressThreshold,0.9,1,
206,True,fixed,auto,WW_sfix_hauto,sim_projection_avgyield.json,crop.json,,site.json,False,dwd_core_ensemble,dwd_core_ensemble/csvs_dwd_core_ensemble,ICHEC-EC-EARTH,CLMcom-CCLM4-8-17,rcp26,r12i1p1,v1,2038-01-01,2039-12-31,False,False,True,True,True,False,False,True,False,True,False,False,False,,,1.0,165_225_395_180_330_25,prediction_runs,,crop_WW_2039_100_25832_etrs89-utm32n.asc,,DroughtStressThreshold,0.9,1,
207,True,fixed,auto,WW_sfix_hauto,sim_projection_avgyield.json,crop.json,,site.json,False,dwd_core_ensemble,dwd_core_ensemble/csvs_dwd_core_ensemble,ICHEC-EC-EARTH,KNMI-RACMO22E,rcp26,r12i1p1,v1,2038-01-01,2039-12-31,False,False,True,True,True,False,False,True,False,True,False,False,False,,,1.0,165_225_395_180_330_25,prediction_runs,,crop_WW_2039_100_25832_etrs89-utm32n.asc,,DroughtStressThreshold,0.9,1,
208,True,fixed,auto,WW_sfix_hauto,sim_projection_avgyield.json,crop.json,,site.json,False,dwd_core_ensemble,dwd_core_ensemble/csvs_dwd_core_ensemble,ICHEC-EC-EARTH,KNMI-RACMO22E,rcp45,r1i1p1,v1,2038-01-01,2039-12-31,False,False,True,True,True,False,False,True,False,True,False,False,False,,,1.0,165_225_395_180_330_25,prediction_runs,,crop_WW_2039_100_25832_etrs89-utm32n.asc,,DroughtStressThreshold,0.9,1,
209,True,fixed,auto,WW_sfix_hauto,sim_projection_avgyield.json,crop.json,,site.json,False,dwd_core_ensemble,dwd_core_ensemble/csvs_dwd_core_ensemble,ICHEC-EC-EARTH,KNMI-RACMO22E,rcp45,r12i1p1,v1,2038-01-01,2039-12-31,False,False,True,True,True,False,False,True,False,True,False,False,False,,,1.0,165_225_395_180_330_25,prediction_runs,,crop_WW_2039_100_25832_etrs89-utm32n.asc,,DroughtStressThreshold,0.9,1,
210,True,fixed,auto,WW_sfix_hauto,sim_projection_avgyield.json,crop.json,,site.json,False,dwd_core_ensemble,dwd_core_ensemble/csvs_dwd_core_ensemble,ICHEC-EC-EARTH,KNMI-RACMO22E,rcp85,r1i1p1,v1,2038-01-01,2039-12-31,False,False,True,True,True,False,False,True,False,True,False,False,False,,,1.0,165_225_395_180_330_25,prediction_runs,,crop_WW_2039_100_25832_etrs89-utm32n.asc,,DroughtStressThreshold,0.9,1,
211,True,fixed,auto,WW_sfix_hauto,sim_projection_avgyield.json,crop.json,,site.json,False,dwd_core_ensemble,dwd_core_ensemble/csvs_dwd_core_ensemble,ICHEC-EC-EARTH,SMHI-RCA4,rcp45,r12i1p1,v1,2038-01-01,2039-12-31,False,False,True,True,True,False,False,True,False,True,False,False,False,,,1.0,165_225_395_180_330_25,prediction_runs,,crop_WW_2039_100_25832_etrs89-utm32n.asc,,DroughtStressThreshold,0.9,1,
212,True,fixed,auto,WW_sfix_hauto,sim_projection_avgyield.json,crop.json,,site.json,False,dwd_core_ensemble,dwd_core_ensemble/csvs_dwd_core_ensemble,MIROC-MIROC5,CLMcom-CCLM4-8-17,rcp26,r1i1p1,v1,2038-01-01,2039-12-31,False,False,True,True,True,False,False,True,False,True,False,False,False,,,1.0,165_225_395_180_330_25,prediction_runs,,crop_WW_2039_100_25832_etrs89-utm32n.asc,,DroughtStressThreshold,0.9,1,
213,True,fixed,auto,WW_sfix_hauto,sim_projection_avgyield.json,crop.json,,site.json,False,dwd_core_ensemble,dwd_core_ensemble/csvs_dwd_core_ensemble,MIROC-MIROC5,GERICS-REMO2015,rcp85,r1i1p1,v1,2038-01-01,2039-12-31,False,False,True,True,True,False,False,True,False,True,False,False,False,,,1.0,165_225_395_180_330_25,prediction_runs,,crop_WW_2039_100_25832_etrs89-utm32n.asc,,DroughtStressThreshold,0.9,1,
214,True,fixed,auto,WW_sfix_hauto,sim_projection_avgyield.json,crop.json,,site.json,False,dwd_core_ensemble,dwd_core_ensemble/csvs_dwd_core_ensemble,MOHC-HadGEM2-ES,CLMcom-CCLM4-8-17,rcp45,r1i1p1,v1,2038-01-01,2039-12-31,False,False,True,True,True,False,False,True,False,True,False,False,False,,,1.0,165_225_395_180_330_25,prediction_runs,,crop_WW_2039_100_25832_etrs89-utm32n.asc,,DroughtStressThreshold,0.9,1,
215,True,fixed,auto,WW_sfix_hauto,sim_projection_avgyield.json,crop.json,,site.json,False,dwd_core_ensemble,dwd_core_ensemble/csvs_dwd_core_ensemble,MOHC-HadGEM2-ES,CLMcom-CCLM4-8-17,rcp85,r1i1p1,v1,2038-01-01,2039-12-31,False,False,True,True,True,False,False,True,False,True,False,False,False,,,1.0,165_225_395_180_330_25,prediction_runs,,crop_WW_2039_100_25832_etrs89-utm32n.asc,,DroughtStressThreshold,0.9,1,
216,True,fixed,auto,WW_sfix_hauto,sim_projection_avgyield.json,crop.json,,site.json,False,dwd_core_ensemble,dwd_core_ensemble/csvs_dwd_core_ensemble,MOHC-HadGEM2-ES,KNMI-RACMO22E,rcp26,r1i1p1,v2,2038-01-01,2039-12-31,False,False,True,True,True,False,False,True,False,True,False,False,False,,,1.0,165_225_395_180_330_25,prediction_runs,,crop_WW_2039_100_25832_etrs89-utm32n.asc,,DroughtStressThreshold,0.9,1,
217,True,fixed,auto,WW_sfix_hauto,sim_projection_avgyield.json,crop.json,,site.json,False,dwd_core_ensemble,dwd_core_ensemble/csvs_dwd_core_ensemble,MPI-M-MPI-ESM-LR,MPI-CSC-REMO2009,rcp26,r2i1p1,v1,2038-01-01,2039-12-31,False,False,True,True,True,False,False,True,False,True,False,False,False,,,1.0,165_225_395_180_330_25,prediction_runs,,crop_WW_2039_100_25832_etrs89-utm32n.asc,,DroughtStressThreshold,0.9,1,
218,True,fixed,auto,WW_sfix_hauto,sim_projection_avgyield.json,crop.json,,site.json,False,dwd_core_ensemble,dwd_core_ensemble/csvs_dwd_core_ensemble,MPI-M-MPI-ESM-LR,MPI-CSC-REMO2009,rcp45,r1i1p1,v1,2038-01-01,2039-12-31,False,False,True,True,True,False,False,True,False,True,False,False,False,,,1.0,165_225_395_180_330_25,prediction_runs,,crop_WW_2039_100_25832_etrs89-utm32n.asc,,DroughtStressThreshold,0.9,1,
219,True,fixed,auto,WW_sfix_hauto,sim_projection_avgyield.json,crop.json,,site.json,False,dwd_core_ensemble,dwd_core_ensemble/csvs_dwd_core_ensemble,MPI-M-MPI-ESM-LR,MPI-CSC-REMO2009,rcp45,r2i1p1,v1,2038-01-01,2039-12-31,False,False,True,True,True,False,False,True,False,True,False,False,False,,,1.0,165_225_395_180_330_25,prediction_runs,,crop_WW_2039_100_25832_etrs89-utm32n.asc,,DroughtStressThreshold,0.9,1,
220,True,fixed,auto,WW_sfix_hauto,sim_projection_avgyield.json,crop.json,,site.json,False,dwd_core_ensemble,dwd_core_ensemble/csvs_dwd_core_ensemble,MPI-M-MPI-ESM-LR,MPI-CSC-REMO2009,rcp85,r2i1p1,v1,2038-01-01,2039-12-31,False,False,True,True,True,False,False,True,False,True,False,False,False,,,1.0,165_225_395_180_330_25,prediction_runs,,crop_WW_2039_100_25832_etrs89-utm32n.asc,,DroughtStressThreshold,0.9,1,
221,True,fixed,auto,WW_sfix_hauto,sim_projection_avgyield.json,crop.json,,site.json,False,dwd_core_ensemble,dwd_core_ensemble/csvs_dwd_core_ensemble,MPI-M-MPI-ESM-LR,UHOH-WRF361H,rcp85,r1i1p1,v1,2038-01-01,2039-12-31,False,False,True,True,True,False,False,True,False,True,False,False,False,,,1.0,165_225_395_180_330_25,prediction_runs,,crop_WW_2039_100_25832_etrs89-utm32n.asc,,DroughtStressThreshold,0.9,1,
222,True,fixed,auto,WW_sfix_hauto,sim_projection_avgyield.json,crop.json,,site.json,False,dwd_core_ensemble,dwd_core_ensemble/csvs_dwd_core_ensemble,CCCma-CanESM2,CLMcom-CCLM4-8-17,rcp85,r1i1p1,v1,2039-01-01,2040-12-31,False,False,True,True,True,False,False,True,False,True,False,False,False,,,1.0,165_225_395_180_330_25,prediction_runs,,crop_WW_2040_100_25832_etrs89-utm32n.asc,,DroughtStressThreshold,0.9,1,
223,True,fixed,auto,WW_sfix_hauto,sim_projection_avgyield.json,crop.json,,site.json,False,dwd_core_ensemble,dwd_core_ensemble/csvs_dwd_core_ensemble,ICHEC-EC-EARTH,CLMcom-CCLM4-8-17,rcp26,r12i1p1,v1,2039-01-01,2040-12-31,False,False,True,True,True,False,False,True,False,True,False,False,False,,,1.0,165_225_395_180_330_25,prediction_runs,,crop_WW_2040_100_25832_etrs89-utm32n.asc,,DroughtStressThreshold,0.9,1,
224,True,fixed,auto,WW_sfix_hauto,sim_projection_avgyield.json,crop.json,,site.json,False,dwd_core_ensemble,dwd_core_ensemble/csvs_dwd_core_ensemble,ICHEC-EC-EARTH,KNMI-RACMO22E,rcp26,r12i1p1,v1,2039-01-01,2040-12-31,False,False,True,True,True,False,False,True,False,True,False,False,False,,,1.0,165_225_395_180_330_25,prediction_runs,,crop_WW_2040_100_25832_etrs89-utm32n.asc,,DroughtStressThreshold,0.9,1,
225,True,fixed,auto,WW_sfix_hauto,sim_projection_avgyield.json,crop.json,,site.json,False,dwd_core_ensemble,dwd_core_ensemble/csvs_dwd_core_ensemble,ICHEC-EC-EARTH,KNMI-RACMO22E,rcp45,r1i1p1,v1,2039-01-01,2040-12-31,False,False,True,True,True,False,False,True,False,True,False,False,False,,,1.0,165_225_395_180_330_25,prediction_runs,,crop_WW_2040_100_25832_etrs89-utm32n.asc,,DroughtStressThreshold,0.9,1,
226,True,fixed,auto,WW_sfix_hauto,sim_projection_avgyield.json,crop.json,,site.json,False,dwd_core_ensemble,dwd_core_ensemble/csvs_dwd_core_ensemble,ICHEC-EC-EARTH,KNMI-RACMO22E,rcp45,r12i1p1,v1,2039-01-01,2040-12-31,False,False,True,True,True,False,False,True,False,True,False,False,False,,,1.0,165_225_395_180_330_25,prediction_runs,,crop_WW_2040_100_25832_etrs89-utm32n.asc,,DroughtStressThreshold,0.9,1,
227,True,fixed,auto,WW_sfix_hauto,sim_projection_avgyield.json,crop.json,,site.json,False,dwd_core_ensemble,dwd_core_ensemble/csvs_dwd_core_ensemble,ICHEC-EC-EARTH,KNMI-RACMO22E,rcp85,r1i1p1,v1,2039-01-01,2040-12-31,False,False,True,True,True,False,False,True,False,True,False,False,False,,,1.0,165_225_395_180_330_25,prediction_runs,,crop_WW_2040_100_25832_etrs89-utm32n.asc,,DroughtStressThreshold,0.9,1,
228,True,fixed,auto,WW_sfix_hauto,sim_projection_avgyield.json,crop.json,,site.json,False,dwd_core_ensemble,dwd_core_ensemble/csvs_dwd_core_ensemble,ICHEC-EC-EARTH,SMHI-RCA4,rcp45,r12i1p1,v1,2039-01-01,2040-12-31,False,False,True,True,True,False,False,True,False,True,False,False,False,,,1.0,165_225_395_180_330_25,prediction_runs,,crop_WW_2040_100_25832_etrs89-utm32n.asc,,DroughtStressThreshold,0.9,1,
229,True,fixed,auto,WW_sfix_hauto,sim_projection_avgyield.json,crop.json,,site.json,False,dwd_core_ensemble,dwd_core_ensemble/csvs_dwd_core_ensemble,MIROC-MIROC5,CLMcom-CCLM4-8-17,rcp26,r1i1p1,v1,2039-01-01,2040-12-31,False,False,True,True,True,False,False,True,False,True,False,False,False,,,1.0,165_225_395_180_330_25,prediction_runs,,crop_WW_2040_100_25832_etrs89-utm32n.asc,,DroughtStressThreshold,0.9,1,
230,True,fixed,auto,WW_sfix_hauto,sim_projection_avgyield.json,crop.json,,site.json,False,dwd_core_ensemble,dwd_core_ensemble/csvs_dwd_core_ensemble,MIROC-MIROC5,GERICS-REMO2015,rcp85,r1i1p1,v1,2039-01-01,2040-12-31,False,False,True,True,True,False,False,True,False,True,False,False,False,,,1.0,165_225_395_180_330_25,prediction_runs,,crop_WW_2040_100_25832_etrs89-utm32n.asc,,DroughtStressThreshold,0.9,1,
231,True,fixed,auto,WW_sfix_hauto,sim_projection_avgyield.json,crop.json,,site.json,False,dwd_core_ensemble,dwd_core_ensemble/csvs_dwd_core_ensemble,MOHC-HadGEM2-ES,CLMcom-CCLM4-8-17,rcp45,r1i1p1,v1,2039-01-01,2040-12-31,False,False,True,True,True,False,False,True,False,True,False,False,False,,,1.0,165_225_395_180_330_25,prediction_runs,,crop_WW_2040_100_25832_etrs89-utm32n.asc,,DroughtStressThreshold,0.9,1,
232,True,fixed,auto,WW_sfix_hauto,sim_projection_avgyield.json,crop.json,,site.json,False,dwd_core_ensemble,dwd_core_ensemble/csvs_dwd_core_ensemble,MOHC-HadGEM2-ES,CLMcom-CCLM4-8-17,rcp85,r1i1p1,v1,2039-01-01,2040-12-31,False,False,True,True,True,False,False,True,False,True,False,False,False,,,1.0,165_225_395_180_330_25,prediction_runs,,crop_WW_2040_100_25832_etrs89-utm32n.asc,,DroughtStressThreshold,0.9,1,
233,True,fixed,auto,WW_sfix_hauto,sim_projection_avgyield.json,crop.json,,site.json,False,dwd_core_ensemble,dwd_core_ensemble/csvs_dwd_core_ensemble,MOHC-HadGEM2-ES,KNMI-RACMO22E,rcp26,r1i1p1,v2,2039-01-01,2040-12-31,False,False,True,True,True,False,False,True,False,True,False,False,False,,,1.0,165_225_395_180_330_25,prediction_runs,,crop_WW_2040_100_25832_etrs89-utm32n.asc,,DroughtStressThreshold,0.9,1,
234,True,fixed,auto,WW_sfix_hauto,sim_projection_avgyield.json,crop.json,,site.json,False,dwd_core_ensemble,dwd_core_ensemble/csvs_dwd_core_ensemble,MPI-M-MPI-ESM-LR,MPI-CSC-REMO2009,rcp26,r2i1p1,v1,2039-01-01,2040-12-31,False,False,True,True,True,False,False,True,False,True,False,False,False,,,1.0,165_225_395_180_330_25,prediction_runs,,crop_WW_2040_100_25832_etrs89-utm32n.asc,,DroughtStressThreshold,0.9,1,
235,True,fixed,auto,WW_sfix_hauto,sim_projection_avgyield.json,crop.json,,site.json,False,dwd_core_ensemble,dwd_core_ensemble/csvs_dwd_core_ensemble,MPI-M-MPI-ESM-LR,MPI-CSC-REMO2009,rcp45,r1i1p1,v1,2039-01-01,2040-12-31,False,False,True,True,True,False,False,True,False,True,False,False,False,,,1.0,165_225_395_180_330_25,prediction_runs,,crop_WW_2040_100_25832_etrs89-utm32n.asc,,DroughtStressThreshold,0.9,1,
236,True,fixed,auto,WW_sfix_hauto,sim_projection_avgyield.json,crop.json,,site.json,False,dwd_core_ensemble,dwd_core_ensemble/csvs_dwd_core_ensemble,MPI-M-MPI-ESM-LR,MPI-CSC-REMO2009,rcp45,r2i1p1,v1,2039-01-01,2040-12-31,False,False,True,True,True,False,False,True,False,True,False,False,False,,,1.0,165_225_395_180_330_25,prediction_runs,,crop_WW_2040_100_25832_etrs89-utm32n.asc,,DroughtStressThreshold,0.9,1,
237,True,fixed,auto,WW_sfix_hauto,sim_projection_avgyield.json,crop.json,,site.json,False,dwd_core_ensemble,dwd_core_ensemble/csvs_dwd_core_ensemble,MPI-M-MPI-ESM-LR,MPI-CSC-REMO2009,rcp85,r2i1p1,v1,2039-01-01,2040-12-31,False,False,True,True,True,False,False,True,False,True,False,False,False,,,1.0,165_225_395_180_330_25,prediction_runs,,crop_WW_2040_100_25832_etrs89-utm32n.asc,,DroughtStressThreshold,0.9,1,
238,True,fixed,auto,WW_sfix_hauto,sim_projection_avgyield.json,crop.json,,site.json,False,dwd_core_ensemble,dwd_core_ensemble/csvs_dwd_core_ensemble,MPI-M-MPI-ESM-LR,UHOH-WRF361H,rcp85,r1i1p1,v1,2039-01-01,2040-12-31,False,False,True,True,True,False,False,True,False,True,False,False,False,,,1.0,165_225_395_180_330_25,prediction_runs,,crop_WW_2040_100_25832_etrs89-utm32n.asc,,DroughtStressThreshold,0.9,1,
239,True,fixed,auto,WW_sfix_hauto,sim_projection_avgyield.json,crop.json,,site.json,False,dwd_core_ensemble,dwd_core_ensemble/csvs_dwd_core_ensemble,CCCma-CanESM2,CLMcom-CCLM4-8-17,rcp85,r1i1p1,v1,2040-01-01,2041-12-31,False,False,True,True,True,False,False,True,False,True,False,False,False,,,1.0,165_225_395_180_330_25,prediction_runs,,crop_WW_2041_100_25832_etrs89-utm32n.asc,,DroughtStressThreshold,0.9,1,
240,True,fixed,auto,WW_sfix_hauto,sim_projection_avgyield.json,crop.json,,site.json,False,dwd_core_ensemble,dwd_core_ensemble/csvs_dwd_core_ensemble,ICHEC-EC-EARTH,CLMcom-CCLM4-8-17,rcp26,r12i1p1,v1,2040-01-01,2041-12-31,False,False,True,True,True,False,False,True,False,True,False,False,False,,,1.0,165_225_395_180_330_25,prediction_runs,,crop_WW_2041_100_25832_etrs89-utm32n.asc,,DroughtStressThreshold,0.9,1,
241,True,fixed,auto,WW_sfix_hauto,sim_projection_avgyield.json,crop.json,,site.json,False,dwd_core_ensemble,dwd_core_ensemble/csvs_dwd_core_ensemble,ICHEC-EC-EARTH,KNMI-RACMO22E,rcp26,r12i1p1,v1,2040-01-01,2041-12-31,False,False,True,True,True,False,False,True,False,True,False,False,False,,,1.0,165_225_395_180_330_25,prediction_runs,,crop_WW_2041_100_25832_etrs89-utm32n.asc,,DroughtStressThreshold,0.9,1,
242,True,fixed,auto,WW_sfix_hauto,sim_projection_avgyield.json,crop.json,,site.json,False,dwd_core_ensemble,dwd_core_ensemble/csvs_dwd_core_ensemble,ICHEC-EC-EARTH,KNMI-RACMO22E,rcp45,r1i1p1,v1,2040-01-01,2041-12-31,False,False,True,True,True,False,False,True,False,True,False,False,False,,,1.0,165_225_395_180_330_25,prediction_runs,,crop_WW_2041_100_25832_etrs89-utm32n.asc,,DroughtStressThreshold,0.9,1,
243,True,fixed,auto,WW_sfix_hauto,sim_projection_avgyield.json,crop.json,,site.json,False,dwd_core_ensemble,dwd_core_ensemble/csvs_dwd_core_ensemble,ICHEC-EC-EARTH,KNMI-RACMO22E,rcp45,r12i1p1,v1,2040-01-01,2041-12-31,False,False,True,True,True,False,False,True,False,True,False,False,False,,,1.0,165_225_395_180_330_25,prediction_runs,,crop_WW_2041_100_25832_etrs89-utm32n.asc,,DroughtStressThreshold,0.9,1,
244,True,fixed,auto,WW_sfix_hauto,sim_projection_avgyield.json,crop.json,,site.json,False,dwd_core_ensemble,dwd_core_ensemble/csvs_dwd_core_ensemble,ICHEC-EC-EARTH,KNMI-RACMO22E,rcp85,r1i1p1,v1,2040-01-01,2041-12-31,False,False,True,True,True,False,False,True,False,True,False,False,False,,,1.0,165_225_395_180_330_25,prediction_runs,,crop_WW_2041_100_25832_etrs89-utm32n.asc,,DroughtStressThreshold,0.9,1,
245,True,fixed,auto,WW_sfix_hauto,sim_projection_avgyield.json,crop.json,,site.json,False,dwd_core_ensemble,dwd_core_ensemble/csvs_dwd_core_ensemble,ICHEC-EC-EARTH,SMHI-RCA4,rcp45,r12i1p1,v1,2040-01-01,2041-12-31,False,False,True,True,True,False,False,True,False,True,False,False,False,,,1.0,165_225_395_180_330_25,prediction_runs,,crop_WW_2041_100_25832_etrs89-utm32n.asc,,DroughtStressThreshold,0.9,1,
246,True,fixed,auto,WW_sfix_hauto,sim_projection_avgyield.json,crop.json,,site.json,False,dwd_core_ensemble,dwd_core_ensemble/csvs_dwd_core_ensemble,MIROC-MIROC5,CLMcom-CCLM4-8-17,rcp26,r1i1p1,v1,2040-01-01,2041-12-31,False,False,True,True,True,False,False,True,False,True,False,False,False,,,1.0,165_225_395_180_330_25,prediction_runs,,crop_WW_2041_100_25832_etrs89-utm32n.asc,,DroughtStressThreshold,0.9,1,
247,True,fixed,auto,WW_sfix_hauto,sim_projection_avgyield.json,crop.json,,site.json,False,dwd_core_ensemble,dwd_core_ensemble/csvs_dwd_core_ensemble,MIROC-MIROC5,GERICS-REMO2015,rcp85,r1i1p1,v1,2040-01-01,2041-12-31,False,False,True,True,True,False,False,True,False,True,False,False,False,,,1.0,165_225_395_180_330_25,prediction_runs,,crop_WW_2041_100_25832_etrs89-utm32n.asc,,DroughtStressThreshold,0.9,1,
248,True,fixed,auto,WW_sfix_hauto,sim_projection_avgyield.json,crop.json,,site.json,False,dwd_core_ensemble,dwd_core_ensemble/csvs_dwd_core_ensemble,MOHC-HadGEM2-ES,CLMcom-CCLM4-8-17,rcp45,r1i1p1,v1,2040-01-01,2041-12-31,False,False,True,True,True,False,False,True,False,True,False,False,False,,,1.0,165_225_395_180_330_25,prediction_runs,,crop_WW_2041_100_25832_etrs89-utm32n.asc,,DroughtStressThreshold,0.9,1,
249,True,fixed,auto,WW_sfix_hauto,sim_projection_avgyield.json,crop.json,,site.json,False,dwd_core_ensemble,dwd_core_ensemble/csvs_dwd_core_ensemble,MOHC-HadGEM2-ES,CLMcom-CCLM4-8-17,rcp85,r1i1p1,v1,2040-01-01,2041-12-31,False,False,True,True,True,False,False,True,False,True,False,False,False,,,1.0,165_225_395_180_330_25,prediction_runs,,crop_WW_2041_100_25832_etrs89-utm32n.asc,,DroughtStressThreshold,0.9,1,
250,True,fixed,auto,WW_sfix_hauto,sim_projection_avgyield.json,crop.json,,site.json,False,dwd_core_ensemble,dwd_core_ensemble/csvs_dwd_core_ensemble,MOHC-HadGEM2-ES,KNMI-RACMO22E,rcp26,r1i1p1,v2,2040-01-01,2041-12-31,False,False,True,True,True,False,False,True,False,True,False,False,False,,,1.0,165_225_395_180_330_25,prediction_runs,,crop_WW_2041_100_25832_etrs89-utm32n.asc,,DroughtStressThreshold,0.9,1,
251,True,fixed,auto,WW_sfix_hauto,sim_projection_avgyield.json,crop.json,,site.json,False,dwd_core_ensemble,dwd_core_ensemble/csvs_dwd_core_ensemble,MPI-M-MPI-ESM-LR,MPI-CSC-REMO2009,rcp26,r2i1p1,v1,2040-01-01,2041-12-31,False,False,True,True,True,False,False,True,False,True,False,False,False,,,1.0,165_225_395_180_330_25,prediction_runs,,crop_WW_2041_100_25832_etrs89-utm32n.asc,,DroughtStressThreshold,0.9,1,
252,True,fixed,auto,WW_sfix_hauto,sim_projection_avgyield.json,crop.json,,site.json,False,dwd_core_ensemble,dwd_core_ensemble/csvs_dwd_core_ensemble,MPI-M-MPI-ESM-LR,MPI-CSC-REMO2009,rcp45,r1i1p1,v1,2040-01-01,2041-12-31,False,False,True,True,True,False,False,True,False,True,False,False,False,,,1.0,165_225_395_180_330_25,prediction_runs,,crop_WW_2041_100_25832_etrs89-utm32n.asc,,DroughtStressThreshold,0.9,1,
253,True,fixed,auto,WW_sfix_hauto,sim_projection_avgyield.json,crop.json,,site.json,False,dwd_core_ensemble,dwd_core_ensemble/csvs_dwd_core_ensemble,MPI-M-MPI-ESM-LR,MPI-CSC-REMO2009,rcp45,r2i1p1,v1,2040-01-01,2041-12-31,False,False,True,True,True,False,False,True,False,True,False,False,False,,,1.0,165_225_395_180_330_25,prediction_runs,,crop_WW_2041_100_25832_etrs89-utm32n.asc,,DroughtStressThreshold,0.9,1,
254,True,fixed,auto,WW_sfix_hauto,sim_projection_avgyield.json,crop.json,,site.json,False,dwd_core_ensemble,dwd_core_ensemble/csvs_dwd_core_ensemble,MPI-M-MPI-ESM-LR,MPI-CSC-REMO2009,rcp85,r2i1p1,v1,2040-01-01,2041-12-31,False,False,True,True,True,False,False,True,False,True,False,False,False,,,1.0,165_225_395_180_330_25,prediction_runs,,crop_WW_2041_100_25832_etrs89-utm32n.asc,,DroughtStressThreshold,0.9,1,
255,True,fixed,auto,WW_sfix_hauto,sim_projection_avgyield.json,crop.json,,site.json,False,dwd_core_ensemble,dwd_core_ensemble/csvs_dwd_core_ensemble,MPI-M-MPI-ESM-LR,UHOH-WRF361H,rcp85,r1i1p1,v1,2040-01-01,2041-12-31,False,False,True,True,True,False,False,True,False,True,False,False,False,,,1.0,165_225_395_180_330_25,prediction_runs,,crop_WW_2041_100_25832_etrs89-utm32n.asc,,DroughtStressThreshold,0.9,1,
256,True,fixed,auto,WW_sfix_hauto,sim_projection_avgyield.json,crop.json,,site.json,False,dwd_core_ensemble,dwd_core_ensemble/csvs_dwd_core_ensemble,CCCma-CanESM2,CLMcom-CCLM4-8-17,rcp85,r1i1p1,v1,2041-01-01,2042-12-31,False,False,True,True,True,False,False,True,False,True,False,False,False,,,1.0,165_225_395_180_330_25,prediction_runs,,crop_WW_2042_100_25832_etrs89-utm32n.asc,,DroughtStressThreshold,0.9,1,
257,True,fixed,auto,WW_sfix_hauto,sim_projection_avgyield.json,crop.json,,site.json,False,dwd_core_ensemble,dwd_core_ensemble/csvs_dwd_core_ensemble,ICHEC-EC-EARTH,CLMcom-CCLM4-8-17,rcp26,r12i1p1,v1,2041-01-01,2042-12-31,False,False,True,True,True,False,False,True,False,True,False,False,False,,,1.0,165_225_395_180_330_25,prediction_runs,,crop_WW_2042_100_25832_etrs89-utm32n.asc,,DroughtStressThreshold,0.9,1,
258,True,fixed,auto,WW_sfix_hauto,sim_projection_avgyield.json,crop.json,,site.json,False,dwd_core_ensemble,dwd_core_ensemble/csvs_dwd_core_ensemble,ICHEC-EC-EARTH,KNMI-RACMO22E,rcp26,r12i1p1,v1,2041-01-01,2042-12-31,False,False,True,True,True,False,False,True,False,True,False,False,False,,,1.0,165_225_395_180_330_25,prediction_runs,,crop_WW_2042_100_25832_etrs89-utm32n.asc,,DroughtStressThreshold,0.9,1,
259,True,fixed,auto,WW_sfix_hauto,sim_projection_avgyield.json,crop.json,,site.json,False,dwd_core_ensemble,dwd_core_ensemble/csvs_dwd_core_ensemble,ICHEC-EC-EARTH,KNMI-RACMO22E,rcp45,r1i1p1,v1,2041-01-01,2042-12-31,False,False,True,True,True,False,False,True,False,True,False,False,False,,,1.0,165_225_395_180_330_25,prediction_runs,,crop_WW_2042_100_25832_etrs89-utm32n.asc,,DroughtStressThreshold,0.9,1,
260,True,fixed,auto,WW_sfix_hauto,sim_projection_avgyield.json,crop.json,,site.json,False,dwd_core_ensemble,dwd_core_ensemble/csvs_dwd_core_ensemble,ICHEC-EC-EARTH,KNMI-RACMO22E,rcp45,r12i1p1,v1,2041-01-01,2042-12-31,False,False,True,True,True,False,False,True,False,True,False,False,False,,,1.0,165_225_395_180_330_25,prediction_runs,,crop_WW_2042_100_25832_etrs89-utm32n.asc,,DroughtStressThreshold,0.9,1,
261,True,fixed,auto,WW_sfix_hauto,sim_projection_avgyield.json,crop.json,,site.json,False,dwd_core_ensemble,dwd_core_ensemble/csvs_dwd_core_ensemble,ICHEC-EC-EARTH,KNMI-RACMO22E,rcp85,r1i1p1,v1,2041-01-01,2042-12-31,False,False,True,True,True,False,False,True,False,True,False,False,False,,,1.0,165_225_395_180_330_25,prediction_runs,,crop_WW_2042_100_25832_etrs89-utm32n.asc,,DroughtStressThreshold,0.9,1,
262,True,fixed,auto,WW_sfix_hauto,sim_projection_avgyield.json,crop.json,,site.json,False,dwd_core_ensemble,dwd_core_ensemble/csvs_dwd_core_ensemble,ICHEC-EC-EARTH,SMHI-RCA4,rcp45,r12i1p1,v1,2041-01-01,2042-12-31,False,False,True,True,True,False,False,True,False,True,False,False,False,,,1.0,165_225_395_180_330_25,prediction_runs,,crop_WW_2042_100_25832_etrs89-utm32n.asc,,DroughtStressThreshold,0.9,1,
263,True,fixed,auto,WW_sfix_hauto,sim_projection_avgyield.json,crop.json,,site.json,False,dwd_core_ensemble,dwd_core_ensemble/csvs_dwd_core_ensemble,MIROC-MIROC5,CLMcom-CCLM4-8-17,rcp26,r1i1p1,v1,2041-01-01,2042-12-31,False,False,True,True,True,False,False,True,False,True,False,False,False,,,1.0,165_225_395_180_330_25,prediction_runs,,crop_WW_2042_100_25832_etrs89-utm32n.asc,,DroughtStressThreshold,0.9,1,
264,True,fixed,auto,WW_sfix_hauto,sim_projection_avgyield.json,crop.json,,site.json,False,dwd_core_ensemble,dwd_core_ensemble/csvs_dwd_core_ensemble,MIROC-MIROC5,GERICS-REMO2015,rcp85,r1i1p1,v1,2041-01-01,2042-12-31,False,False,True,True,True,False,False,True,False,True,False,False,False,,,1.0,165_225_395_180_330_25,prediction_runs,,crop_WW_2042_100_25832_etrs89-utm32n.asc,,DroughtStressThreshold,0.9,1,
265,True,fixed,auto,WW_sfix_hauto,sim_projection_avgyield.json,crop.json,,site.json,False,dwd_core_ensemble,dwd_core_ensemble/csvs_dwd_core_ensemble,MOHC-HadGEM2-ES,CLMcom-CCLM4-8-17,rcp45,r1i1p1,v1,2041-01-01,2042-12-31,False,False,True,True,True,False,False,True,False,True,False,False,False,,,1.0,165_225_395_180_330_25,prediction_runs,,crop_WW_2042_100_25832_etrs89-utm32n.asc,,DroughtStressThreshold,0.9,1,
266,True,fixed,auto,WW_sfix_hauto,sim_projection_avgyield.json,crop.json,,site.json,False,dwd_core_ensemble,dwd_core_ensemble/csvs_dwd_core_ensemble,MOHC-HadGEM2-ES,CLMcom-CCLM4-8-17,rcp85,r1i1p1,v1,2041-01-01,2042-12-31,False,False,True,True,True,False,False,True,False,True,False,False,False,,,1.0,165_225_395_180_330_25,prediction_runs,,crop_WW_2042_100_25832_etrs89-utm32n.asc,,DroughtStressThreshold,0.9,1,
267,True,fixed,auto,WW_sfix_hauto,sim_projection_avgyield.json,crop.json,,site.json,False,dwd_core_ensemble,dwd_core_ensemble/csvs_dwd_core_ensemble,MOHC-HadGEM2-ES,KNMI-RACMO22E,rcp26,r1i1p1,v2,2041-01-01,2042-12-31,False,False,True,True,True,False,False,True,False,True,False,False,False,,,1.0,165_225_395_180_330_25,prediction_runs,,crop_WW_2042_100_25832_etrs89-utm32n.asc,,DroughtStressThreshold,0.9,1,
268,True,fixed,auto,WW_sfix_hauto,sim_projection_avgyield.json,crop.json,,site.json,False,dwd_core_ensemble,dwd_core_ensemble/csvs_dwd_core_ensemble,MPI-M-MPI-ESM-LR,MPI-CSC-REMO2009,rcp26,r2i1p1,v1,2041-01-01,2042-12-31,False,False,True,True,True,False,False,True,False,True,False,False,False,,,1.0,165_225_395_180_330_25,prediction_runs,,crop_WW_2042_100_25832_etrs89-utm32n.asc,,DroughtStressThreshold,0.9,1,
269,True,fixed,auto,WW_sfix_hauto,sim_projection_avgyield.json,crop.json,,site.json,False,dwd_core_ensemble,dwd_core_ensemble/csvs_dwd_core_ensemble,MPI-M-MPI-ESM-LR,MPI-CSC-REMO2009,rcp45,r1i1p1,v1,2041-01-01,2042-12-31,False,False,True,True,True,False,False,True,False,True,False,False,False,,,1.0,165_225_395_180_330_25,prediction_runs,,crop_WW_2042_100_25832_etrs89-utm32n.asc,,DroughtStressThreshold,0.9,1,
270,True,fixed,auto,WW_sfix_hauto,sim_projection_avgyield.json,crop.json,,site.json,False,dwd_core_ensemble,dwd_core_ensemble/csvs_dwd_core_ensemble,MPI-M-MPI-ESM-LR,MPI-CSC-REMO2009,rcp45,r2i1p1,v1,2041-01-01,2042-12-31,False,False,True,True,True,False,False,True,False,True,False,False,False,,,1.0,165_225_395_180_330_25,prediction_runs,,crop_WW_2042_100_25832_etrs89-utm32n.asc,,DroughtStressThreshold,0.9,1,
271,True,fixed,auto,WW_sfix_hauto,sim_projection_avgyield.json,crop.json,,site.json,False,dwd_core_ensemble,dwd_core_ensemble/csvs_dwd_core_ensemble,MPI-M-MPI-ESM-LR,MPI-CSC-REMO2009,rcp85,r2i1p1,v1,2041-01-01,2042-12-31,False,False,True,True,True,False,False,True,False,True,False,False,False,,,1.0,165_225_395_180_330_25,prediction_runs,,crop_WW_2042_100_25832_etrs89-utm32n.asc,,DroughtStressThreshold,0.9,1,
272,True,fixed,auto,WW_sfix_hauto,sim_projection_avgyield.json,crop.json,,site.json,False,dwd_core_ensemble,dwd_core_ensemble/csvs_dwd_core_ensemble,MPI-M-MPI-ESM-LR,UHOH-WRF361H,rcp85,r1i1p1,v1,2041-01-01,2042-12-31,False,False,True,True,True,False,False,True,False,True,False,False,False,,,1.0,165_225_395_180_330_25,prediction_runs,,crop_WW_2042_100_25832_etrs89-utm32n.asc,,DroughtStressThreshold,0.9,1,
273,True,fixed,auto,WW_sfix_hauto,sim_projection_avgyield.json,crop.json,,site.json,False,dwd_core_ensemble,dwd_core_ensemble/csvs_dwd_core_ensemble,CCCma-CanESM2,CLMcom-CCLM4-8-17,rcp85,r1i1p1,v1,2042-01-01,2043-12-31,False,False,True,True,True,False,False,True,False,True,False,False,False,,,1.0,165_225_395_180_330_25,prediction_runs,,crop_WW_2043_100_25832_etrs89-utm32n.asc,,DroughtStressThreshold,0.9,1,
274,True,fixed,auto,WW_sfix_hauto,sim_projection_avgyield.json,crop.json,,site.json,False,dwd_core_ensemble,dwd_core_ensemble/csvs_dwd_core_ensemble,ICHEC-EC-EARTH,CLMcom-CCLM4-8-17,rcp26,r12i1p1,v1,2042-01-01,2043-12-31,False,False,True,True,True,False,False,True,False,True,False,False,False,,,1.0,165_225_395_180_330_25,prediction_runs,,crop_WW_2043_100_25832_etrs89-utm32n.asc,,DroughtStressThreshold,0.9,1,
275,True,fixed,auto,WW_sfix_hauto,sim_projection_avgyield.json,crop.json,,site.json,False,dwd_core_ensemble,dwd_core_ensemble/csvs_dwd_core_ensemble,ICHEC-EC-EARTH,KNMI-RACMO22E,rcp26,r12i1p1,v1,2042-01-01,2043-12-31,False,False,True,True,True,False,False,True,False,True,False,False,False,,,1.0,165_225_395_180_330_25,prediction_runs,,crop_WW_2043_100_25832_etrs89-utm32n.asc,,DroughtStressThreshold,0.9,1,
276,True,fixed,auto,WW_sfix_hauto,sim_projection_avgyield.json,crop.json,,site.json,False,dwd_core_ensemble,dwd_core_ensemble/csvs_dwd_core_ensemble,ICHEC-EC-EARTH,KNMI-RACMO22E,rcp45,r1i1p1,v1,2042-01-01,2043-12-31,False,False,True,True,True,False,False,True,False,True,False,False,False,,,1.0,165_225_395_180_330_25,prediction_runs,,crop_WW_2043_100_25832_etrs89-utm32n.asc,,DroughtStressThreshold,0.9,1,
277,True,fixed,auto,WW_sfix_hauto,sim_projection_avgyield.json,crop.json,,site.json,False,dwd_core_ensemble,dwd_core_ensemble/csvs_dwd_core_ensemble,ICHEC-EC-EARTH,KNMI-RACMO22E,rcp45,r12i1p1,v1,2042-01-01,2043-12-31,False,False,True,True,True,False,False,True,False,True,False,False,False,,,1.0,165_225_395_180_330_25,prediction_runs,,crop_WW_2043_100_25832_etrs89-utm32n.asc,,DroughtStressThreshold,0.9,1,
278,True,fixed,auto,WW_sfix_hauto,sim_projection_avgyield.json,crop.json,,site.json,False,dwd_core_ensemble,dwd_core_ensemble/csvs_dwd_core_ensemble,ICHEC-EC-EARTH,KNMI-RACMO22E,rcp85,r1i1p1,v1,2042-01-01,2043-12-31,False,False,True,True,True,False,False,True,False,True,False,False,False,,,1.0,165_225_395_180_330_25,prediction_runs,,crop_WW_2043_100_25832_etrs89-utm32n.asc,,DroughtStressThreshold,0.9,1,
279,True,fixed,auto,WW_sfix_hauto,sim_projection_avgyield.json,crop.json,,site.json,False,dwd_core_ensemble,dwd_core_ensemble/csvs_dwd_core_ensemble,ICHEC-EC-EARTH,SMHI-RCA4,rcp45,r12i1p1,v1,2042-01-01,2043-12-31,False,False,True,True,True,False,False,True,False,True,False,False,False,,,1.0,165_225_395_180_330_25,prediction_runs,,crop_WW_2043_100_25832_etrs89-utm32n.asc,,DroughtStressThreshold,0.9,1,
280,True,fixed,auto,WW_sfix_hauto,sim_projection_avgyield.json,crop.json,,site.json,False,dwd_core_ensemble,dwd_core_ensemble/csvs_dwd_core_ensemble,MIROC-MIROC5,CLMcom-CCLM4-8-17,rcp26,r1i1p1,v1,2042-01-01,2043-12-31,False,False,True,True,True,False,False,True,False,True,False,False,False,,,1.0,165_225_395_180_330_25,prediction_runs,,crop_WW_2043_100_25832_etrs89-utm32n.asc,,DroughtStressThreshold,0.9,1,
281,True,fixed,auto,WW_sfix_hauto,sim_projection_avgyield.json,crop.json,,site.json,False,dwd_core_ensemble,dwd_core_ensemble/csvs_dwd_core_ensemble,MIROC-MIROC5,GERICS-REMO2015,rcp85,r1i1p1,v1,2042-01-01,2043-12-31,False,False,True,True,True,False,False,True,False,True,False,False,False,,,1.0,165_225_395_180_330_25,prediction_runs,,crop_WW_2043_100_25832_etrs89-utm32n.asc,,DroughtStressThreshold,0.9,1,
282,True,fixed,auto,WW_sfix_hauto,sim_projection_avgyield.json,crop.json,,site.json,False,dwd_core_ensemble,dwd_core_ensemble/csvs_dwd_core_ensemble,MOHC-HadGEM2-ES,CLMcom-CCLM4-8-17,rcp45,r1i1p1,v1,2042-01-01,2043-12-31,False,False,True,True,True,False,False,True,False,True,False,False,False,,,1.0,165_225_395_180_330_25,prediction_runs,,crop_WW_2043_100_25832_etrs89-utm32n.asc,,DroughtStressThreshold,0.9,1,
283,True,fixed,auto,WW_sfix_hauto,sim_projection_avgyield.json,crop.json,,site.json,False,dwd_core_ensemble,dwd_core_ensemble/csvs_dwd_core_ensemble,MOHC-HadGEM2-ES,CLMcom-CCLM4-8-17,rcp85,r1i1p1,v1,2042-01-01,2043-12-31,False,False,True,True,True,False,False,True,False,True,False,False,False,,,1.0,165_225_395_180_330_25,prediction_runs,,crop_WW_2043_100_25832_etrs89-utm32n.asc,,DroughtStressThreshold,0.9,1,
284,True,fixed,auto,WW_sfix_hauto,sim_projection_avgyield.json,crop.json,,site.json,False,dwd_core_ensemble,dwd_core_ensemble/csvs_dwd_core_ensemble,MOHC-HadGEM2-ES,KNMI-RACMO22E,rcp26,r1i1p1,v2,2042-01-01,2043-12-31,False,False,True,True,True,False,False,True,False,True,False,False,False,,,1.0,165_225_395_180_330_25,prediction_runs,,crop_WW_2043_100_25832_etrs89-utm32n.asc,,DroughtStressThreshold,0.9,1,
285,True,fixed,auto,WW_sfix_hauto,sim_projection_avgyield.json,crop.json,,site.json,False,dwd_core_ensemble,dwd_core_ensemble/csvs_dwd_core_ensemble,MPI-M-MPI-ESM-LR,MPI-CSC-REMO2009,rcp26,r2i1p1,v1,2042-01-01,2043-12-31,False,False,True,True,True,False,False,True,False,True,False,False,False,,,1.0,165_225_395_180_330_25,prediction_runs,,crop_WW_2043_100_25832_etrs89-utm32n.asc,,DroughtStressThreshold,0.9,1,
286,True,fixed,auto,WW_sfix_hauto,sim_projection_avgyield.json,crop.json,,site.json,False,dwd_core_ensemble,dwd_core_ensemble/csvs_dwd_core_ensemble,MPI-M-MPI-ESM-LR,MPI-CSC-REMO2009,rcp45,r1i1p1,v1,2042-01-01,2043-12-31,False,False,True,True,True,False,False,True,False,True,False,False,False,,,1.0,165_225_395_180_330_25,prediction_runs,,crop_WW_2043_100_25832_etrs89-utm32n.asc,,DroughtStressThreshold,0.9,1,
287,True,fixed,auto,WW_sfix_hauto,sim_projection_avgyield.json,crop.json,,site.json,False,dwd_core_ensemble,dwd_core_ensemble/csvs_dwd_core_ensemble,MPI-M-MPI-ESM-LR,MPI-CSC-REMO2009,rcp45,r2i1p1,v1,2042-01-01,2043-12-31,False,False,True,True,True,False,False,True,False,True,False,False,False,,,1.0,165_225_395_180_330_25,prediction_runs,,crop_WW_2043_100_25832_etrs89-utm32n.asc,,DroughtStressThreshold,0.9,1,
288,True,fixed,auto,WW_sfix_hauto,sim_projection_avgyield.json,crop.json,,site.json,False,dwd_core_ensemble,dwd_core_ensemble/csvs_dwd_core_ensemble,MPI-M-MPI-ESM-LR,MPI-CSC-REMO2009,rcp85,r2i1p1,v1,2042-01-01,2043-12-31,False,False,True,True,True,False,False,True,False,True,False,False,False,,,1.0,165_225_395_180_330_25,prediction_runs,,crop_WW_2043_100_25832_etrs89-utm32n.asc,,DroughtStressThreshold,0.9,1,
289,True,fixed,auto,WW_sfix_hauto,sim_projection_avgyield.json,crop.json,,site.json,False,dwd_core_ensemble,dwd_core_ensemble/csvs_dwd_core_ensemble,MPI-M-MPI-ESM-LR,UHOH-WRF361H,rcp85,r1i1p1,v1,2042-01-01,2043-12-31,False,False,True,True,True,False,False,True,False,True,False,False,False,,,1.0,165_225_395_180_330_25,prediction_runs,,crop_WW_2043_100_25832_etrs89-utm32n.asc,,DroughtStressThreshold,0.9,1,
290,True,fixed,auto,WW_sfix_hauto,sim_projection_avgyield.json,crop.json,,site.json,False,dwd_core_ensemble,dwd_core_ensemble/csvs_dwd_core_ensemble,CCCma-CanESM2,CLMcom-CCLM4-8-17,rcp85,r1i1p1,v1,2043-01-01,2044-12-31,False,False,True,True,True,False,False,True,False,True,False,False,False,,,1.0,165_225_395_180_330_25,prediction_runs,,crop_WW_2044_100_25832_etrs89-utm32n.asc,,DroughtStressThreshold,0.9,1,
291,True,fixed,auto,WW_sfix_hauto,sim_projection_avgyield.json,crop.json,,site.json,False,dwd_core_ensemble,dwd_core_ensemble/csvs_dwd_core_ensemble,ICHEC-EC-EARTH,CLMcom-CCLM4-8-17,rcp26,r12i1p1,v1,2043-01-01,2044-12-31,False,False,True,True,True,False,False,True,False,True,False,False,False,,,1.0,165_225_395_180_330_25,prediction_runs,,crop_WW_2044_100_25832_etrs89-utm32n.asc,,DroughtStressThreshold,0.9,1,
292,True,fixed,auto,WW_sfix_hauto,sim_projection_avgyield.json,crop.json,,site.json,False,dwd_core_ensemble,dwd_core_ensemble/csvs_dwd_core_ensemble,ICHEC-EC-EARTH,KNMI-RACMO22E,rcp26,r12i1p1,v1,2043-01-01,2044-12-31,False,False,True,True,True,False,False,True,False,True,False,False,False,,,1.0,165_225_395_180_330_25,prediction_runs,,crop_WW_2044_100_25832_etrs89-utm32n.asc,,DroughtStressThreshold,0.9,1,
293,True,fixed,auto,WW_sfix_hauto,sim_projection_avgyield.json,crop.json,,site.json,False,dwd_core_ensemble,dwd_core_ensemble/csvs_dwd_core_ensemble,ICHEC-EC-EARTH,KNMI-RACMO22E,rcp45,r1i1p1,v1,2043-01-01,2044-12-31,False,False,True,True,True,False,False,True,False,True,False,False,False,,,1.0,165_225_395_180_330_25,prediction_runs,,crop_WW_2044_100_25832_etrs89-utm32n.asc,,DroughtStressThreshold,0.9,1,
294,True,fixed,auto,WW_sfix_hauto,sim_projection_avgyield.json,crop.json,,site.json,False,dwd_core_ensemble,dwd_core_ensemble/csvs_dwd_core_ensemble,ICHEC-EC-EARTH,KNMI-RACMO22E,rcp45,r12i1p1,v1,2043-01-01,2044-12-31,False,False,True,True,True,False,False,True,False,True,False,False,False,,,1.0,165_225_395_180_330_25,prediction_runs,,crop_WW_2044_100_25832_etrs89-utm32n.asc,,DroughtStressThreshold,0.9,1,
295,True,fixed,auto,WW_sfix_hauto,sim_projection_avgyield.json,crop.json,,site.json,False,dwd_core_ensemble,dwd_core_ensemble/csvs_dwd_core_ensemble,ICHEC-EC-EARTH,KNMI-RACMO22E,rcp85,r1i1p1,v1,2043-01-01,2044-12-31,False,False,True,True,True,False,False,True,False,True,False,False,False,,,1.0,165_225_395_180_330_25,prediction_runs,,crop_WW_2044_100_25832_etrs89-utm32n.asc,,DroughtStressThreshold,0.9,1,
296,True,fixed,auto,WW_sfix_hauto,sim_projection_avgyield.json,crop.json,,site.json,False,dwd_core_ensemble,dwd_core_ensemble/csvs_dwd_core_ensemble,ICHEC-EC-EARTH,SMHI-RCA4,rcp45,r12i1p1,v1,2043-01-01,2044-12-31,False,False,True,True,True,False,False,True,False,True,False,False,False,,,1.0,165_225_395_180_330_25,prediction_runs,,crop_WW_2044_100_25832_etrs89-utm32n.asc,,DroughtStressThreshold,0.9,1,
297,True,fixed,auto,WW_sfix_hauto,sim_projection_avgyield.json,crop.json,,site.json,False,dwd_core_ensemble,dwd_core_ensemble/csvs_dwd_core_ensemble,MIROC-MIROC5,CLMcom-CCLM4-8-17,rcp26,r1i1p1,v1,2043-01-01,2044-12-31,False,False,True,True,True,False,False,True,False,True,False,False,False,,,1.0,165_225_395_180_330_25,prediction_runs,,crop_WW_2044_100_25832_etrs89-utm32n.asc,,DroughtStressThreshold,0.9,1,
298,True,fixed,auto,WW_sfix_hauto,sim_projection_avgyield.json,crop.json,,site.json,False,dwd_core_ensemble,dwd_core_ensemble/csvs_dwd_core_ensemble,MIROC-MIROC5,GERICS-REMO2015,rcp85,r1i1p1,v1,2043-01-01,2044-12-31,False,False,True,True,True,False,False,True,False,True,False,False,False,,,1.0,165_225_395_180_330_25,prediction_runs,,crop_WW_2044_100_25832_etrs89-utm32n.asc,,DroughtStressThreshold,0.9,1,
299,True,fixed,auto,WW_sfix_hauto,sim_projection_avgyield.json,crop.json,,site.json,False,dwd_core_ensemble,dwd_core_ensemble/csvs_dwd_core_ensemble,MOHC-HadGEM2-ES,CLMcom-CCLM4-8-17,rcp45,r1i1p1,v1,2043-01-01,2044-12-31,False,False,True,True,True,False,False,True,False,True,False,False,False,,,1.0,165_225_395_180_330_25,prediction_runs,,crop_WW_2044_100_25832_etrs89-utm32n.asc,,DroughtStressThreshold,0.9,1,
300,True,fixed,auto,WW_sfix_hauto,sim_projection_avgyield.json,crop.json,,site.json,False,dwd_core_ensemble,dwd_core_ensemble/csvs_dwd_core_ensemble,MOHC-HadGEM2-ES,CLMcom-CCLM4-8-17,rcp85,r1i1p1,v1,2043-01-01,2044-12-31,False,False,True,True,True,False,False,True,False,True,False,False,False,,,1.0,165_225_395_180_330_25,prediction_runs,,crop_WW_2044_100_25832_etrs89-utm32n.asc,,DroughtStressThreshold,0.9,1,
301,True,fixed,auto,WW_sfix_hauto,sim_projection_avgyield.json,crop.json,,site.json,False,dwd_core_ensemble,dwd_core_ensemble/csvs_dwd_core_ensemble,MOHC-HadGEM2-ES,KNMI-RACMO22E,rcp26,r1i1p1,v2,2043-01-01,2044-12-31,False,False,True,True,True,False,False,True,False,True,False,False,False,,,1.0,165_225_395_180_330_25,prediction_runs,,crop_WW_2044_100_25832_etrs89-utm32n.asc,,DroughtStressThreshold,0.9,1,
302,True,fixed,auto,WW_sfix_hauto,sim_projection_avgyield.json,crop.json,,site.json,False,dwd_core_ensemble,dwd_core_ensemble/csvs_dwd_core_ensemble,MPI-M-MPI-ESM-LR,MPI-CSC-REMO2009,rcp26,r2i1p1,v1,2043-01-01,2044-12-31,False,False,True,True,True,False,False,True,False,True,False,False,False,,,1.0,165_225_395_180_330_25,prediction_runs,,crop_WW_2044_100_25832_etrs89-utm32n.asc,,DroughtStressThreshold,0.9,1,
303,True,fixed,auto,WW_sfix_hauto,sim_projection_avgyield.json,crop.json,,site.json,False,dwd_core_ensemble,dwd_core_ensemble/csvs_dwd_core_ensemble,MPI-M-MPI-ESM-LR,MPI-CSC-REMO2009,rcp45,r1i1p1,v1,2043-01-01,2044-12-31,False,False,True,True,True,False,False,True,False,True,False,False,False,,,1.0,165_225_395_180_330_25,prediction_runs,,crop_WW_2044_100_25832_etrs89-utm32n.asc,,DroughtStressThreshold,0.9,1,
304,True,fixed,auto,WW_sfix_hauto,sim_projection_avgyield.json,crop.json,,site.json,False,dwd_core_ensemble,dwd_core_ensemble/csvs_dwd_core_ensemble,MPI-M-MPI-ESM-LR,MPI-CSC-REMO2009,rcp45,r2i1p1,v1,2043-01-01,2044-12-31,False,False,True,True,True,False,False,True,False,True,False,False,False,,,1.0,165_225_395_180_330_25,prediction_runs,,crop_WW_2044_100_25832_etrs89-utm32n.asc,,DroughtStressThreshold,0.9,1,
305,True,fixed,auto,WW_sfix_hauto,sim_projection_avgyield.json,crop.json,,site.json,False,dwd_core_ensemble,dwd_core_ensemble/csvs_dwd_core_ensemble,MPI-M-MPI-ESM-LR,MPI-CSC-REMO2009,rcp85,r2i1p1,v1,2043-01-01,2044-12-31,False,False,True,True,True,False,False,True,False,True,False,False,False,,,1.0,165_225_395_180_330_25,prediction_runs,,crop_WW_2044_100_25832_etrs89-utm32n.asc,,DroughtStressThreshold,0.9,1,
306,True,fixed,auto,WW_sfix_hauto,sim_projection_avgyield.json,crop.json,,site.json,False,dwd_core_ensemble,dwd_core_ensemble/csvs_dwd_core_ensemble,MPI-M-MPI-ESM-LR,UHOH-WRF361H,rcp85,r1i1p1,v1,2043-01-01,2044-12-31,False,False,True,True,True,False,False,True,False,True,False,False,False,,,1.0,165_225_395_180_330_25,prediction_runs,,crop_WW_2044_100_25832_etrs89-utm32n.asc,,DroughtStressThreshold,0.9,1,
307,True,fixed,auto,WW_sfix_hauto,sim_projection_avgyield.json,crop.json,,site.json,False,dwd_core_ensemble,dwd_core_ensemble/csvs_dwd_core_ensemble,CCCma-CanESM2,CLMcom-CCLM4-8-17,rcp85,r1i1p1,v1,2044-01-01,2045-12-31,False,False,True,True,True,False,False,True,False,True,False,False,False,,,1.0,165_225_395_180_330_25,prediction_runs,,crop_WW_2045_100_25832_etrs89-utm32n.asc,,DroughtStressThreshold,0.9,1,
308,True,fixed,auto,WW_sfix_hauto,sim_projection_avgyield.json,crop.json,,site.json,False,dwd_core_ensemble,dwd_core_ensemble/csvs_dwd_core_ensemble,ICHEC-EC-EARTH,CLMcom-CCLM4-8-17,rcp26,r12i1p1,v1,2044-01-01,2045-12-31,False,False,True,True,True,False,False,True,False,True,False,False,False,,,1.0,165_225_395_180_330_25,prediction_runs,,crop_WW_2045_100_25832_etrs89-utm32n.asc,,DroughtStressThreshold,0.9,1,
309,True,fixed,auto,WW_sfix_hauto,sim_projection_avgyield.json,crop.json,,site.json,False,dwd_core_ensemble,dwd_core_ensemble/csvs_dwd_core_ensemble,ICHEC-EC-EARTH,KNMI-RACMO22E,rcp26,r12i1p1,v1,2044-01-01,2045-12-31,False,False,True,True,True,False,False,True,False,True,False,False,False,,,1.0,165_225_395_180_330_25,prediction_runs,,crop_WW_2045_100_25832_etrs89-utm32n.asc,,DroughtStressThreshold,0.9,1,
310,True,fixed,auto,WW_sfix_hauto,sim_projection_avgyield.json,crop.json,,site.json,False,dwd_core_ensemble,dwd_core_ensemble/csvs_dwd_core_ensemble,ICHEC-EC-EARTH,KNMI-RACMO22E,rcp45,r1i1p1,v1,2044-01-01,2045-12-31,False,False,True,True,True,False,False,True,False,True,False,False,False,,,1.0,165_225_395_180_330_25,prediction_runs,,crop_WW_2045_100_25832_etrs89-utm32n.asc,,DroughtStressThreshold,0.9,1,
311,True,fixed,auto,WW_sfix_hauto,sim_projection_avgyield.json,crop.json,,site.json,False,dwd_core_ensemble,dwd_core_ensemble/csvs_dwd_core_ensemble,ICHEC-EC-EARTH,KNMI-RACMO22E,rcp45,r12i1p1,v1,2044-01-01,2045-12-31,False,False,True,True,True,False,False,True,False,True,False,False,False,,,1.0,165_225_395_180_330_25,prediction_runs,,crop_WW_2045_100_25832_etrs89-utm32n.asc,,DroughtStressThreshold,0.9,1,
312,True,fixed,auto,WW_sfix_hauto,sim_projection_avgyield.json,crop.json,,site.json,False,dwd_core_ensemble,dwd_core_ensemble/csvs_dwd_core_ensemble,ICHEC-EC-EARTH,KNMI-RACMO22E,rcp85,r1i1p1,v1,2044-01-01,2045-12-31,False,False,True,True,True,False,False,True,False,True,False,False,False,,,1.0,165_225_395_180_330_25,prediction_runs,,crop_WW_2045_100_25832_etrs89-utm32n.asc,,DroughtStressThreshold,0.9,1,
313,True,fixed,auto,WW_sfix_hauto,sim_projection_avgyield.json,crop.json,,site.json,False,dwd_core_ensemble,dwd_core_ensemble/csvs_dwd_core_ensemble,ICHEC-EC-EARTH,SMHI-RCA4,rcp45,r12i1p1,v1,2044-01-01,2045-12-31,False,False,True,True,True,False,False,True,False,True,False,False,False,,,1.0,165_225_395_180_330_25,prediction_runs,,crop_WW_2045_100_25832_etrs89-utm32n.asc,,DroughtStressThreshold,0.9,1,
314,True,fixed,auto,WW_sfix_hauto,sim_projection_avgyield.json,crop.json,,site.json,False,dwd_core_ensemble,dwd_core_ensemble/csvs_dwd_core_ensemble,MIROC-MIROC5,CLMcom-CCLM4-8-17,rcp26,r1i1p1,v1,2044-01-01,2045-12-31,False,False,True,True,True,False,False,True,False,True,False,False,False,,,1.0,165_225_395_180_330_25,prediction_runs,,crop_WW_2045_100_25832_etrs89-utm32n.asc,,DroughtStressThreshold,0.9,1,
315,True,fixed,auto,WW_sfix_hauto,sim_projection_avgyield.json,crop.json,,site.json,False,dwd_core_ensemble,dwd_core_ensemble/csvs_dwd_core_ensemble,MIROC-MIROC5,GERICS-REMO2015,rcp85,r1i1p1,v1,2044-01-01,2045-12-31,False,False,True,True,True,False,False,True,False,True,False,False,False,,,1.0,165_225_395_180_330_25,prediction_runs,,crop_WW_2045_100_25832_etrs89-utm32n.asc,,DroughtStressThreshold,0.9,1,
316,True,fixed,auto,WW_sfix_hauto,sim_projection_avgyield.json,crop.json,,site.json,False,dwd_core_ensemble,dwd_core_ensemble/csvs_dwd_core_ensemble,MOHC-HadGEM2-ES,CLMcom-CCLM4-8-17,rcp45,r1i1p1,v1,2044-01-01,2045-12-31,False,False,True,True,True,False,False,True,False,True,False,False,False,,,1.0,165_225_395_180_330_25,prediction_runs,,crop_WW_2045_100_25832_etrs89-utm32n.asc,,DroughtStressThreshold,0.9,1,
317,True,fixed,auto,WW_sfix_hauto,sim_projection_avgyield.json,crop.json,,site.json,False,dwd_core_ensemble,dwd_core_ensemble/csvs_dwd_core_ensemble,MOHC-HadGEM2-ES,CLMcom-CCLM4-8-17,rcp85,r1i1p1,v1,2044-01-01,2045-12-31,False,False,True,True,True,False,False,True,False,True,False,False,False,,,1.0,165_225_395_180_330_25,prediction_runs,,crop_WW_2045_100_25832_etrs89-utm32n.asc,,DroughtStressThreshold,0.9,1,
318,True,fixed,auto,WW_sfix_hauto,sim_projection_avgyield.json,crop.json,,site.json,False,dwd_core_ensemble,dwd_core_ensemble/csvs_dwd_core_ensemble,MOHC-HadGEM2-ES,KNMI-RACMO22E,rcp26,r1i1p1,v2,2044-01-01,2045-12-31,False,False,True,True,True,False,False,True,False,True,False,False,False,,,1.0,165_225_395_180_330_25,prediction_runs,,crop_WW_2045_100_25832_etrs89-utm32n.asc,,DroughtStressThreshold,0.9,1,
319,True,fixed,auto,WW_sfix_hauto,sim_projection_avgyield.json,crop.json,,site.json,False,dwd_core_ensemble,dwd_core_ensemble/csvs_dwd_core_ensemble,MPI-M-MPI-ESM-LR,MPI-CSC-REMO2009,rcp26,r2i1p1,v1,2044-01-01,2045-12-31,False,False,True,True,True,False,False,True,False,True,False,False,False,,,1.0,165_225_395_180_330_25,prediction_runs,,crop_WW_2045_100_25832_etrs89-utm32n.asc,,DroughtStressThreshold,0.9,1,
320,True,fixed,auto,WW_sfix_hauto,sim_projection_avgyield.json,crop.json,,site.json,False,dwd_core_ensemble,dwd_core_ensemble/csvs_dwd_core_ensemble,MPI-M-MPI-ESM-LR,MPI-CSC-REMO2009,rcp45,r1i1p1,v1,2044-01-01,2045-12-31,False,False,True,True,True,False,False,True,False,True,False,False,False,,,1.0,165_225_395_180_330_25,prediction_runs,,crop_WW_2045_100_25832_etrs89-utm32n.asc,,DroughtStressThreshold,0.9,1,
321,True,fixed,auto,WW_sfix_hauto,sim_projection_avgyield.json,crop.json,,site.json,False,dwd_core_ensemble,dwd_core_ensemble/csvs_dwd_core_ensemble,MPI-M-MPI-ESM-LR,MPI-CSC-REMO2009,rcp45,r2i1p1,v1,2044-01-01,2045-12-31,False,False,True,True,True,False,False,True,False,True,False,False,False,,,1.0,165_225_395_180_330_25,prediction_runs,,crop_WW_2045_100_25832_etrs89-utm32n.asc,,DroughtStressThreshold,0.9,1,
322,True,fixed,auto,WW_sfix_hauto,sim_projection_avgyield.json,crop.json,,site.json,False,dwd_core_ensemble,dwd_core_ensemble/csvs_dwd_core_ensemble,MPI-M-MPI-ESM-LR,MPI-CSC-REMO2009,rcp85,r2i1p1,v1,2044-01-01,2045-12-31,False,False,True,True,True,False,False,True,False,True,False,False,False,,,1.0,165_225_395_180_330_25,prediction_runs,,crop_WW_2045_100_25832_etrs89-utm32n.asc,,DroughtStressThreshold,0.9,1,
323,True,fixed,auto,WW_sfix_hauto,sim_projection_avgyield.json,crop.json,,site.json,False,dwd_core_ensemble,dwd_core_ensemble/csvs_dwd_core_ensemble,MPI-M-MPI-ESM-LR,UHOH-WRF361H,rcp85,r1i1p1,v1,2044-01-01,2045-12-31,False,False,True,True,True,False,False,True,False,True,False,False,False,,,1.0,165_225_395_180_330_25,prediction_runs,,crop_WW_2045_100_25832_etrs89-utm32n.asc,,DroughtStressThreshold,0.9,1,
324,True,fixed,auto,WW_sfix_hauto,sim_projection_avgyield.json,crop.json,,site.json,False,dwd_core_ensemble,dwd_core_ensemble/csvs_dwd_core_ensemble,CCCma-CanESM2,CLMcom-CCLM4-8-17,rcp85,r1i1p1,v1,2045-01-01,2046-12-31,False,False,True,True,True,False,False,True,False,True,False,False,False,,,1.0,165_225_395_180_330_25,prediction_runs,,crop_WW_2046_100_25832_etrs89-utm32n.asc,,DroughtStressThreshold,0.9,1,
325,True,fixed,auto,WW_sfix_hauto,sim_projection_avgyield.json,crop.json,,site.json,False,dwd_core_ensemble,dwd_core_ensemble/csvs_dwd_core_ensemble,ICHEC-EC-EARTH,CLMcom-CCLM4-8-17,rcp26,r12i1p1,v1,2045-01-01,2046-12-31,False,False,True,True,True,False,False,True,False,True,False,False,False,,,1.0,165_225_395_180_330_25,prediction_runs,,crop_WW_2046_100_25832_etrs89-utm32n.asc,,DroughtStressThreshold,0.9,1,
326,True,fixed,auto,WW_sfix_hauto,sim_projection_avgyield.json,crop.json,,site.json,False,dwd_core_ensemble,dwd_core_ensemble/csvs_dwd_core_ensemble,ICHEC-EC-EARTH,KNMI-RACMO22E,rcp26,r12i1p1,v1,2045-01-01,2046-12-31,False,False,True,True,True,False,False,True,False,True,False,False,False,,,1.0,165_225_395_180_330_25,prediction_runs,,crop_WW_2046_100_25832_etrs89-utm32n.asc,,DroughtStressThreshold,0.9,1,
327,True,fixed,auto,WW_sfix_hauto,sim_projection_avgyield.json,crop.json,,site.json,False,dwd_core_ensemble,dwd_core_ensemble/csvs_dwd_core_ensemble,ICHEC-EC-EARTH,KNMI-RACMO22E,rcp45,r1i1p1,v1,2045-01-01,2046-12-31,False,False,True,True,True,False,False,True,False,True,False,False,False,,,1.0,165_225_395_180_330_25,prediction_runs,,crop_WW_2046_100_25832_etrs89-utm32n.asc,,DroughtStressThreshold,0.9,1,
328,True,fixed,auto,WW_sfix_hauto,sim_projection_avgyield.json,crop.json,,site.json,False,dwd_core_ensemble,dwd_core_ensemble/csvs_dwd_core_ensemble,ICHEC-EC-EARTH,KNMI-RACMO22E,rcp45,r12i1p1,v1,2045-01-01,2046-12-31,False,False,True,True,True,False,False,True,False,True,False,False,False,,,1.0,165_225_395_180_330_25,prediction_runs,,crop_WW_2046_100_25832_etrs89-utm32n.asc,,DroughtStressThreshold,0.9,1,
329,True,fixed,auto,WW_sfix_hauto,sim_projection_avgyield.json,crop.json,,site.json,False,dwd_core_ensemble,dwd_core_ensemble/csvs_dwd_core_ensemble,ICHEC-EC-EARTH,KNMI-RACMO22E,rcp85,r1i1p1,v1,2045-01-01,2046-12-31,False,False,True,True,True,False,False,True,False,True,False,False,False,,,1.0,165_225_395_180_330_25,prediction_runs,,crop_WW_2046_100_25832_etrs89-utm32n.asc,,DroughtStressThreshold,0.9,1,
330,True,fixed,auto,WW_sfix_hauto,sim_projection_avgyield.json,crop.json,,site.json,False,dwd_core_ensemble,dwd_core_ensemble/csvs_dwd_core_ensemble,ICHEC-EC-EARTH,SMHI-RCA4,rcp45,r12i1p1,v1,2045-01-01,2046-12-31,False,False,True,True,True,False,False,True,False,True,False,False,False,,,1.0,165_225_395_180_330_25,prediction_runs,,crop_WW_2046_100_25832_etrs89-utm32n.asc,,DroughtStressThreshold,0.9,1,
331,True,fixed,auto,WW_sfix_hauto,sim_projection_avgyield.json,crop.json,,site.json,False,dwd_core_ensemble,dwd_core_ensemble/csvs_dwd_core_ensemble,MIROC-MIROC5,CLMcom-CCLM4-8-17,rcp26,r1i1p1,v1,2045-01-01,2046-12-31,False,False,True,True,True,False,False,True,False,True,False,False,False,,,1.0,165_225_395_180_330_25,prediction_runs,,crop_WW_2046_100_25832_etrs89-utm32n.asc,,DroughtStressThreshold,0.9,1,
332,True,fixed,auto,WW_sfix_hauto,sim_projection_avgyield.json,crop.json,,site.json,False,dwd_core_ensemble,dwd_core_ensemble/csvs_dwd_core_ensemble,MIROC-MIROC5,GERICS-REMO2015,rcp85,r1i1p1,v1,2045-01-01,2046-12-31,False,False,True,True,True,False,False,True,False,True,False,False,False,,,1.0,165_225_395_180_330_25,prediction_runs,,crop_WW_2046_100_25832_etrs89-utm32n.asc,,DroughtStressThreshold,0.9,1,
333,True,fixed,auto,WW_sfix_hauto,sim_projection_avgyield.json,crop.json,,site.json,False,dwd_core_ensemble,dwd_core_ensemble/csvs_dwd_core_ensemble,MOHC-HadGEM2-ES,CLMcom-CCLM4-8-17,rcp45,r1i1p1,v1,2045-01-01,2046-12-31,False,False,True,True,True,False,False,True,False,True,False,False,False,,,1.0,165_225_395_180_330_25,prediction_runs,,crop_WW_2046_100_25832_etrs89-utm32n.asc,,DroughtStressThreshold,0.9,1,
334,True,fixed,auto,WW_sfix_hauto,sim_projection_avgyield.json,crop.json,,site.json,False,dwd_core_ensemble,dwd_core_ensemble/csvs_dwd_core_ensemble,MOHC-HadGEM2-ES,CLMcom-CCLM4-8-17,rcp85,r1i1p1,v1,2045-01-01,2046-12-31,False,False,True,True,True,False,False,True,False,True,False,False,False,,,1.0,165_225_395_180_330_25,prediction_runs,,crop_WW_2046_100_25832_etrs89-utm32n.asc,,DroughtStressThreshold,0.9,1,
335,True,fixed,auto,WW_sfix_hauto,sim_projection_avgyield.json,crop.json,,site.json,False,dwd_core_ensemble,dwd_core_ensemble/csvs_dwd_core_ensemble,MOHC-HadGEM2-ES,KNMI-RACMO22E,rcp26,r1i1p1,v2,2045-01-01,2046-12-31,False,False,True,True,True,False,False,True,False,True,False,False,False,,,1.0,165_225_395_180_330_25,prediction_runs,,crop_WW_2046_100_25832_etrs89-utm32n.asc,,DroughtStressThreshold,0.9,1,
336,True,fixed,auto,WW_sfix_hauto,sim_projection_avgyield.json,crop.json,,site.json,False,dwd_core_ensemble,dwd_core_ensemble/csvs_dwd_core_ensemble,MPI-M-MPI-ESM-LR,MPI-CSC-REMO2009,rcp26,r2i1p1,v1,2045-01-01,2046-12-31,False,False,True,True,True,False,False,True,False,True,False,False,False,,,1.0,165_225_395_180_330_25,prediction_runs,,crop_WW_2046_100_25832_etrs89-utm32n.asc,,DroughtStressThreshold,0.9,1,
337,True,fixed,auto,WW_sfix_hauto,sim_projection_avgyield.json,crop.json,,site.json,False,dwd_core_ensemble,dwd_core_ensemble/csvs_dwd_core_ensemble,MPI-M-MPI-ESM-LR,MPI-CSC-REMO2009,rcp45,r1i1p1,v1,2045-01-01,2046-12-31,False,False,True,True,True,False,False,True,False,True,False,False,False,,,1.0,165_225_395_180_330_25,prediction_runs,,crop_WW_2046_100_25832_etrs89-utm32n.asc,,DroughtStressThreshold,0.9,1,
338,True,fixed,auto,WW_sfix_hauto,sim_projection_avgyield.json,crop.json,,site.json,False,dwd_core_ensemble,dwd_core_ensemble/csvs_dwd_core_ensemble,MPI-M-MPI-ESM-LR,MPI-CSC-REMO2009,rcp45,r2i1p1,v1,2045-01-01,2046-12-31,False,False,True,True,True,False,False,True,False,True,False,False,False,,,1.0,165_225_395_180_330_25,prediction_runs,,crop_WW_2046_100_25832_etrs89-utm32n.asc,,DroughtStressThreshold,0.9,1,
339,True,fixed,auto,WW_sfix_hauto,sim_projection_avgyield.json,crop.json,,site.json,False,dwd_core_ensemble,dwd_core_ensemble/csvs_dwd_core_ensemble,MPI-M-MPI-ESM-LR,MPI-CSC-REMO2009,rcp85,r2i1p1,v1,2045-01-01,2046-12-31,False,False,True,True,True,False,False,True,False,True,False,False,False,,,1.0,165_225_395_180_330_25,prediction_runs,,crop_WW_2046_100_25832_etrs89-utm32n.asc,,DroughtStressThreshold,0.9,1,
340,True,fixed,auto,WW_sfix_hauto,sim_projection_avgyield.json,crop.json,,site.json,False,dwd_core_ensemble,dwd_core_ensemble/csvs_dwd_core_ensemble,MPI-M-MPI-ESM-LR,UHOH-WRF361H,rcp85,r1i1p1,v1,2045-01-01,2046-12-31,False,False,True,True,True,False,False,True,False,True,False,False,False,,,1.0,165_225_395_180_330_25,prediction_runs,,crop_WW_2046_100_25832_etrs89-utm32n.asc,,DroughtStressThreshold,0.9,1,
341,True,fixed,auto,WW_sfix_hauto,sim_projection_avgyield.json,crop.json,,site.json,False,dwd_core_ensemble,dwd_core_ensemble/csvs_dwd_core_ensemble,CCCma-CanESM2,CLMcom-CCLM4-8-17,rcp85,r1i1p1,v1,2046-01-01,2047-12-31,False,False,True,True,True,False,False,True,False,True,False,False,False,,,1.0,165_225_395_180_330_25,prediction_runs,,crop_WW_2047_100_25832_etrs89-utm32n.asc,,DroughtStressThreshold,0.9,1,
342,True,fixed,auto,WW_sfix_hauto,sim_projection_avgyield.json,crop.json,,site.json,False,dwd_core_ensemble,dwd_core_ensemble/csvs_dwd_core_ensemble,ICHEC-EC-EARTH,CLMcom-CCLM4-8-17,rcp26,r12i1p1,v1,2046-01-01,2047-12-31,False,False,True,True,True,False,False,True,False,True,False,False,False,,,1.0,165_225_395_180_330_25,prediction_runs,,crop_WW_2047_100_25832_etrs89-utm32n.asc,,DroughtStressThreshold,0.9,1,
343,True,fixed,auto,WW_sfix_hauto,sim_projection_avgyield.json,crop.json,,site.json,False,dwd_core_ensemble,dwd_core_ensemble/csvs_dwd_core_ensemble,ICHEC-EC-EARTH,KNMI-RACMO22E,rcp26,r12i1p1,v1,2046-01-01,2047-12-31,False,False,True,True,True,False,False,True,False,True,False,False,False,,,1.0,165_225_395_180_330_25,prediction_runs,,crop_WW_2047_100_25832_etrs89-utm32n.asc,,DroughtStressThreshold,0.9,1,
344,True,fixed,auto,WW_sfix_hauto,sim_projection_avgyield.json,crop.json,,site.json,False,dwd_core_ensemble,dwd_core_ensemble/csvs_dwd_core_ensemble,ICHEC-EC-EARTH,KNMI-RACMO22E,rcp45,r1i1p1,v1,2046-01-01,2047-12-31,False,False,True,True,True,False,False,True,False,True,False,False,False,,,1.0,165_225_395_180_330_25,prediction_runs,,crop_WW_2047_100_25832_etrs89-utm32n.asc,,DroughtStressThreshold,0.9,1,
345,True,fixed,auto,WW_sfix_hauto,sim_projection_avgyield.json,crop.json,,site.json,False,dwd_core_ensemble,dwd_core_ensemble/csvs_dwd_core_ensemble,ICHEC-EC-EARTH,KNMI-RACMO22E,rcp45,r12i1p1,v1,2046-01-01,2047-12-31,False,False,True,True,True,False,False,True,False,True,False,False,False,,,1.0,165_225_395_180_330_25,prediction_runs,,crop_WW_2047_100_25832_etrs89-utm32n.asc,,DroughtStressThreshold,0.9,1,
346,True,fixed,auto,WW_sfix_hauto,sim_projection_avgyield.json,crop.json,,site.json,False,dwd_core_ensemble,dwd_core_ensemble/csvs_dwd_core_ensemble,ICHEC-EC-EARTH,KNMI-RACMO22E,rcp85,r1i1p1,v1,2046-01-01,2047-12-31,False,False,True,True,True,False,False,True,False,True,False,False,False,,,1.0,165_225_395_180_330_25,prediction_runs,,crop_WW_2047_100_25832_etrs89-utm32n.asc,,DroughtStressThreshold,0.9,1,
347,True,fixed,auto,WW_sfix_hauto,sim_projection_avgyield.json,crop.json,,site.json,False,dwd_core_ensemble,dwd_core_ensemble/csvs_dwd_core_ensemble,ICHEC-EC-EARTH,SMHI-RCA4,rcp45,r12i1p1,v1,2046-01-01,2047-12-31,False,False,True,True,True,False,False,True,False,True,False,False,False,,,1.0,165_225_395_180_330_25,prediction_runs,,crop_WW_2047_100_25832_etrs89-utm32n.asc,,DroughtStressThreshold,0.9,1,
348,True,fixed,auto,WW_sfix_hauto,sim_projection_avgyield.json,crop.json,,site.json,False,dwd_core_ensemble,dwd_core_ensemble/csvs_dwd_core_ensemble,MIROC-MIROC5,CLMcom-CCLM4-8-17,rcp26,r1i1p1,v1,2046-01-01,2047-12-31,False,False,True,True,True,False,False,True,False,True,False,False,False,,,1.0,165_225_395_180_330_25,prediction_runs,,crop_WW_2047_100_25832_etrs89-utm32n.asc,,DroughtStressThreshold,0.9,1,
349,True,fixed,auto,WW_sfix_hauto,sim_projection_avgyield.json,crop.json,,site.json,False,dwd_core_ensemble,dwd_core_ensemble/csvs_dwd_core_ensemble,MIROC-MIROC5,GERICS-REMO2015,rcp85,r1i1p1,v1,2046-01-01,2047-12-31,False,False,True,True,True,False,False,True,False,True,False,False,False,,,1.0,165_225_395_180_330_25,prediction_runs,,crop_WW_2047_100_25832_etrs89-utm32n.asc,,DroughtStressThreshold,0.9,1,
350,True,fixed,auto,WW_sfix_hauto,sim_projection_avgyield.json,crop.json,,site.json,False,dwd_core_ensemble,dwd_core_ensemble/csvs_dwd_core_ensemble,MOHC-HadGEM2-ES,CLMcom-CCLM4-8-17,rcp45,r1i1p1,v1,2046-01-01,2047-12-31,False,False,True,True,True,False,False,True,False,True,False,False,False,,,1.0,165_225_395_180_330_25,prediction_runs,,crop_WW_2047_100_25832_etrs89-utm32n.asc,,DroughtStressThreshold,0.9,1,
351,True,fixed,auto,WW_sfix_hauto,sim_projection_avgyield.json,crop.json,,site.json,False,dwd_core_ensemble,dwd_core_ensemble/csvs_dwd_core_ensemble,MOHC-HadGEM2-ES,CLMcom-CCLM4-8-17,rcp85,r1i1p1,v1,2046-01-01,2047-12-31,False,False,True,True,True,False,False,True,False,True,False,False,False,,,1.0,165_225_395_180_330_25,prediction_runs,,crop_WW_2047_100_25832_etrs89-utm32n.asc,,DroughtStressThreshold,0.9,1,
352,True,fixed,auto,WW_sfix_hauto,sim_projection_avgyield.json,crop.json,,site.json,False,dwd_core_ensemble,dwd_core_ensemble/csvs_dwd_core_ensemble,MOHC-HadGEM2-ES,KNMI-RACMO22E,rcp26,r1i1p1,v2,2046-01-01,2047-12-31,False,False,True,True,True,False,False,True,False,True,False,False,False,,,1.0,165_225_395_180_330_25,prediction_runs,,crop_WW_2047_100_25832_etrs89-utm32n.asc,,DroughtStressThreshold,0.9,1,
353,True,fixed,auto,WW_sfix_hauto,sim_projection_avgyield.json,crop.json,,site.json,False,dwd_core_ensemble,dwd_core_ensemble/csvs_dwd_core_ensemble,MPI-M-MPI-ESM-LR,MPI-CSC-REMO2009,rcp26,r2i1p1,v1,2046-01-01,2047-12-31,False,False,True,True,True,False,False,True,False,True,False,False,False,,,1.0,165_225_395_180_330_25,prediction_runs,,crop_WW_2047_100_25832_etrs89-utm32n.asc,,DroughtStressThreshold,0.9,1,
354,True,fixed,auto,WW_sfix_hauto,sim_projection_avgyield.json,crop.json,,site.json,False,dwd_core_ensemble,dwd_core_ensemble/csvs_dwd_core_ensemble,MPI-M-MPI-ESM-LR,MPI-CSC-REMO2009,rcp45,r1i1p1,v1,2046-01-01,2047-12-31,False,False,True,True,True,False,False,True,False,True,False,False,False,,,1.0,165_225_395_180_330_25,prediction_runs,,crop_WW_2047_100_25832_etrs89-utm32n.asc,,DroughtStressThreshold,0.9,1,
355,True,fixed,auto,WW_sfix_hauto,sim_projection_avgyield.json,crop.json,,site.json,False,dwd_core_ensemble,dwd_core_ensemble/csvs_dwd_core_ensemble,MPI-M-MPI-ESM-LR,MPI-CSC-REMO2009,rcp45,r2i1p1,v1,2046-01-01,2047-12-31,False,False,True,True,True,False,False,True,False,True,False,False,False,,,1.0,165_225_395_180_330_25,prediction_runs,,crop_WW_2047_100_25832_etrs89-utm32n.asc,,DroughtStressThreshold,0.9,1,
356,True,fixed,auto,WW_sfix_hauto,sim_projection_avgyield.json,crop.json,,site.json,False,dwd_core_ensemble,dwd_core_ensemble/csvs_dwd_core_ensemble,MPI-M-MPI-ESM-LR,MPI-CSC-REMO2009,rcp85,r2i1p1,v1,2046-01-01,2047-12-31,False,False,True,True,True,False,False,True,False,True,False,False,False,,,1.0,165_225_395_180_330_25,prediction_runs,,crop_WW_2047_100_25832_etrs89-utm32n.asc,,DroughtStressThreshold,0.9,1,
357,True,fixed,auto,WW_sfix_hauto,sim_projection_avgyield.json,crop.json,,site.json,False,dwd_core_ensemble,dwd_core_ensemble/csvs_dwd_core_ensemble,MPI-M-MPI-ESM-LR,UHOH-WRF361H,rcp85,r1i1p1,v1,2046-01-01,2047-12-31,False,False,True,True,True,False,False,True,False,True,False,False,False,,,1.0,165_225_395_180_330_25,prediction_runs,,crop_WW_2047_100_25832_etrs89-utm32n.asc,,DroughtStressThreshold,0.9,1,
358,True,fixed,auto,WW_sfix_hauto,sim_projection_avgyield.json,crop.json,,site.json,False,dwd_core_ensemble,dwd_core_ensemble/csvs_dwd_core_ensemble,CCCma-CanESM2,CLMcom-CCLM4-8-17,rcp85,r1i1p1,v1,2047-01-01,2048-12-31,False,False,True,True,True,False,False,True,False,True,False,False,False,,,1.0,165_225_395_180_330_25,prediction_runs,,crop_WW_2048_100_25832_etrs89-utm32n.asc,,DroughtStressThreshold,0.9,1,
359,True,fixed,auto,WW_sfix_hauto,sim_projection_avgyield.json,crop.json,,site.json,False,dwd_core_ensemble,dwd_core_ensemble/csvs_dwd_core_ensemble,ICHEC-EC-EARTH,CLMcom-CCLM4-8-17,rcp26,r12i1p1,v1,2047-01-01,2048-12-31,False,False,True,True,True,False,False,True,False,True,False,False,False,,,1.0,165_225_395_180_330_25,prediction_runs,,crop_WW_2048_100_25832_etrs89-utm32n.asc,,DroughtStressThreshold,0.9,1,
360,True,fixed,auto,WW_sfix_hauto,sim_projection_avgyield.json,crop.json,,site.json,False,dwd_core_ensemble,dwd_core_ensemble/csvs_dwd_core_ensemble,ICHEC-EC-EARTH,KNMI-RACMO22E,rcp26,r12i1p1,v1,2047-01-01,2048-12-31,False,False,True,True,True,False,False,True,False,True,False,False,False,,,1.0,165_225_395_180_330_25,prediction_runs,,crop_WW_2048_100_25832_etrs89-utm32n.asc,,DroughtStressThreshold,0.9,1,
361,True,fixed,auto,WW_sfix_hauto,sim_projection_avgyield.json,crop.json,,site.json,False,dwd_core_ensemble,dwd_core_ensemble/csvs_dwd_core_ensemble,ICHEC-EC-EARTH,KNMI-RACMO22E,rcp45,r1i1p1,v1,2047-01-01,2048-12-31,False,False,True,True,True,False,False,True,False,True,False,False,False,,,1.0,165_225_395_180_330_25,prediction_runs,,crop_WW_2048_100_25832_etrs89-utm32n.asc,,DroughtStressThreshold,0.9,1,
362,True,fixed,auto,WW_sfix_hauto,sim_projection_avgyield.json,crop.json,,site.json,False,dwd_core_ensemble,dwd_core_ensemble/csvs_dwd_core_ensemble,ICHEC-EC-EARTH,KNMI-RACMO22E,rcp45,r12i1p1,v1,2047-01-01,2048-12-31,False,False,True,True,True,False,False,True,False,True,False,False,False,,,1.0,165_225_395_180_330_25,prediction_runs,,crop_WW_2048_100_25832_etrs89-utm32n.asc,,DroughtStressThreshold,0.9,1,
363,True,fixed,auto,WW_sfix_hauto,sim_projection_avgyield.json,crop.json,,site.json,False,dwd_core_ensemble,dwd_core_ensemble/csvs_dwd_core_ensemble,ICHEC-EC-EARTH,KNMI-RACMO22E,rcp85,r1i1p1,v1,2047-01-01,2048-12-31,False,False,True,True,True,False,False,True,False,True,False,False,False,,,1.0,165_225_395_180_330_25,prediction_runs,,crop_WW_2048_100_25832_etrs89-utm32n.asc,,DroughtStressThreshold,0.9,1,
364,True,fixed,auto,WW_sfix_hauto,sim_projection_avgyield.json,crop.json,,site.json,False,dwd_core_ensemble,dwd_core_ensemble/csvs_dwd_core_ensemble,ICHEC-EC-EARTH,SMHI-RCA4,rcp45,r12i1p1,v1,2047-01-01,2048-12-31,False,False,True,True,True,False,False,True,False,True,False,False,False,,,1.0,165_225_395_180_330_25,prediction_runs,,crop_WW_2048_100_25832_etrs89-utm32n.asc,,DroughtStressThreshold,0.9,1,
365,True,fixed,auto,WW_sfix_hauto,sim_projection_avgyield.json,crop.json,,site.json,False,dwd_core_ensemble,dwd_core_ensemble/csvs_dwd_core_ensemble,MIROC-MIROC5,CLMcom-CCLM4-8-17,rcp26,r1i1p1,v1,2047-01-01,2048-12-31,False,False,True,True,True,False,False,True,False,True,False,False,False,,,1.0,165_225_395_180_330_25,prediction_runs,,crop_WW_2048_100_25832_etrs89-utm32n.asc,,DroughtStressThreshold,0.9,1,
366,True,fixed,auto,WW_sfix_hauto,sim_projection_avgyield.json,crop.json,,site.json,False,dwd_core_ensemble,dwd_core_ensemble/csvs_dwd_core_ensemble,MIROC-MIROC5,GERICS-REMO2015,rcp85,r1i1p1,v1,2047-01-01,2048-12-31,False,False,True,True,True,False,False,True,False,True,False,False,False,,,1.0,165_225_395_180_330_25,prediction_runs,,crop_WW_2048_100_25832_etrs89-utm32n.asc,,DroughtStressThreshold,0.9,1,
367,True,fixed,auto,WW_sfix_hauto,sim_projection_avgyield.json,crop.json,,site.json,False,dwd_core_ensemble,dwd_core_ensemble/csvs_dwd_core_ensemble,MOHC-HadGEM2-ES,CLMcom-CCLM4-8-17,rcp45,r1i1p1,v1,2047-01-01,2048-12-31,False,False,True,True,True,False,False,True,False,True,False,False,False,,,1.0,165_225_395_180_330_25,prediction_runs,,crop_WW_2048_100_25832_etrs89-utm32n.asc,,DroughtStressThreshold,0.9,1,
368,True,fixed,auto,WW_sfix_hauto,sim_projection_avgyield.json,crop.json,,site.json,False,dwd_core_ensemble,dwd_core_ensemble/csvs_dwd_core_ensemble,MOHC-HadGEM2-ES,CLMcom-CCLM4-8-17,rcp85,r1i1p1,v1,2047-01-01,2048-12-31,False,False,True,True,True,False,False,True,False,True,False,False,False,,,1.0,165_225_395_180_330_25,prediction_runs,,crop_WW_2048_100_25832_etrs89-utm32n.asc,,DroughtStressThreshold,0.9,1,
369,True,fixed,auto,WW_sfix_hauto,sim_projection_avgyield.json,crop.json,,site.json,False,dwd_core_ensemble,dwd_core_ensemble/csvs_dwd_core_ensemble,MOHC-HadGEM2-ES,KNMI-RACMO22E,rcp26,r1i1p1,v2,2047-01-01,2048-12-31,False,False,True,True,True,False,False,True,False,True,False,False,False,,,1.0,165_225_395_180_330_25,prediction_runs,,crop_WW_2048_100_25832_etrs89-utm32n.asc,,DroughtStressThreshold,0.9,1,
370,True,fixed,auto,WW_sfix_hauto,sim_projection_avgyield.json,crop.json,,site.json,False,dwd_core_ensemble,dwd_core_ensemble/csvs_dwd_core_ensemble,MPI-M-MPI-ESM-LR,MPI-CSC-REMO2009,rcp26,r2i1p1,v1,2047-01-01,2048-12-31,False,False,True,True,True,False,False,True,False,True,False,False,False,,,1.0,165_225_395_180_330_25,prediction_runs,,crop_WW_2048_100_25832_etrs89-utm32n.asc,,DroughtStressThreshold,0.9,1,
371,True,fixed,auto,WW_sfix_hauto,sim_projection_avgyield.json,crop.json,,site.json,False,dwd_core_ensemble,dwd_core_ensemble/csvs_dwd_core_ensemble,MPI-M-MPI-ESM-LR,MPI-CSC-REMO2009,rcp45,r1i1p1,v1,2047-01-01,2048-12-31,False,False,True,True,True,False,False,True,False,True,False,False,False,,,1.0,165_225_395_180_330_25,prediction_runs,,crop_WW_2048_100_25832_etrs89-utm32n.asc,,DroughtStressThreshold,0.9,1,
372,True,fixed,auto,WW_sfix_hauto,sim_projection_avgyield.json,crop.json,,site.json,False,dwd_core_ensemble,dwd_core_ensemble/csvs_dwd_core_ensemble,MPI-M-MPI-ESM-LR,MPI-CSC-REMO2009,rcp45,r2i1p1,v1,2047-01-01,2048-12-31,False,False,True,True,True,False,False,True,False,True,False,False,False,,,1.0,165_225_395_180_330_25,prediction_runs,,crop_WW_2048_100_25832_etrs89-utm32n.asc,,DroughtStressThreshold,0.9,1,
373,True,fixed,auto,WW_sfix_hauto,sim_projection_avgyield.json,crop.json,,site.json,False,dwd_core_ensemble,dwd_core_ensemble/csvs_dwd_core_ensemble,MPI-M-MPI-ESM-LR,MPI-CSC-REMO2009,rcp85,r2i1p1,v1,2047-01-01,2048-12-31,False,False,True,True,True,False,False,True,False,True,False,False,False,,,1.0,165_225_395_180_330_25,prediction_runs,,crop_WW_2048_100_25832_etrs89-utm32n.asc,,DroughtStressThreshold,0.9,1,
374,True,fixed,auto,WW_sfix_hauto,sim_projection_avgyield.json,crop.json,,site.json,False,dwd_core_ensemble,dwd_core_ensemble/csvs_dwd_core_ensemble,MPI-M-MPI-ESM-LR,UHOH-WRF361H,rcp85,r1i1p1,v1,2047-01-01,2048-12-31,False,False,True,True,True,False,False,True,False,True,False,False,False,,,1.0,165_225_395_180_330_25,prediction_runs,,crop_WW_2048_100_25832_etrs89-utm32n.asc,,DroughtStressThreshold,0.9,1,
375,True,fixed,auto,WW_sfix_hauto,sim_projection_avgyield.json,crop.json,,site.json,False,dwd_core_ensemble,dwd_core_ensemble/csvs_dwd_core_ensemble,CCCma-CanESM2,CLMcom-CCLM4-8-17,rcp85,r1i1p1,v1,2048-01-01,2049-12-31,False,False,True,True,True,False,False,True,False,True,False,False,False,,,1.0,165_225_395_180_330_25,prediction_runs,,crop_WW_2049_100_25832_etrs89-utm32n.asc,,DroughtStressThreshold,0.9,1,
376,True,fixed,auto,WW_sfix_hauto,sim_projection_avgyield.json,crop.json,,site.json,False,dwd_core_ensemble,dwd_core_ensemble/csvs_dwd_core_ensemble,ICHEC-EC-EARTH,CLMcom-CCLM4-8-17,rcp26,r12i1p1,v1,2048-01-01,2049-12-31,False,False,True,True,True,False,False,True,False,True,False,False,False,,,1.0,165_225_395_180_330_25,prediction_runs,,crop_WW_2049_100_25832_etrs89-utm32n.asc,,DroughtStressThreshold,0.9,1,
377,True,fixed,auto,WW_sfix_hauto,sim_projection_avgyield.json,crop.json,,site.json,False,dwd_core_ensemble,dwd_core_ensemble/csvs_dwd_core_ensemble,ICHEC-EC-EARTH,KNMI-RACMO22E,rcp26,r12i1p1,v1,2048-01-01,2049-12-31,False,False,True,True,True,False,False,True,False,True,False,False,False,,,1.0,165_225_395_180_330_25,prediction_runs,,crop_WW_2049_100_25832_etrs89-utm32n.asc,,DroughtStressThreshold,0.9,1,
378,True,fixed,auto,WW_sfix_hauto,sim_projection_avgyield.json,crop.json,,site.json,False,dwd_core_ensemble,dwd_core_ensemble/csvs_dwd_core_ensemble,ICHEC-EC-EARTH,KNMI-RACMO22E,rcp45,r1i1p1,v1,2048-01-01,2049-12-31,False,False,True,True,True,False,False,True,False,True,False,False,False,,,1.0,165_225_395_180_330_25,prediction_runs,,crop_WW_2049_100_25832_etrs89-utm32n.asc,,DroughtStressThreshold,0.9,1,
379,True,fixed,auto,WW_sfix_hauto,sim_projection_avgyield.json,crop.json,,site.json,False,dwd_core_ensemble,dwd_core_ensemble/csvs_dwd_core_ensemble,ICHEC-EC-EARTH,KNMI-RACMO22E,rcp45,r12i1p1,v1,2048-01-01,2049-12-31,False,False,True,True,True,False,False,True,False,True,False,False,False,,,1.0,165_225_395_180_330_25,prediction_runs,,crop_WW_2049_100_25832_etrs89-utm32n.asc,,DroughtStressThreshold,0.9,1,
380,True,fixed,auto,WW_sfix_hauto,sim_projection_avgyield.json,crop.json,,site.json,False,dwd_core_ensemble,dwd_core_ensemble/csvs_dwd_core_ensemble,ICHEC-EC-EARTH,KNMI-RACMO22E,rcp85,r1i1p1,v1,2048-01-01,2049-12-31,False,False,True,True,True,False,False,True,False,True,False,False,False,,,1.0,165_225_395_180_330_25,prediction_runs,,crop_WW_2049_100_25832_etrs89-utm32n.asc,,DroughtStressThreshold,0.9,1,
381,True,fixed,auto,WW_sfix_hauto,sim_projection_avgyield.json,crop.json,,site.json,False,dwd_core_ensemble,dwd_core_ensemble/csvs_dwd_core_ensemble,ICHEC-EC-EARTH,SMHI-RCA4,rcp45,r12i1p1,v1,2048-01-01,2049-12-31,False,False,True,True,True,False,False,True,False,True,False,False,False,,,1.0,165_225_395_180_330_25,prediction_runs,,crop_WW_2049_100_25832_etrs89-utm32n.asc,,DroughtStressThreshold,0.9,1,
382,True,fixed,auto,WW_sfix_hauto,sim_projection_avgyield.json,crop.json,,site.json,False,dwd_core_ensemble,dwd_core_ensemble/csvs_dwd_core_ensemble,MIROC-MIROC5,CLMcom-CCLM4-8-17,rcp26,r1i1p1,v1,2048-01-01,2049-12-31,False,False,True,True,True,False,False,True,False,True,False,False,False,,,1.0,165_225_395_180_330_25,prediction_runs,,crop_WW_2049_100_25832_etrs89-utm32n.asc,,DroughtStressThreshold,0.9,1,
383,True,fixed,auto,WW_sfix_hauto,sim_projection_avgyield.json,crop.json,,site.json,False,dwd_core_ensemble,dwd_core_ensemble/csvs_dwd_core_ensemble,MIROC-MIROC5,GERICS-REMO2015,rcp85,r1i1p1,v1,2048-01-01,2049-12-31,False,False,True,True,True,False,False,True,False,True,False,False,False,,,1.0,165_225_395_180_330_25,prediction_runs,,crop_WW_2049_100_25832_etrs89-utm32n.asc,,DroughtStressThreshold,0.9,1,
384,True,fixed,auto,WW_sfix_hauto,sim_projection_avgyield.json,crop.json,,site.json,False,dwd_core_ensemble,dwd_core_ensemble/csvs_dwd_core_ensemble,MOHC-HadGEM2-ES,CLMcom-CCLM4-8-17,rcp45,r1i1p1,v1,2048-01-01,2049-12-31,False,False,True,True,True,False,False,True,False,True,False,False,False,,,1.0,165_225_395_180_330_25,prediction_runs,,crop_WW_2049_100_25832_etrs89-utm32n.asc,,DroughtStressThreshold,0.9,1,
385,True,fixed,auto,WW_sfix_hauto,sim_projection_avgyield.json,crop.json,,site.json,False,dwd_core_ensemble,dwd_core_ensemble/csvs_dwd_core_ensemble,MOHC-HadGEM2-ES,CLMcom-CCLM4-8-17,rcp85,r1i1p1,v1,2048-01-01,2049-12-31,False,False,True,True,True,False,False,True,False,True,False,False,False,,,1.0,165_225_395_180_330_25,prediction_runs,,crop_WW_2049_100_25832_etrs89-utm32n.asc,,DroughtStressThreshold,0.9,1,
386,True,fixed,auto,WW_sfix_hauto,sim_projection_avgyield.json,crop.json,,site.json,False,dwd_core_ensemble,dwd_core_ensemble/csvs_dwd_core_ensemble,MOHC-HadGEM2-ES,KNMI-RACMO22E,rcp26,r1i1p1,v2,2048-01-01,2049-12-31,False,False,True,True,True,False,False,True,False,True,False,False,False,,,1.0,165_225_395_180_330_25,prediction_runs,,crop_WW_2049_100_25832_etrs89-utm32n.asc,,DroughtStressThreshold,0.9,1,
387,True,fixed,auto,WW_sfix_hauto,sim_projection_avgyield.json,crop.json,,site.json,False,dwd_core_ensemble,dwd_core_ensemble/csvs_dwd_core_ensemble,MPI-M-MPI-ESM-LR,MPI-CSC-REMO2009,rcp26,r2i1p1,v1,2048-01-01,2049-12-31,False,False,True,True,True,False,False,True,False,True,False,False,False,,,1.0,165_225_395_180_330_25,prediction_runs,,crop_WW_2049_100_25832_etrs89-utm32n.asc,,DroughtStressThreshold,0.9,1,
388,True,fixed,auto,WW_sfix_hauto,sim_projection_avgyield.json,crop.json,,site.json,False,dwd_core_ensemble,dwd_core_ensemble/csvs_dwd_core_ensemble,MPI-M-MPI-ESM-LR,MPI-CSC-REMO2009,rcp45,r1i1p1,v1,2048-01-01,2049-12-31,False,False,True,True,True,False,False,True,False,True,False,False,False,,,1.0,165_225_395_180_330_25,prediction_runs,,crop_WW_2049_100_25832_etrs89-utm32n.asc,,DroughtStressThreshold,0.9,1,
389,True,fixed,auto,WW_sfix_hauto,sim_projection_avgyield.json,crop.json,,site.json,False,dwd_core_ensemble,dwd_core_ensemble/csvs_dwd_core_ensemble,MPI-M-MPI-ESM-LR,MPI-CSC-REMO2009,rcp45,r2i1p1,v1,2048-01-01,2049-12-31,False,False,True,True,True,False,False,True,False,True,False,False,False,,,1.0,165_225_395_180_330_25,prediction_runs,,crop_WW_2049_100_25832_etrs89-utm32n.asc,,DroughtStressThreshold,0.9,1,
390,True,fixed,auto,WW_sfix_hauto,sim_projection_avgyield.json,crop.json,,site.json,False,dwd_core_ensemble,dwd_core_ensemble/csvs_dwd_core_ensemble,MPI-M-MPI-ESM-LR,MPI-CSC-REMO2009,rcp85,r2i1p1,v1,2048-01-01,2049-12-31,False,False,True,True,True,False,False,True,False,True,False,False,False,,,1.0,165_225_395_180_330_25,prediction_runs,,crop_WW_2049_100_25832_etrs89-utm32n.asc,,DroughtStressThreshold,0.9,1,
391,True,fixed,auto,WW_sfix_hauto,sim_projection_avgyield.json,crop.json,,site.json,False,dwd_core_ensemble,dwd_core_ensemble/csvs_dwd_core_ensemble,MPI-M-MPI-ESM-LR,UHOH-WRF361H,rcp85,r1i1p1,v1,2048-01-01,2049-12-31,False,False,True,True,True,False,False,True,False,True,False,False,False,,,1.0,165_225_395_180_330_25,prediction_runs,,crop_WW_2049_100_25832_etrs89-utm32n.asc,,DroughtStressThreshold,0.9,1,
392,True,fixed,auto,WW_sfix_hauto,sim_projection_avgyield.json,crop.json,,site.json,False,dwd_core_ensemble,dwd_core_ensemble/csvs_dwd_core_ensemble,CCCma-CanESM2,CLMcom-CCLM4-8-17,rcp85,r1i1p1,v1,2049-01-01,2050-12-31,False,False,True,True,True,False,False,True,False,True,False,False,False,,,1.0,165_225_395_180_330_25,prediction_runs,,crop_WW_2050_100_25832_etrs89-utm32n.asc,,DroughtStressThreshold,0.9,1,
393,True,fixed,auto,WW_sfix_hauto,sim_projection_avgyield.json,crop.json,,site.json,False,dwd_core_ensemble,dwd_core_ensemble/csvs_dwd_core_ensemble,ICHEC-EC-EARTH,CLMcom-CCLM4-8-17,rcp26,r12i1p1,v1,2049-01-01,2050-12-31,False,False,True,True,True,False,False,True,False,True,False,False,False,,,1.0,165_225_395_180_330_25,prediction_runs,,crop_WW_2050_100_25832_etrs89-utm32n.asc,,DroughtStressThreshold,0.9,1,
394,True,fixed,auto,WW_sfix_hauto,sim_projection_avgyield.json,crop.json,,site.json,False,dwd_core_ensemble,dwd_core_ensemble/csvs_dwd_core_ensemble,ICHEC-EC-EARTH,KNMI-RACMO22E,rcp26,r12i1p1,v1,2049-01-01,2050-12-31,False,False,True,True,True,False,False,True,False,True,False,False,False,,,1.0,165_225_395_180_330_25,prediction_runs,,crop_WW_2050_100_25832_etrs89-utm32n.asc,,DroughtStressThreshold,0.9,1,
395,True,fixed,auto,WW_sfix_hauto,sim_projection_avgyield.json,crop.json,,site.json,False,dwd_core_ensemble,dwd_core_ensemble/csvs_dwd_core_ensemble,ICHEC-EC-EARTH,KNMI-RACMO22E,rcp45,r1i1p1,v1,2049-01-01,2050-12-31,False,False,True,True,True,False,False,True,False,True,False,False,False,,,1.0,165_225_395_180_330_25,prediction_runs,,crop_WW_2050_100_25832_etrs89-utm32n.asc,,DroughtStressThreshold,0.9,1,
396,True,fixed,auto,WW_sfix_hauto,sim_projection_avgyield.json,crop.json,,site.json,False,dwd_core_ensemble,dwd_core_ensemble/csvs_dwd_core_ensemble,ICHEC-EC-EARTH,KNMI-RACMO22E,rcp45,r12i1p1,v1,2049-01-01,2050-12-31,False,False,True,True,True,False,False,True,False,True,False,False,False,,,1.0,165_225_395_180_330_25,prediction_runs,,crop_WW_2050_100_25832_etrs89-utm32n.asc,,DroughtStressThreshold,0.9,1,
397,True,fixed,auto,WW_sfix_hauto,sim_projection_avgyield.json,crop.json,,site.json,False,dwd_core_ensemble,dwd_core_ensemble/csvs_dwd_core_ensemble,ICHEC-EC-EARTH,KNMI-RACMO22E,rcp85,r1i1p1,v1,2049-01-01,2050-12-31,False,False,True,True,True,False,False,True,False,True,False,False,False,,,1.0,165_225_395_180_330_25,prediction_runs,,crop_WW_2050_100_25832_etrs89-utm32n.asc,,DroughtStressThreshold,0.9,1,
398,True,fixed,auto,WW_sfix_hauto,sim_projection_avgyield.json,crop.json,,site.json,False,dwd_core_ensemble,dwd_core_ensemble/csvs_dwd_core_ensemble,ICHEC-EC-EARTH,SMHI-RCA4,rcp45,r12i1p1,v1,2049-01-01,2050-12-31,False,False,True,True,True,False,False,True,False,True,False,False,False,,,1.0,165_225_395_180_330_25,prediction_runs,,crop_WW_2050_100_25832_etrs89-utm32n.asc,,DroughtStressThreshold,0.9,1,
399,True,fixed,auto,WW_sfix_hauto,sim_projection_avgyield.json,crop.json,,site.json,False,dwd_core_ensemble,dwd_core_ensemble/csvs_dwd_core_ensemble,MIROC-MIROC5,CLMcom-CCLM4-8-17,rcp26,r1i1p1,v1,2049-01-01,2050-12-31,False,False,True,True,True,False,False,True,False,True,False,False,False,,,1.0,165_225_395_180_330_25,prediction_runs,,crop_WW_2050_100_25832_etrs89-utm32n.asc,,DroughtStressThreshold,0.9,1,
400,True,fixed,auto,WW_sfix_hauto,sim_projection_avgyield.json,crop.json,,site.json,False,dwd_core_ensemble,dwd_core_ensemble/csvs_dwd_core_ensemble,MIROC-MIROC5,GERICS-REMO2015,rcp85,r1i1p1,v1,2049-01-01,2050-12-31,False,False,True,True,True,False,False,True,False,True,False,False,False,,,1.0,165_225_395_180_330_25,prediction_runs,,crop_WW_2050_100_25832_etrs89-utm32n.asc,,DroughtStressThreshold,0.9,1,
401,True,fixed,auto,WW_sfix_hauto,sim_projection_avgyield.json,crop.json,,site.json,False,dwd_core_ensemble,dwd_core_ensemble/csvs_dwd_core_ensemble,MOHC-HadGEM2-ES,CLMcom-CCLM4-8-17,rcp45,r1i1p1,v1,2049-01-01,2050-12-31,False,False,True,True,True,False,False,True,False,True,False,False,False,,,1.0,165_225_395_180_330_25,prediction_runs,,crop_WW_2050_100_25832_etrs89-utm32n.asc,,DroughtStressThreshold,0.9,1,
402,True,fixed,auto,WW_sfix_hauto,sim_projection_avgyield.json,crop.json,,site.json,False,dwd_core_ensemble,dwd_core_ensemble/csvs_dwd_core_ensemble,MOHC-HadGEM2-ES,CLMcom-CCLM4-8-17,rcp85,r1i1p1,v1,2049-01-01,2050-12-31,False,False,True,True,True,False,False,True,False,True,False,False,False,,,1.0,165_225_395_180_330_25,prediction_runs,,crop_WW_2050_100_25832_etrs89-utm32n.asc,,DroughtStressThreshold,0.9,1,
403,True,fixed,auto,WW_sfix_hauto,sim_projection_avgyield.json,crop.json,,site.json,False,dwd_core_ensemble,dwd_core_ensemble/csvs_dwd_core_ensemble,MOHC-HadGEM2-ES,KNMI-RACMO22E,rcp26,r1i1p1,v2,2049-01-01,2050-12-31,False,False,True,True,True,False,False,True,False,True,False,False,False,,,1.0,165_225_395_180_330_25,prediction_runs,,crop_WW_2050_100_25832_etrs89-utm32n.asc,,DroughtStressThreshold,0.9,1,
404,True,fixed,auto,WW_sfix_hauto,sim_projection_avgyield.json,crop.json,,site.json,False,dwd_core_ensemble,dwd_core_ensemble/csvs_dwd_core_ensemble,MPI-M-MPI-ESM-LR,MPI-CSC-REMO2009,rcp26,r2i1p1,v1,2049-01-01,2050-12-31,False,False,True,True,True,False,False,True,False,True,False,False,False,,,1.0,165_225_395_180_330_25,prediction_runs,,crop_WW_2050_100_25832_etrs89-utm32n.asc,,DroughtStressThreshold,0.9,1,
405,True,fixed,auto,WW_sfix_hauto,sim_projection_avgyield.json,crop.json,,site.json,False,dwd_core_ensemble,dwd_core_ensemble/csvs_dwd_core_ensemble,MPI-M-MPI-ESM-LR,MPI-CSC-REMO2009,rcp45,r1i1p1,v1,2049-01-01,2050-12-31,False,False,True,True,True,False,False,True,False,True,False,False,False,,,1.0,165_225_395_180_330_25,prediction_runs,,crop_WW_2050_100_25832_etrs89-utm32n.asc,,DroughtStressThreshold,0.9,1,
406,True,fixed,auto,WW_sfix_hauto,sim_projection_avgyield.json,crop.json,,site.json,False,dwd_core_ensemble,dwd_core_ensemble/csvs_dwd_core_ensemble,MPI-M-MPI-ESM-LR,MPI-CSC-REMO2009,rcp45,r2i1p1,v1,2049-01-01,2050-12-31,False,False,True,True,True,False,False,True,False,True,False,False,False,,,1.0,165_225_395_180_330_25,prediction_runs,,crop_WW_2050_100_25832_etrs89-utm32n.asc,,DroughtStressThreshold,0.9,1,
407,True,fixed,auto,WW_sfix_hauto,sim_projection_avgyield.json,crop.json,,site.json,False,dwd_core_ensemble,dwd_core_ensemble/csvs_dwd_core_ensemble,MPI-M-MPI-ESM-LR,MPI-CSC-REMO2009,rcp85,r2i1p1,v1,2049-01-01,2050-12-31,False,False,True,True,True,False,False,True,False,True,False,False,False,,,1.0,165_225_395_180_330_25,prediction_runs,,crop_WW_2050_100_25832_etrs89-utm32n.asc,,DroughtStressThreshold,0.9,1,
408,True,fixed,auto,WW_sfix_hauto,sim_projection_avgyield.json,crop.json,,site.json,False,dwd_core_ensemble,dwd_core_ensemble/csvs_dwd_core_ensemble,MPI-M-MPI-ESM-LR,UHOH-WRF361H,rcp85,r1i1p1,v1,2049-01-01,2050-12-31,False,False,True,True,True,False,False,True,False,True,False,False,False,,,1.0,165_225_395_180_330_25,prediction_runs,,crop_WW_2050_100_25832_etrs89-utm32n.asc,,DroughtStressThreshold,0.9,1,
409,True,fixed,auto,WW_sfix_hauto,sim_projection_avgyield.json,crop.json,,site.json,False,dwd_core_ensemble,dwd_core_ensemble/csvs_dwd_core_ensemble,CCCma-CanESM2,CLMcom-CCLM4-8-17,rcp85,r1i1p1,v1,2050-01-01,2051-12-31,False,False,True,True,True,False,False,True,False,True,False,False,False,,,1.0,165_225_395_180_330_25,prediction_runs,,crop_WW_2051_100_25832_etrs89-utm32n.asc,,DroughtStressThreshold,0.9,1,
410,True,fixed,auto,WW_sfix_hauto,sim_projection_avgyield.json,crop.json,,site.json,False,dwd_core_ensemble,dwd_core_ensemble/csvs_dwd_core_ensemble,ICHEC-EC-EARTH,CLMcom-CCLM4-8-17,rcp26,r12i1p1,v1,2050-01-01,2051-12-31,False,False,True,True,True,False,False,True,False,True,False,False,False,,,1.0,165_225_395_180_330_25,prediction_runs,,crop_WW_2051_100_25832_etrs89-utm32n.asc,,DroughtStressThreshold,0.9,1,
411,True,fixed,auto,WW_sfix_hauto,sim_projection_avgyield.json,crop.json,,site.json,False,dwd_core_ensemble,dwd_core_ensemble/csvs_dwd_core_ensemble,ICHEC-EC-EARTH,KNMI-RACMO22E,rcp26,r12i1p1,v1,2050-01-01,2051-12-31,False,False,True,True,True,False,False,True,False,True,False,False,False,,,1.0,165_225_395_180_330_25,prediction_runs,,crop_WW_2051_100_25832_etrs89-utm32n.asc,,DroughtStressThreshold,0.9,1,
412,True,fixed,auto,WW_sfix_hauto,sim_projection_avgyield.json,crop.json,,site.json,False,dwd_core_ensemble,dwd_core_ensemble/csvs_dwd_core_ensemble,ICHEC-EC-EARTH,KNMI-RACMO22E,rcp45,r1i1p1,v1,2050-01-01,2051-12-31,False,False,True,True,True,False,False,True,False,True,False,False,False,,,1.0,165_225_395_180_330_25,prediction_runs,,crop_WW_2051_100_25832_etrs89-utm32n.asc,,DroughtStressThreshold,0.9,1,
413,True,fixed,auto,WW_sfix_hauto,sim_projection_avgyield.json,crop.json,,site.json,False,dwd_core_ensemble,dwd_core_ensemble/csvs_dwd_core_ensemble,ICHEC-EC-EARTH,KNMI-RACMO22E,rcp45,r12i1p1,v1,2050-01-01,2051-12-31,False,False,True,True,True,False,False,True,False,True,False,False,False,,,1.0,165_225_395_180_330_25,prediction_runs,,crop_WW_2051_100_25832_etrs89-utm32n.asc,,DroughtStressThreshold,0.9,1,
414,True,fixed,auto,WW_sfix_hauto,sim_projection_avgyield.json,crop.json,,site.json,False,dwd_core_ensemble,dwd_core_ensemble/csvs_dwd_core_ensemble,ICHEC-EC-EARTH,KNMI-RACMO22E,rcp85,r1i1p1,v1,2050-01-01,2051-12-31,False,False,True,True,True,False,False,True,False,True,False,False,False,,,1.0,165_225_395_180_330_25,prediction_runs,,crop_WW_2051_100_25832_etrs89-utm32n.asc,,DroughtStressThreshold,0.9,1,
415,True,fixed,auto,WW_sfix_hauto,sim_projection_avgyield.json,crop.json,,site.json,False,dwd_core_ensemble,dwd_core_ensemble/csvs_dwd_core_ensemble,ICHEC-EC-EARTH,SMHI-RCA4,rcp45,r12i1p1,v1,2050-01-01,2051-12-31,False,False,True,True,True,False,False,True,False,True,False,False,False,,,1.0,165_225_395_180_330_25,prediction_runs,,crop_WW_2051_100_25832_etrs89-utm32n.asc,,DroughtStressThreshold,0.9,1,
416,True,fixed,auto,WW_sfix_hauto,sim_projection_avgyield.json,crop.json,,site.json,False,dwd_core_ensemble,dwd_core_ensemble/csvs_dwd_core_ensemble,MIROC-MIROC5,CLMcom-CCLM4-8-17,rcp26,r1i1p1,v1,2050-01-01,2051-12-31,False,False,True,True,True,False,False,True,False,True,False,False,False,,,1.0,165_225_395_180_330_25,prediction_runs,,crop_WW_2051_100_25832_etrs89-utm32n.asc,,DroughtStressThreshold,0.9,1,
417,True,fixed,auto,WW_sfix_hauto,sim_projection_avgyield.json,crop.json,,site.json,False,dwd_core_ensemble,dwd_core_ensemble/csvs_dwd_core_ensemble,MIROC-MIROC5,GERICS-REMO2015,rcp85,r1i1p1,v1,2050-01-01,2051-12-31,False,False,True,True,True,False,False,True,False,True,False,False,False,,,1.0,165_225_395_180_330_25,prediction_runs,,crop_WW_2051_100_25832_etrs89-utm32n.asc,,DroughtStressThreshold,0.9,1,
418,True,fixed,auto,WW_sfix_hauto,sim_projection_avgyield.json,crop.json,,site.json,False,dwd_core_ensemble,dwd_core_ensemble/csvs_dwd_core_ensemble,MOHC-HadGEM2-ES,CLMcom-CCLM4-8-17,rcp45,r1i1p1,v1,2050-01-01,2051-12-31,False,False,True,True,True,False,False,True,False,True,False,False,False,,,1.0,165_225_395_180_330_25,prediction_runs,,crop_WW_2051_100_25832_etrs89-utm32n.asc,,DroughtStressThreshold,0.9,1,
419,True,fixed,auto,WW_sfix_hauto,sim_projection_avgyield.json,crop.json,,site.json,False,dwd_core_ensemble,dwd_core_ensemble/csvs_dwd_core_ensemble,MOHC-HadGEM2-ES,CLMcom-CCLM4-8-17,rcp85,r1i1p1,v1,2050-01-01,2051-12-31,False,False,True,True,True,False,False,True,False,True,False,False,False,,,1.0,165_225_395_180_330_25,prediction_runs,,crop_WW_2051_100_25832_etrs89-utm32n.asc,,DroughtStressThreshold,0.9,1,
420,True,fixed,auto,WW_sfix_hauto,sim_projection_avgyield.json,crop.json,,site.json,False,dwd_core_ensemble,dwd_core_ensemble/csvs_dwd_core_ensemble,MOHC-HadGEM2-ES,KNMI-RACMO22E,rcp26,r1i1p1,v2,2050-01-01,2051-12-31,False,False,True,True,True,False,False,True,False,True,False,False,False,,,1.0,165_225_395_180_330_25,prediction_runs,,crop_WW_2051_100_25832_etrs89-utm32n.asc,,DroughtStressThreshold,0.9,1,
421,True,fixed,auto,WW_sfix_hauto,sim_projection_avgyield.json,crop.json,,site.json,False,dwd_core_ensemble,dwd_core_ensemble/csvs_dwd_core_ensemble,MPI-M-MPI-ESM-LR,MPI-CSC-REMO2009,rcp26,r2i1p1,v1,2050-01-01,2051-12-31,False,False,True,True,True,False,False,True,False,True,False,False,False,,,1.0,165_225_395_180_330_25,prediction_runs,,crop_WW_2051_100_25832_etrs89-utm32n.asc,,DroughtStressThreshold,0.9,1,
422,True,fixed,auto,WW_sfix_hauto,sim_projection_avgyield.json,crop.json,,site.json,False,dwd_core_ensemble,dwd_core_ensemble/csvs_dwd_core_ensemble,MPI-M-MPI-ESM-LR,MPI-CSC-REMO2009,rcp45,r1i1p1,v1,2050-01-01,2051-12-31,False,False,True,True,True,False,False,True,False,True,False,False,False,,,1.0,165_225_395_180_330_25,prediction_runs,,crop_WW_2051_100_25832_etrs89-utm32n.asc,,DroughtStressThreshold,0.9,1,
423,True,fixed,auto,WW_sfix_hauto,sim_projection_avgyield.json,crop.json,,site.json,False,dwd_core_ensemble,dwd_core_ensemble/csvs_dwd_core_ensemble,MPI-M-MPI-ESM-LR,MPI-CSC-REMO2009,rcp45,r2i1p1,v1,2050-01-01,2051-12-31,False,False,True,True,True,False,False,True,False,True,False,False,False,,,1.0,165_225_395_180_330_25,prediction_runs,,crop_WW_2051_100_25832_etrs89-utm32n.asc,,DroughtStressThreshold,0.9,1,
424,True,fixed,auto,WW_sfix_hauto,sim_projection_avgyield.json,crop.json,,site.json,False,dwd_core_ensemble,dwd_core_ensemble/csvs_dwd_core_ensemble,MPI-M-MPI-ESM-LR,MPI-CSC-REMO2009,rcp85,r2i1p1,v1,2050-01-01,2051-12-31,False,False,True,True,True,False,False,True,False,True,False,False,False,,,1.0,165_225_395_180_330_25,prediction_runs,,crop_WW_2051_100_25832_etrs89-utm32n.asc,,DroughtStressThreshold,0.9,1,
425,True,fixed,auto,WW_sfix_hauto,sim_projection_avgyield.json,crop.json,,site.json,False,dwd_core_ensemble,dwd_core_ensemble/csvs_dwd_core_ensemble,MPI-M-MPI-ESM-LR,UHOH-WRF361H,rcp85,r1i1p1,v1,2050-01-01,2051-12-31,False,False,True,True,True,False,False,True,False,True,False,False,False,,,1.0,165_225_395_180_330_25,prediction_runs,,crop_WW_2051_100_25832_etrs89-utm32n.asc,,DroughtStressThreshold,0.9,1,
426,True,fixed,auto,WW_sfix_hauto,sim_projection_avgyield.json,crop.json,,site.json,False,dwd_core_ensemble,dwd_core_ensemble/csvs_dwd_core_ensemble,CCCma-CanESM2,CLMcom-CCLM4-8-17,rcp85,r1i1p1,v1,2051-01-01,2052-12-31,False,False,True,True,True,False,False,True,False,True,False,False,False,,,1.0,165_225_395_180_330_25,prediction_runs,,crop_WW_2052_100_25832_etrs89-utm32n.asc,,DroughtStressThreshold,0.9,1,
427,True,fixed,auto,WW_sfix_hauto,sim_projection_avgyield.json,crop.json,,site.json,False,dwd_core_ensemble,dwd_core_ensemble/csvs_dwd_core_ensemble,ICHEC-EC-EARTH,CLMcom-CCLM4-8-17,rcp26,r12i1p1,v1,2051-01-01,2052-12-31,False,False,True,True,True,False,False,True,False,True,False,False,False,,,1.0,165_225_395_180_330_25,prediction_runs,,crop_WW_2052_100_25832_etrs89-utm32n.asc,,DroughtStressThreshold,0.9,1,
428,True,fixed,auto,WW_sfix_hauto,sim_projection_avgyield.json,crop.json,,site.json,False,dwd_core_ensemble,dwd_core_ensemble/csvs_dwd_core_ensemble,ICHEC-EC-EARTH,KNMI-RACMO22E,rcp26,r12i1p1,v1,2051-01-01,2052-12-31,False,False,True,True,True,False,False,True,False,True,False,False,False,,,1.0,165_225_395_180_330_25,prediction_runs,,crop_WW_2052_100_25832_etrs89-utm32n.asc,,DroughtStressThreshold,0.9,1,
429,True,fixed,auto,WW_sfix_hauto,sim_projection_avgyield.json,crop.json,,site.json,False,dwd_core_ensemble,dwd_core_ensemble/csvs_dwd_core_ensemble,ICHEC-EC-EARTH,KNMI-RACMO22E,rcp45,r1i1p1,v1,2051-01-01,2052-12-31,False,False,True,True,True,False,False,True,False,True,False,False,False,,,1.0,165_225_395_180_330_25,prediction_runs,,crop_WW_2052_100_25832_etrs89-utm32n.asc,,DroughtStressThreshold,0.9,1,
430,True,fixed,auto,WW_sfix_hauto,sim_projection_avgyield.json,crop.json,,site.json,False,dwd_core_ensemble,dwd_core_ensemble/csvs_dwd_core_ensemble,ICHEC-EC-EARTH,KNMI-RACMO22E,rcp45,r12i1p1,v1,2051-01-01,2052-12-31,False,False,True,True,True,False,False,True,False,True,False,False,False,,,1.0,165_225_395_180_330_25,prediction_runs,,crop_WW_2052_100_25832_etrs89-utm32n.asc,,DroughtStressThreshold,0.9,1,
431,True,fixed,auto,WW_sfix_hauto,sim_projection_avgyield.json,crop.json,,site.json,False,dwd_core_ensemble,dwd_core_ensemble/csvs_dwd_core_ensemble,ICHEC-EC-EARTH,KNMI-RACMO22E,rcp85,r1i1p1,v1,2051-01-01,2052-12-31,False,False,True,True,True,False,False,True,False,True,False,False,False,,,1.0,165_225_395_180_330_25,prediction_runs,,crop_WW_2052_100_25832_etrs89-utm32n.asc,,DroughtStressThreshold,0.9,1,
432,True,fixed,auto,WW_sfix_hauto,sim_projection_avgyield.json,crop.json,,site.json,False,dwd_core_ensemble,dwd_core_ensemble/csvs_dwd_core_ensemble,ICHEC-EC-EARTH,SMHI-RCA4,rcp45,r12i1p1,v1,2051-01-01,2052-12-31,False,False,True,True,True,False,False,True,False,True,False,False,False,,,1.0,165_225_395_180_330_25,prediction_runs,,crop_WW_2052_100_25832_etrs89-utm32n.asc,,DroughtStressThreshold,0.9,1,
433,True,fixed,auto,WW_sfix_hauto,sim_projection_avgyield.json,crop.json,,site.json,False,dwd_core_ensemble,dwd_core_ensemble/csvs_dwd_core_ensemble,MIROC-MIROC5,CLMcom-CCLM4-8-17,rcp26,r1i1p1,v1,2051-01-01,2052-12-31,False,False,True,True,True,False,False,True,False,True,False,False,False,,,1.0,165_225_395_180_330_25,prediction_runs,,crop_WW_2052_100_25832_etrs89-utm32n.asc,,DroughtStressThreshold,0.9,1,
434,True,fixed,auto,WW_sfix_hauto,sim_projection_avgyield.json,crop.json,,site.json,False,dwd_core_ensemble,dwd_core_ensemble/csvs_dwd_core_ensemble,MIROC-MIROC5,GERICS-REMO2015,rcp85,r1i1p1,v1,2051-01-01,2052-12-31,False,False,True,True,True,False,False,True,False,True,False,False,False,,,1.0,165_225_395_180_330_25,prediction_runs,,crop_WW_2052_100_25832_etrs89-utm32n.asc,,DroughtStressThreshold,0.9,1,
435,True,fixed,auto,WW_sfix_hauto,sim_projection_avgyield.json,crop.json,,site.json,False,dwd_core_ensemble,dwd_core_ensemble/csvs_dwd_core_ensemble,MOHC-HadGEM2-ES,CLMcom-CCLM4-8-17,rcp45,r1i1p1,v1,2051-01-01,2052-12-31,False,False,True,True,True,False,False,True,False,True,False,False,False,,,1.0,165_225_395_180_330_25,prediction_runs,,crop_WW_2052_100_25832_etrs89-utm32n.asc,,DroughtStressThreshold,0.9,1,
436,True,fixed,auto,WW_sfix_hauto,sim_projection_avgyield.json,crop.json,,site.json,False,dwd_core_ensemble,dwd_core_ensemble/csvs_dwd_core_ensemble,MOHC-HadGEM2-ES,CLMcom-CCLM4-8-17,rcp85,r1i1p1,v1,2051-01-01,2052-12-31,False,False,True,True,True,False,False,True,False,True,False,False,False,,,1.0,165_225_395_180_330_25,prediction_runs,,crop_WW_2052_100_25832_etrs89-utm32n.asc,,DroughtStressThreshold,0.9,1,
437,True,fixed,auto,WW_sfix_hauto,sim_projection_avgyield.json,crop.json,,site.json,False,dwd_core_ensemble,dwd_core_ensemble/csvs_dwd_core_ensemble,MOHC-HadGEM2-ES,KNMI-RACMO22E,rcp26,r1i1p1,v2,2051-01-01,2052-12-31,False,False,True,True,True,False,False,True,False,True,False,False,False,,,1.0,165_225_395_180_330_25,prediction_runs,,crop_WW_2052_100_25832_etrs89-utm32n.asc,,DroughtStressThreshold,0.9,1,
438,True,fixed,auto,WW_sfix_hauto,sim_projection_avgyield.json,crop.json,,site.json,False,dwd_core_ensemble,dwd_core_ensemble/csvs_dwd_core_ensemble,MPI-M-MPI-ESM-LR,MPI-CSC-REMO2009,rcp26,r2i1p1,v1,2051-01-01,2052-12-31,False,False,True,True,True,False,False,True,False,True,False,False,False,,,1.0,165_225_395_180_330_25,prediction_runs,,crop_WW_2052_100_25832_etrs89-utm32n.asc,,DroughtStressThreshold,0.9,1,
439,True,fixed,auto,WW_sfix_hauto,sim_projection_avgyield.json,crop.json,,site.json,False,dwd_core_ensemble,dwd_core_ensemble/csvs_dwd_core_ensemble,MPI-M-MPI-ESM-LR,MPI-CSC-REMO2009,rcp45,r1i1p1,v1,2051-01-01,2052-12-31,False,False,True,True,True,False,False,True,False,True,False,False,False,,,1.0,165_225_395_180_330_25,prediction_runs,,crop_WW_2052_100_25832_etrs89-utm32n.asc,,DroughtStressThreshold,0.9,1,
440,True,fixed,auto,WW_sfix_hauto,sim_projection_avgyield.json,crop.json,,site.json,False,dwd_core_ensemble,dwd_core_ensemble/csvs_dwd_core_ensemble,MPI-M-MPI-ESM-LR,MPI-CSC-REMO2009,rcp45,r2i1p1,v1,2051-01-01,2052-12-31,False,False,True,True,True,False,False,True,False,True,False,False,False,,,1.0,165_225_395_180_330_25,prediction_runs,,crop_WW_2052_100_25832_etrs89-utm32n.asc,,DroughtStressThreshold,0.9,1,
441,True,fixed,auto,WW_sfix_hauto,sim_projection_avgyield.json,crop.json,,site.json,False,dwd_core_ensemble,dwd_core_ensemble/csvs_dwd_core_ensemble,MPI-M-MPI-ESM-LR,MPI-CSC-REMO2009,rcp85,r2i1p1,v1,2051-01-01,2052-12-31,False,False,True,True,True,False,False,True,False,True,False,False,False,,,1.0,165_225_395_180_330_25,prediction_runs,,crop_WW_2052_100_25832_etrs89-utm32n.asc,,DroughtStressThreshold,0.9,1,
442,True,fixed,auto,WW_sfix_hauto,sim_projection_avgyield.json,crop.json,,site.json,False,dwd_core_ensemble,dwd_core_ensemble/csvs_dwd_core_ensemble,MPI-M-MPI-ESM-LR,UHOH-WRF361H,rcp85,r1i1p1,v1,2051-01-01,2052-12-31,False,False,True,True,True,False,False,True,False,True,False,False,False,,,1.0,165_225_395_180_330_25,prediction_runs,,crop_WW_2052_100_25832_etrs89-utm32n.asc,,DroughtStressThreshold,0.9,1,
443,True,fixed,auto,WW_sfix_hauto,sim_projection_avgyield.json,crop.json,,site.json,False,dwd_core_ensemble,dwd_core_ensemble/csvs_dwd_core_ensemble,CCCma-CanESM2,CLMcom-CCLM4-8-17,rcp85,r1i1p1,v1,2052-01-01,2053-12-31,False,False,True,True,True,False,False,True,False,True,False,False,False,,,1.0,165_225_395_180_330_25,prediction_runs,,crop_WW_2053_100_25832_etrs89-utm32n.asc,,DroughtStressThreshold,0.9,1,
444,True,fixed,auto,WW_sfix_hauto,sim_projection_avgyield.json,crop.json,,site.json,False,dwd_core_ensemble,dwd_core_ensemble/csvs_dwd_core_ensemble,ICHEC-EC-EARTH,CLMcom-CCLM4-8-17,rcp26,r12i1p1,v1,2052-01-01,2053-12-31,False,False,True,True,True,False,False,True,False,True,False,False,False,,,1.0,165_225_395_180_330_25,prediction_runs,,crop_WW_2053_100_25832_etrs89-utm32n.asc,,DroughtStressThreshold,0.9,1,
445,True,fixed,auto,WW_sfix_hauto,sim_projection_avgyield.json,crop.json,,site.json,False,dwd_core_ensemble,dwd_core_ensemble/csvs_dwd_core_ensemble,ICHEC-EC-EARTH,KNMI-RACMO22E,rcp26,r12i1p1,v1,2052-01-01,2053-12-31,False,False,True,True,True,False,False,True,False,True,False,False,False,,,1.0,165_225_395_180_330_25,prediction_runs,,crop_WW_2053_100_25832_etrs89-utm32n.asc,,DroughtStressThreshold,0.9,1,
446,True,fixed,auto,WW_sfix_hauto,sim_projection_avgyield.json,crop.json,,site.json,False,dwd_core_ensemble,dwd_core_ensemble/csvs_dwd_core_ensemble,ICHEC-EC-EARTH,KNMI-RACMO22E,rcp45,r1i1p1,v1,2052-01-01,2053-12-31,False,False,True,True,True,False,False,True,False,True,False,False,False,,,1.0,165_225_395_180_330_25,prediction_runs,,crop_WW_2053_100_25832_etrs89-utm32n.asc,,DroughtStressThreshold,0.9,1,
447,True,fixed,auto,WW_sfix_hauto,sim_projection_avgyield.json,crop.json,,site.json,False,dwd_core_ensemble,dwd_core_ensemble/csvs_dwd_core_ensemble,ICHEC-EC-EARTH,KNMI-RACMO22E,rcp45,r12i1p1,v1,2052-01-01,2053-12-31,False,False,True,True,True,False,False,True,False,True,False,False,False,,,1.0,165_225_395_180_330_25,prediction_runs,,crop_WW_2053_100_25832_etrs89-utm32n.asc,,DroughtStressThreshold,0.9,1,
448,True,fixed,auto,WW_sfix_hauto,sim_projection_avgyield.json,crop.json,,site.json,False,dwd_core_ensemble,dwd_core_ensemble/csvs_dwd_core_ensemble,ICHEC-EC-EARTH,KNMI-RACMO22E,rcp85,r1i1p1,v1,2052-01-01,2053-12-31,False,False,True,True,True,False,False,True,False,True,False,False,False,,,1.0,165_225_395_180_330_25,prediction_runs,,crop_WW_2053_100_25832_etrs89-utm32n.asc,,DroughtStressThreshold,0.9,1,
449,True,fixed,auto,WW_sfix_hauto,sim_projection_avgyield.json,crop.json,,site.json,False,dwd_core_ensemble,dwd_core_ensemble/csvs_dwd_core_ensemble,ICHEC-EC-EARTH,SMHI-RCA4,rcp45,r12i1p1,v1,2052-01-01,2053-12-31,False,False,True,True,True,False,False,True,False,True,False,False,False,,,1.0,165_225_395_180_330_25,prediction_runs,,crop_WW_2053_100_25832_etrs89-utm32n.asc,,DroughtStressThreshold,0.9,1,
450,True,fixed,auto,WW_sfix_hauto,sim_projection_avgyield.json,crop.json,,site.json,False,dwd_core_ensemble,dwd_core_ensemble/csvs_dwd_core_ensemble,MIROC-MIROC5,CLMcom-CCLM4-8-17,rcp26,r1i1p1,v1,2052-01-01,2053-12-31,False,False,True,True,True,False,False,True,False,True,False,False,False,,,1.0,165_225_395_180_330_25,prediction_runs,,crop_WW_2053_100_25832_etrs89-utm32n.asc,,DroughtStressThreshold,0.9,1,
451,True,fixed,auto,WW_sfix_hauto,sim_projection_avgyield.json,crop.json,,site.json,False,dwd_core_ensemble,dwd_core_ensemble/csvs_dwd_core_ensemble,MIROC-MIROC5,GERICS-REMO2015,rcp85,r1i1p1,v1,2052-01-01,2053-12-31,False,False,True,True,True,False,False,True,False,True,False,False,False,,,1.0,165_225_395_180_330_25,prediction_runs,,crop_WW_2053_100_25832_etrs89-utm32n.asc,,DroughtStressThreshold,0.9,1,
452,True,fixed,auto,WW_sfix_hauto,sim_projection_avgyield.json,crop.json,,site.json,False,dwd_core_ensemble,dwd_core_ensemble/csvs_dwd_core_ensemble,MOHC-HadGEM2-ES,CLMcom-CCLM4-8-17,rcp45,r1i1p1,v1,2052-01-01,2053-12-31,False,False,True,True,True,False,False,True,False,True,False,False,False,,,1.0,165_225_395_180_330_25,prediction_runs,,crop_WW_2053_100_25832_etrs89-utm32n.asc,,DroughtStressThreshold,0.9,1,
453,True,fixed,auto,WW_sfix_hauto,sim_projection_avgyield.json,crop.json,,site.json,False,dwd_core_ensemble,dwd_core_ensemble/csvs_dwd_core_ensemble,MOHC-HadGEM2-ES,CLMcom-CCLM4-8-17,rcp85,r1i1p1,v1,2052-01-01,2053-12-31,False,False,True,True,True,False,False,True,False,True,False,False,False,,,1.0,165_225_395_180_330_25,prediction_runs,,crop_WW_2053_100_25832_etrs89-utm32n.asc,,DroughtStressThreshold,0.9,1,
454,True,fixed,auto,WW_sfix_hauto,sim_projection_avgyield.json,crop.json,,site.json,False,dwd_core_ensemble,dwd_core_ensemble/csvs_dwd_core_ensemble,MOHC-HadGEM2-ES,KNMI-RACMO22E,rcp26,r1i1p1,v2,2052-01-01,2053-12-31,False,False,True,True,True,False,False,True,False,True,False,False,False,,,1.0,165_225_395_180_330_25,prediction_runs,,crop_WW_2053_100_25832_etrs89-utm32n.asc,,DroughtStressThreshold,0.9,1,
455,True,fixed,auto,WW_sfix_hauto,sim_projection_avgyield.json,crop.json,,site.json,False,dwd_core_ensemble,dwd_core_ensemble/csvs_dwd_core_ensemble,MPI-M-MPI-ESM-LR,MPI-CSC-REMO2009,rcp26,r2i1p1,v1,2052-01-01,2053-12-31,False,False,True,True,True,False,False,True,False,True,False,False,False,,,1.0,165_225_395_180_330_25,prediction_runs,,crop_WW_2053_100_25832_etrs89-utm32n.asc,,DroughtStressThreshold,0.9,1,
456,True,fixed,auto,WW_sfix_hauto,sim_projection_avgyield.json,crop.json,,site.json,False,dwd_core_ensemble,dwd_core_ensemble/csvs_dwd_core_ensemble,MPI-M-MPI-ESM-LR,MPI-CSC-REMO2009,rcp45,r1i1p1,v1,2052-01-01,2053-12-31,False,False,True,True,True,False,False,True,False,True,False,False,False,,,1.0,165_225_395_180_330_25,prediction_runs,,crop_WW_2053_100_25832_etrs89-utm32n.asc,,DroughtStressThreshold,0.9,1,
457,True,fixed,auto,WW_sfix_hauto,sim_projection_avgyield.json,crop.json,,site.json,False,dwd_core_ensemble,dwd_core_ensemble/csvs_dwd_core_ensemble,MPI-M-MPI-ESM-LR,MPI-CSC-REMO2009,rcp45,r2i1p1,v1,2052-01-01,2053-12-31,False,False,True,True,True,False,False,True,False,True,False,False,False,,,1.0,165_225_395_180_330_25,prediction_runs,,crop_WW_2053_100_25832_etrs89-utm32n.asc,,DroughtStressThreshold,0.9,1,
458,True,fixed,auto,WW_sfix_hauto,sim_projection_avgyield.json,crop.json,,site.json,False,dwd_core_ensemble,dwd_core_ensemble/csvs_dwd_core_ensemble,MPI-M-MPI-ESM-LR,MPI-CSC-REMO2009,rcp85,r2i1p1,v1,2052-01-01,2053-12-31,False,False,True,True,True,False,False,True,False,True,False,False,False,,,1.0,165_225_395_180_330_25,prediction_runs,,crop_WW_2053_100_25832_etrs89-utm32n.asc,,DroughtStressThreshold,0.9,1,
459,True,fixed,auto,WW_sfix_hauto,sim_projection_avgyield.json,crop.json,,site.json,False,dwd_core_ensemble,dwd_core_ensemble/csvs_dwd_core_ensemble,MPI-M-MPI-ESM-LR,UHOH-WRF361H,rcp85,r1i1p1,v1,2052-01-01,2053-12-31,False,False,True,True,True,False,False,True,False,True,False,False,False,,,1.0,165_225_395_180_330_25,prediction_runs,,crop_WW_2053_100_25832_etrs89-utm32n.asc,,DroughtStressThreshold,0.9,1,
460,True,fixed,auto,WW_sfix_hauto,sim_projection_avgyield.json,crop.json,,site.json,False,dwd_core_ensemble,dwd_core_ensemble/csvs_dwd_core_ensemble,CCCma-CanESM2,CLMcom-CCLM4-8-17,rcp85,r1i1p1,v1,2053-01-01,2054-12-31,False,False,True,True,True,False,False,True,False,True,False,False,False,,,1.0,165_225_395_180_330_25,prediction_runs,,crop_WW_2054_100_25832_etrs89-utm32n.asc,,DroughtStressThreshold,0.9,1,
461,True,fixed,auto,WW_sfix_hauto,sim_projection_avgyield.json,crop.json,,site.json,False,dwd_core_ensemble,dwd_core_ensemble/csvs_dwd_core_ensemble,ICHEC-EC-EARTH,CLMcom-CCLM4-8-17,rcp26,r12i1p1,v1,2053-01-01,2054-12-31,False,False,True,True,True,False,False,True,False,True,False,False,False,,,1.0,165_225_395_180_330_25,prediction_runs,,crop_WW_2054_100_25832_etrs89-utm32n.asc,,DroughtStressThreshold,0.9,1,
462,True,fixed,auto,WW_sfix_hauto,sim_projection_avgyield.json,crop.json,,site.json,False,dwd_core_ensemble,dwd_core_ensemble/csvs_dwd_core_ensemble,ICHEC-EC-EARTH,KNMI-RACMO22E,rcp26,r12i1p1,v1,2053-01-01,2054-12-31,False,False,True,True,True,False,False,True,False,True,False,False,False,,,1.0,165_225_395_180_330_25,prediction_runs,,crop_WW_2054_100_25832_etrs89-utm32n.asc,,DroughtStressThreshold,0.9,1,
463,True,fixed,auto,WW_sfix_hauto,sim_projection_avgyield.json,crop.json,,site.json,False,dwd_core_ensemble,dwd_core_ensemble/csvs_dwd_core_ensemble,ICHEC-EC-EARTH,KNMI-RACMO22E,rcp45,r1i1p1,v1,2053-01-01,2054-12-31,False,False,True,True,True,False,False,True,False,True,False,False,False,,,1.0,165_225_395_180_330_25,prediction_runs,,crop_WW_2054_100_25832_etrs89-utm32n.asc,,DroughtStressThreshold,0.9,1,
464,True,fixed,auto,WW_sfix_hauto,sim_projection_avgyield.json,crop.json,,site.json,False,dwd_core_ensemble,dwd_core_ensemble/csvs_dwd_core_ensemble,ICHEC-EC-EARTH,KNMI-RACMO22E,rcp45,r12i1p1,v1,2053-01-01,2054-12-31,False,False,True,True,True,False,False,True,False,True,False,False,False,,,1.0,165_225_395_180_330_25,prediction_runs,,crop_WW_2054_100_25832_etrs89-utm32n.asc,,DroughtStressThreshold,0.9,1,
465,True,fixed,auto,WW_sfix_hauto,sim_projection_avgyield.json,crop.json,,site.json,False,dwd_core_ensemble,dwd_core_ensemble/csvs_dwd_core_ensemble,ICHEC-EC-EARTH,KNMI-RACMO22E,rcp85,r1i1p1,v1,2053-01-01,2054-12-31,False,False,True,True,True,False,False,True,False,True,False,False,False,,,1.0,165_225_395_180_330_25,prediction_runs,,crop_WW_2054_100_25832_etrs89-utm32n.asc,,DroughtStressThreshold,0.9,1,
466,True,fixed,auto,WW_sfix_hauto,sim_projection_avgyield.json,crop.json,,site.json,False,dwd_core_ensemble,dwd_core_ensemble/csvs_dwd_core_ensemble,ICHEC-EC-EARTH,SMHI-RCA4,rcp45,r12i1p1,v1,2053-01-01,2054-12-31,False,False,True,True,True,False,False,True,False,True,False,False,False,,,1.0,165_225_395_180_330_25,prediction_runs,,crop_WW_2054_100_25832_etrs89-utm32n.asc,,DroughtStressThreshold,0.9,1,
467,True,fixed,auto,WW_sfix_hauto,sim_projection_avgyield.json,crop.json,,site.json,False,dwd_core_ensemble,dwd_core_ensemble/csvs_dwd_core_ensemble,MIROC-MIROC5,CLMcom-CCLM4-8-17,rcp26,r1i1p1,v1,2053-01-01,2054-12-31,False,False,True,True,True,False,False,True,False,True,False,False,False,,,1.0,165_225_395_180_330_25,prediction_runs,,crop_WW_2054_100_25832_etrs89-utm32n.asc,,DroughtStressThreshold,0.9,1,
468,True,fixed,auto,WW_sfix_hauto,sim_projection_avgyield.json,crop.json,,site.json,False,dwd_core_ensemble,dwd_core_ensemble/csvs_dwd_core_ensemble,MIROC-MIROC5,GERICS-REMO2015,rcp85,r1i1p1,v1,2053-01-01,2054-12-31,False,False,True,True,True,False,False,True,False,True,False,False,False,,,1.0,165_225_395_180_330_25,prediction_runs,,crop_WW_2054_100_25832_etrs89-utm32n.asc,,DroughtStressThreshold,0.9,1,
469,True,fixed,auto,WW_sfix_hauto,sim_projection_avgyield.json,crop.json,,site.json,False,dwd_core_ensemble,dwd_core_ensemble/csvs_dwd_core_ensemble,MOHC-HadGEM2-ES,CLMcom-CCLM4-8-17,rcp45,r1i1p1,v1,2053-01-01,2054-12-31,False,False,True,True,True,False,False,True,False,True,False,False,False,,,1.0,165_225_395_180_330_25,prediction_runs,,crop_WW_2054_100_25832_etrs89-utm32n.asc,,DroughtStressThreshold,0.9,1,
470,True,fixed,auto,WW_sfix_hauto,sim_projection_avgyield.json,crop.json,,site.json,False,dwd_core_ensemble,dwd_core_ensemble/csvs_dwd_core_ensemble,MOHC-HadGEM2-ES,CLMcom-CCLM4-8-17,rcp85,r1i1p1,v1,2053-01-01,2054-12-31,False,False,True,True,True,False,False,True,False,True,False,False,False,,,1.0,165_225_395_180_330_25,prediction_runs,,crop_WW_2054_100_25832_etrs89-utm32n.asc,,DroughtStressThreshold,0.9,1,
471,True,fixed,auto,WW_sfix_hauto,sim_projection_avgyield.json,crop.json,,site.json,False,dwd_core_ensemble,dwd_core_ensemble/csvs_dwd_core_ensemble,MOHC-HadGEM2-ES,KNMI-RACMO22E,rcp26,r1i1p1,v2,2053-01-01,2054-12-31,False,False,True,True,True,False,False,True,False,True,False,False,False,,,1.0,165_225_395_180_330_25,prediction_runs,,crop_WW_2054_100_25832_etrs89-utm32n.asc,,DroughtStressThreshold,0.9,1,
472,True,fixed,auto,WW_sfix_hauto,sim_projection_avgyield.json,crop.json,,site.json,False,dwd_core_ensemble,dwd_core_ensemble/csvs_dwd_core_ensemble,MPI-M-MPI-ESM-LR,MPI-CSC-REMO2009,rcp26,r2i1p1,v1,2053-01-01,2054-12-31,False,False,True,True,True,False,False,True,False,True,False,False,False,,,1.0,165_225_395_180_330_25,prediction_runs,,crop_WW_2054_100_25832_etrs89-utm32n.asc,,DroughtStressThreshold,0.9,1,
473,True,fixed,auto,WW_sfix_hauto,sim_projection_avgyield.json,crop.json,,site.json,False,dwd_core_ensemble,dwd_core_ensemble/csvs_dwd_core_ensemble,MPI-M-MPI-ESM-LR,MPI-CSC-REMO2009,rcp45,r1i1p1,v1,2053-01-01,2054-12-31,False,False,True,True,True,False,False,True,False,True,False,False,False,,,1.0,165_225_395_180_330_25,prediction_runs,,crop_WW_2054_100_25832_etrs89-utm32n.asc,,DroughtStressThreshold,0.9,1,
474,True,fixed,auto,WW_sfix_hauto,sim_projection_avgyield.json,crop.json,,site.json,False,dwd_core_ensemble,dwd_core_ensemble/csvs_dwd_core_ensemble,MPI-M-MPI-ESM-LR,MPI-CSC-REMO2009,rcp45,r2i1p1,v1,2053-01-01,2054-12-31,False,False,True,True,True,False,False,True,False,True,False,False,False,,,1.0,165_225_395_180_330_25,prediction_runs,,crop_WW_2054_100_25832_etrs89-utm32n.asc,,DroughtStressThreshold,0.9,1,
475,True,fixed,auto,WW_sfix_hauto,sim_projection_avgyield.json,crop.json,,site.json,False,dwd_core_ensemble,dwd_core_ensemble/csvs_dwd_core_ensemble,MPI-M-MPI-ESM-LR,MPI-CSC-REMO2009,rcp85,r2i1p1,v1,2053-01-01,2054-12-31,False,False,True,True,True,False,False,True,False,True,False,False,False,,,1.0,165_225_395_180_330_25,prediction_runs,,crop_WW_2054_100_25832_etrs89-utm32n.asc,,DroughtStressThreshold,0.9,1,
476,True,fixed,auto,WW_sfix_hauto,sim_projection_avgyield.json,crop.json,,site.json,False,dwd_core_ensemble,dwd_core_ensemble/csvs_dwd_core_ensemble,MPI-M-MPI-ESM-LR,UHOH-WRF361H,rcp85,r1i1p1,v1,2053-01-01,2054-12-31,False,False,True,True,True,False,False,True,False,True,False,False,False,,,1.0,165_225_395_180_330_25,prediction_runs,,crop_WW_2054_100_25832_etrs89-utm32n.asc,,DroughtStressThreshold,0.9,1,
477,True,fixed,auto,WW_sfix_hauto,sim_projection_avgyield.json,crop.json,,site.json,False,dwd_core_ensemble,dwd_core_ensemble/csvs_dwd_core_ensemble,CCCma-CanESM2,CLMcom-CCLM4-8-17,rcp85,r1i1p1,v1,2054-01-01,2055-12-31,False,False,True,True,True,False,False,True,False,True,False,False,False,,,1.0,165_225_395_180_330_25,prediction_runs,,crop_WW_2055_100_25832_etrs89-utm32n.asc,,DroughtStressThreshold,0.9,1,
478,True,fixed,auto,WW_sfix_hauto,sim_projection_avgyield.json,crop.json,,site.json,False,dwd_core_ensemble,dwd_core_ensemble/csvs_dwd_core_ensemble,ICHEC-EC-EARTH,CLMcom-CCLM4-8-17,rcp26,r12i1p1,v1,2054-01-01,2055-12-31,False,False,True,True,True,False,False,True,False,True,False,False,False,,,1.0,165_225_395_180_330_25,prediction_runs,,crop_WW_2055_100_25832_etrs89-utm32n.asc,,DroughtStressThreshold,0.9,1,
479,True,fixed,auto,WW_sfix_hauto,sim_projection_avgyield.json,crop.json,,site.json,False,dwd_core_ensemble,dwd_core_ensemble/csvs_dwd_core_ensemble,ICHEC-EC-EARTH,KNMI-RACMO22E,rcp26,r12i1p1,v1,2054-01-01,2055-12-31,False,False,True,True,True,False,False,True,False,True,False,False,False,,,1.0,165_225_395_180_330_25,prediction_runs,,crop_WW_2055_100_25832_etrs89-utm32n.asc,,DroughtStressThreshold,0.9,1,
480,True,fixed,auto,WW_sfix_hauto,sim_projection_avgyield.json,crop.json,,site.json,False,dwd_core_ensemble,dwd_core_ensemble/csvs_dwd_core_ensemble,ICHEC-EC-EARTH,KNMI-RACMO22E,rcp45,r1i1p1,v1,2054-01-01,2055-12-31,False,False,True,True,True,False,False,True,False,True,False,False,False,,,1.0,165_225_395_180_330_25,prediction_runs,,crop_WW_2055_100_25832_etrs89-utm32n.asc,,DroughtStressThreshold,0.9,1,
481,True,fixed,auto,WW_sfix_hauto,sim_projection_avgyield.json,crop.json,,site.json,False,dwd_core_ensemble,dwd_core_ensemble/csvs_dwd_core_ensemble,ICHEC-EC-EARTH,KNMI-RACMO22E,rcp45,r12i1p1,v1,2054-01-01,2055-12-31,False,False,True,True,True,False,False,True,False,True,False,False,False,,,1.0,165_225_395_180_330_25,prediction_runs,,crop_WW_2055_100_25832_etrs89-utm32n.asc,,DroughtStressThreshold,0.9,1,
482,True,fixed,auto,WW_sfix_hauto,sim_projection_avgyield.json,crop.json,,site.json,False,dwd_core_ensemble,dwd_core_ensemble/csvs_dwd_core_ensemble,ICHEC-EC-EARTH,KNMI-RACMO22E,rcp85,r1i1p1,v1,2054-01-01,2055-12-31,False,False,True,True,True,False,False,True,False,True,False,False,False,,,1.0,165_225_395_180_330_25,prediction_runs,,crop_WW_2055_100_25832_etrs89-utm32n.asc,,DroughtStressThreshold,0.9,1,
483,True,fixed,auto,WW_sfix_hauto,sim_projection_avgyield.json,crop.json,,site.json,False,dwd_core_ensemble,dwd_core_ensemble/csvs_dwd_core_ensemble,ICHEC-EC-EARTH,SMHI-RCA4,rcp45,r12i1p1,v1,2054-01-01,2055-12-31,False,False,True,True,True,False,False,True,False,True,False,False,False,,,1.0,165_225_395_180_330_25,prediction_runs,,crop_WW_2055_100_25832_etrs89-utm32n.asc,,DroughtStressThreshold,0.9,1,
484,True,fixed,auto,WW_sfix_hauto,sim_projection_avgyield.json,crop.json,,site.json,False,dwd_core_ensemble,dwd_core_ensemble/csvs_dwd_core_ensemble,MIROC-MIROC5,CLMcom-CCLM4-8-17,rcp26,r1i1p1,v1,2054-01-01,2055-12-31,False,False,True,True,True,False,False,True,False,True,False,False,False,,,1.0,165_225_395_180_330_25,prediction_runs,,crop_WW_2055_100_25832_etrs89-utm32n.asc,,DroughtStressThreshold,0.9,1,
485,True,fixed,auto,WW_sfix_hauto,sim_projection_avgyield.json,crop.json,,site.json,False,dwd_core_ensemble,dwd_core_ensemble/csvs_dwd_core_ensemble,MIROC-MIROC5,GERICS-REMO2015,rcp85,r1i1p1,v1,2054-01-01,2055-12-31,False,False,True,True,True,False,False,True,False,True,False,False,False,,,1.0,165_225_395_180_330_25,prediction_runs,,crop_WW_2055_100_25832_etrs89-utm32n.asc,,DroughtStressThreshold,0.9,1,
486,True,fixed,auto,WW_sfix_hauto,sim_projection_avgyield.json,crop.json,,site.json,False,dwd_core_ensemble,dwd_core_ensemble/csvs_dwd_core_ensemble,MOHC-HadGEM2-ES,CLMcom-CCLM4-8-17,rcp45,r1i1p1,v1,2054-01-01,2055-12-31,False,False,True,True,True,False,False,True,False,True,False,False,False,,,1.0,165_225_395_180_330_25,prediction_runs,,crop_WW_2055_100_25832_etrs89-utm32n.asc,,DroughtStressThreshold,0.9,1,
487,True,fixed,auto,WW_sfix_hauto,sim_projection_avgyield.json,crop.json,,site.json,False,dwd_core_ensemble,dwd_core_ensemble/csvs_dwd_core_ensemble,MOHC-HadGEM2-ES,CLMcom-CCLM4-8-17,rcp85,r1i1p1,v1,2054-01-01,2055-12-31,False,False,True,True,True,False,False,True,False,True,False,False,False,,,1.0,165_225_395_180_330_25,prediction_runs,,crop_WW_2055_100_25832_etrs89-utm32n.asc,,DroughtStressThreshold,0.9,1,
488,True,fixed,auto,WW_sfix_hauto,sim_projection_avgyield.json,crop.json,,site.json,False,dwd_core_ensemble,dwd_core_ensemble/csvs_dwd_core_ensemble,MOHC-HadGEM2-ES,KNMI-RACMO22E,rcp26,r1i1p1,v2,2054-01-01,2055-12-31,False,False,True,True,True,False,False,True,False,True,False,False,False,,,1.0,165_225_395_180_330_25,prediction_runs,,crop_WW_2055_100_25832_etrs89-utm32n.asc,,DroughtStressThreshold,0.9,1,
489,True,fixed,auto,WW_sfix_hauto,sim_projection_avgyield.json,crop.json,,site.json,False,dwd_core_ensemble,dwd_core_ensemble/csvs_dwd_core_ensemble,MPI-M-MPI-ESM-LR,MPI-CSC-REMO2009,rcp26,r2i1p1,v1,2054-01-01,2055-12-31,False,False,True,True,True,False,False,True,False,True,False,False,False,,,1.0,165_225_395_180_330_25,prediction_runs,,crop_WW_2055_100_25832_etrs89-utm32n.asc,,DroughtStressThreshold,0.9,1,
490,True,fixed,auto,WW_sfix_hauto,sim_projection_avgyield.json,crop.json,,site.json,False,dwd_core_ensemble,dwd_core_ensemble/csvs_dwd_core_ensemble,MPI-M-MPI-ESM-LR,MPI-CSC-REMO2009,rcp45,r1i1p1,v1,2054-01-01,2055-12-31,False,False,True,True,True,False,False,True,False,True,False,False,False,,,1.0,165_225_395_180_330_25,prediction_runs,,crop_WW_2055_100_25832_etrs89-utm32n.asc,,DroughtStressThreshold,0.9,1,
491,True,fixed,auto,WW_sfix_hauto,sim_projection_avgyield.json,crop.json,,site.json,False,dwd_core_ensemble,dwd_core_ensemble/csvs_dwd_core_ensemble,MPI-M-MPI-ESM-LR,MPI-CSC-REMO2009,rcp45,r2i1p1,v1,2054-01-01,2055-12-31,False,False,True,True,True,False,False,True,False,True,False,False,False,,,1.0,165_225_395_180_330_25,prediction_runs,,crop_WW_2055_100_25832_etrs89-utm32n.asc,,DroughtStressThreshold,0.9,1,
492,True,fixed,auto,WW_sfix_hauto,sim_projection_avgyield.json,crop.json,,site.json,False,dwd_core_ensemble,dwd_core_ensemble/csvs_dwd_core_ensemble,MPI-M-MPI-ESM-LR,MPI-CSC-REMO2009,rcp85,r2i1p1,v1,2054-01-01,2055-12-31,False,False,True,True,True,False,False,True,False,True,False,False,False,,,1.0,165_225_395_180_330_25,prediction_runs,,crop_WW_2055_100_25832_etrs89-utm32n.asc,,DroughtStressThreshold,0.9,1,
493,True,fixed,auto,WW_sfix_hauto,sim_projection_avgyield.json,crop.json,,site.json,False,dwd_core_ensemble,dwd_core_ensemble/csvs_dwd_core_ensemble,MPI-M-MPI-ESM-LR,UHOH-WRF361H,rcp85,r1i1p1,v1,2054-01-01,2055-12-31,False,False,True,True,True,False,False,True,False,True,False,False,False,,,1.0,165_225_395_180_330_25,prediction_runs,,crop_WW_2055_100_25832_etrs89-utm32n.asc,,DroughtStressThreshold,0.9,1,
494,True,fixed,auto,WW_sfix_hauto,sim_projection_avgyield.json,crop.json,,site.json,False,dwd_core_ensemble,dwd_core_ensemble/csvs_dwd_core_ensemble,CCCma-CanESM2,CLMcom-CCLM4-8-17,rcp85,r1i1p1,v1,2055-01-01,2056-12-31,False,False,True,True,True,False,False,True,False,True,False,False,False,,,1.0,165_225_395_180_330_25,prediction_runs,,crop_WW_2056_100_25832_etrs89-utm32n.asc,,DroughtStressThreshold,0.9,1,
495,True,fixed,auto,WW_sfix_hauto,sim_projection_avgyield.json,crop.json,,site.json,False,dwd_core_ensemble,dwd_core_ensemble/csvs_dwd_core_ensemble,ICHEC-EC-EARTH,CLMcom-CCLM4-8-17,rcp26,r12i1p1,v1,2055-01-01,2056-12-31,False,False,True,True,True,False,False,True,False,True,False,False,False,,,1.0,165_225_395_180_330_25,prediction_runs,,crop_WW_2056_100_25832_etrs89-utm32n.asc,,DroughtStressThreshold,0.9,1,
496,True,fixed,auto,WW_sfix_hauto,sim_projection_avgyield.json,crop.json,,site.json,False,dwd_core_ensemble,dwd_core_ensemble/csvs_dwd_core_ensemble,ICHEC-EC-EARTH,KNMI-RACMO22E,rcp26,r12i1p1,v1,2055-01-01,2056-12-31,False,False,True,True,True,False,False,True,False,True,False,False,False,,,1.0,165_225_395_180_330_25,prediction_runs,,crop_WW_2056_100_25832_etrs89-utm32n.asc,,DroughtStressThreshold,0.9,1,
497,True,fixed,auto,WW_sfix_hauto,sim_projection_avgyield.json,crop.json,,site.json,False,dwd_core_ensemble,dwd_core_ensemble/csvs_dwd_core_ensemble,ICHEC-EC-EARTH,KNMI-RACMO22E,rcp45,r1i1p1,v1,2055-01-01,2056-12-31,False,False,True,True,True,False,False,True,False,True,False,False,False,,,1.0,165_225_395_180_330_25,prediction_runs,,crop_WW_2056_100_25832_etrs89-utm32n.asc,,DroughtStressThreshold,0.9,1,
498,True,fixed,auto,WW_sfix_hauto,sim_projection_avgyield.json,crop.json,,site.json,False,dwd_core_ensemble,dwd_core_ensemble/csvs_dwd_core_ensemble,ICHEC-EC-EARTH,KNMI-RACMO22E,rcp45,r12i1p1,v1,2055-01-01,2056-12-31,False,False,True,True,True,False,False,True,False,True,False,False,False,,,1.0,165_225_395_180_330_25,prediction_runs,,crop_WW_2056_100_25832_etrs89-utm32n.asc,,DroughtStressThreshold,0.9,1,
499,True,fixed,auto,WW_sfix_hauto,sim_projection_avgyield.json,crop.json,,site.json,False,dwd_core_ensemble,dwd_core_ensemble/csvs_dwd_core_ensemble,ICHEC-EC-EARTH,KNMI-RACMO22E,rcp85,r1i1p1,v1,2055-01-01,2056-12-31,False,False,True,True,True,False,False,True,False,True,False,False,False,,,1.0,165_225_395_180_330_25,prediction_runs,,crop_WW_2056_100_25832_etrs89-utm32n.asc,,DroughtStressThreshold,0.9,1,
500,True,fixed,auto,WW_sfix_hauto,sim_projection_avgyield.json,crop.json,,site.json,False,dwd_core_ensemble,dwd_core_ensemble/csvs_dwd_core_ensemble,ICHEC-EC-EARTH,SMHI-RCA4,rcp45,r12i1p1,v1,2055-01-01,2056-12-31,False,False,True,True,True,False,False,True,False,True,False,False,False,,,1.0,165_225_395_180_330_25,prediction_runs,,crop_WW_2056_100_25832_etrs89-utm32n.asc,,DroughtStressThreshold,0.9,1,
501,True,fixed,auto,WW_sfix_hauto,sim_projection_avgyield.json,crop.json,,site.json,False,dwd_core_ensemble,dwd_core_ensemble/csvs_dwd_core_ensemble,MIROC-MIROC5,CLMcom-CCLM4-8-17,rcp26,r1i1p1,v1,2055-01-01,2056-12-31,False,False,True,True,True,False,False,True,False,True,False,False,False,,,1.0,165_225_395_180_330_25,prediction_runs,,crop_WW_2056_100_25832_etrs89-utm32n.asc,,DroughtStressThreshold,0.9,1,
502,True,fixed,auto,WW_sfix_hauto,sim_projection_avgyield.json,crop.json,,site.json,False,dwd_core_ensemble,dwd_core_ensemble/csvs_dwd_core_ensemble,MIROC-MIROC5,GERICS-REMO2015,rcp85,r1i1p1,v1,2055-01-01,2056-12-31,False,False,True,True,True,False,False,True,False,True,False,False,False,,,1.0,165_225_395_180_330_25,prediction_runs,,crop_WW_2056_100_25832_etrs89-utm32n.asc,,DroughtStressThreshold,0.9,1,
503,True,fixed,auto,WW_sfix_hauto,sim_projection_avgyield.json,crop.json,,site.json,False,dwd_core_ensemble,dwd_core_ensemble/csvs_dwd_core_ensemble,MOHC-HadGEM2-ES,CLMcom-CCLM4-8-17,rcp45,r1i1p1,v1,2055-01-01,2056-12-31,False,False,True,True,True,False,False,True,False,True,False,False,False,,,1.0,165_225_395_180_330_25,prediction_runs,,crop_WW_2056_100_25832_etrs89-utm32n.asc,,DroughtStressThreshold,0.9,1,
504,True,fixed,auto,WW_sfix_hauto,sim_projection_avgyield.json,crop.json,,site.json,False,dwd_core_ensemble,dwd_core_ensemble/csvs_dwd_core_ensemble,MOHC-HadGEM2-ES,CLMcom-CCLM4-8-17,rcp85,r1i1p1,v1,2055-01-01,2056-12-31,False,False,True,True,True,False,False,True,False,True,False,False,False,,,1.0,165_225_395_180_330_25,prediction_runs,,crop_WW_2056_100_25832_etrs89-utm32n.asc,,DroughtStressThreshold,0.9,1,
505,True,fixed,auto,WW_sfix_hauto,sim_projection_avgyield.json,crop.json,,site.json,False,dwd_core_ensemble,dwd_core_ensemble/csvs_dwd_core_ensemble,MOHC-HadGEM2-ES,KNMI-RACMO22E,rcp26,r1i1p1,v2,2055-01-01,2056-12-31,False,False,True,True,True,False,False,True,False,True,False,False,False,,,1.0,165_225_395_180_330_25,prediction_runs,,crop_WW_2056_100_25832_etrs89-utm32n.asc,,DroughtStressThreshold,0.9,1,
506,True,fixed,auto,WW_sfix_hauto,sim_projection_avgyield.json,crop.json,,site.json,False,dwd_core_ensemble,dwd_core_ensemble/csvs_dwd_core_ensemble,MPI-M-MPI-ESM-LR,MPI-CSC-REMO2009,rcp26,r2i1p1,v1,2055-01-01,2056-12-31,False,False,True,True,True,False,False,True,False,True,False,False,False,,,1.0,165_225_395_180_330_25,prediction_runs,,crop_WW_2056_100_25832_etrs89-utm32n.asc,,DroughtStressThreshold,0.9,1,
507,True,fixed,auto,WW_sfix_hauto,sim_projection_avgyield.json,crop.json,,site.json,False,dwd_core_ensemble,dwd_core_ensemble/csvs_dwd_core_ensemble,MPI-M-MPI-ESM-LR,MPI-CSC-REMO2009,rcp45,r1i1p1,v1,2055-01-01,2056-12-31,False,False,True,True,True,False,False,True,False,True,False,False,False,,,1.0,165_225_395_180_330_25,prediction_runs,,crop_WW_2056_100_25832_etrs89-utm32n.asc,,DroughtStressThreshold,0.9,1,
508,True,fixed,auto,WW_sfix_hauto,sim_projection_avgyield.json,crop.json,,site.json,False,dwd_core_ensemble,dwd_core_ensemble/csvs_dwd_core_ensemble,MPI-M-MPI-ESM-LR,MPI-CSC-REMO2009,rcp45,r2i1p1,v1,2055-01-01,2056-12-31,False,False,True,True,True,False,False,True,False,True,False,False,False,,,1.0,165_225_395_180_330_25,prediction_runs,,crop_WW_2056_100_25832_etrs89-utm32n.asc,,DroughtStressThreshold,0.9,1,
509,True,fixed,auto,WW_sfix_hauto,sim_projection_avgyield.json,crop.json,,site.json,False,dwd_core_ensemble,dwd_core_ensemble/csvs_dwd_core_ensemble,MPI-M-MPI-ESM-LR,MPI-CSC-REMO2009,rcp85,r2i1p1,v1,2055-01-01,2056-12-31,False,False,True,True,True,False,False,True,False,True,False,False,False,,,1.0,165_225_395_180_330_25,prediction_runs,,crop_WW_2056_100_25832_etrs89-utm32n.asc,,DroughtStressThreshold,0.9,1,
510,True,fixed,auto,WW_sfix_hauto,sim_projection_avgyield.json,crop.json,,site.json,False,dwd_core_ensemble,dwd_core_ensemble/csvs_dwd_core_ensemble,MPI-M-MPI-ESM-LR,UHOH-WRF361H,rcp85,r1i1p1,v1,2055-01-01,2056-12-31,False,False,True,True,True,False,False,True,False,True,False,False,False,,,1.0,165_225_395_180_330_25,prediction_runs,,crop_WW_2056_100_25832_etrs89-utm32n.asc,,DroughtStressThreshold,0.9,1,
511,True,fixed,auto,WW_sfix_hauto,sim_projection_avgyield.json,crop.json,,site.json,False,dwd_core_ensemble,dwd_core_ensemble/csvs_dwd_core_ensemble,CCCma-CanESM2,CLMcom-CCLM4-8-17,rcp85,r1i1p1,v1,2056-01-01,2057-12-31,False,False,True,True,True,False,False,True,False,True,False,False,False,,,1.0,165_225_395_180_330_25,prediction_runs,,crop_WW_2057_100_25832_etrs89-utm32n.asc,,DroughtStressThreshold,0.9,1,
512,True,fixed,auto,WW_sfix_hauto,sim_projection_avgyield.json,crop.json,,site.json,False,dwd_core_ensemble,dwd_core_ensemble/csvs_dwd_core_ensemble,ICHEC-EC-EARTH,CLMcom-CCLM4-8-17,rcp26,r12i1p1,v1,2056-01-01,2057-12-31,False,False,True,True,True,False,False,True,False,True,False,False,False,,,1.0,165_225_395_180_330_25,prediction_runs,,crop_WW_2057_100_25832_etrs89-utm32n.asc,,DroughtStressThreshold,0.9,1,
513,True,fixed,auto,WW_sfix_hauto,sim_projection_avgyield.json,crop.json,,site.json,False,dwd_core_ensemble,dwd_core_ensemble/csvs_dwd_core_ensemble,ICHEC-EC-EARTH,KNMI-RACMO22E,rcp26,r12i1p1,v1,2056-01-01,2057-12-31,False,False,True,True,True,False,False,True,False,True,False,False,False,,,1.0,165_225_395_180_330_25,prediction_runs,,crop_WW_2057_100_25832_etrs89-utm32n.asc,,DroughtStressThreshold,0.9,1,
514,True,fixed,auto,WW_sfix_hauto,sim_projection_avgyield.json,crop.json,,site.json,False,dwd_core_ensemble,dwd_core_ensemble/csvs_dwd_core_ensemble,ICHEC-EC-EARTH,KNMI-RACMO22E,rcp45,r1i1p1,v1,2056-01-01,2057-12-31,False,False,True,True,True,False,False,True,False,True,False,False,False,,,1.0,165_225_395_180_330_25,prediction_runs,,crop_WW_2057_100_25832_etrs89-utm32n.asc,,DroughtStressThreshold,0.9,1,
515,True,fixed,auto,WW_sfix_hauto,sim_projection_avgyield.json,crop.json,,site.json,False,dwd_core_ensemble,dwd_core_ensemble/csvs_dwd_core_ensemble,ICHEC-EC-EARTH,KNMI-RACMO22E,rcp45,r12i1p1,v1,2056-01-01,2057-12-31,False,False,True,True,True,False,False,True,False,True,False,False,False,,,1.0,165_225_395_180_330_25,prediction_runs,,crop_WW_2057_100_25832_etrs89-utm32n.asc,,DroughtStressThreshold,0.9,1,
516,True,fixed,auto,WW_sfix_hauto,sim_projection_avgyield.json,crop.json,,site.json,False,dwd_core_ensemble,dwd_core_ensemble/csvs_dwd_core_ensemble,ICHEC-EC-EARTH,KNMI-RACMO22E,rcp85,r1i1p1,v1,2056-01-01,2057-12-31,False,False,True,True,True,False,False,True,False,True,False,False,False,,,1.0,165_225_395_180_330_25,prediction_runs,,crop_WW_2057_100_25832_etrs89-utm32n.asc,,DroughtStressThreshold,0.9,1,
517,True,fixed,auto,WW_sfix_hauto,sim_projection_avgyield.json,crop.json,,site.json,False,dwd_core_ensemble,dwd_core_ensemble/csvs_dwd_core_ensemble,ICHEC-EC-EARTH,SMHI-RCA4,rcp45,r12i1p1,v1,2056-01-01,2057-12-31,False,False,True,True,True,False,False,True,False,True,False,False,False,,,1.0,165_225_395_180_330_25,prediction_runs,,crop_WW_2057_100_25832_etrs89-utm32n.asc,,DroughtStressThreshold,0.9,1,
518,True,fixed,auto,WW_sfix_hauto,sim_projection_avgyield.json,crop.json,,site.json,False,dwd_core_ensemble,dwd_core_ensemble/csvs_dwd_core_ensemble,MIROC-MIROC5,CLMcom-CCLM4-8-17,rcp26,r1i1p1,v1,2056-01-01,2057-12-31,False,False,True,True,True,False,False,True,False,True,False,False,False,,,1.0,165_225_395_180_330_25,prediction_runs,,crop_WW_2057_100_25832_etrs89-utm32n.asc,,DroughtStressThreshold,0.9,1,
519,True,fixed,auto,WW_sfix_hauto,sim_projection_avgyield.json,crop.json,,site.json,False,dwd_core_ensemble,dwd_core_ensemble/csvs_dwd_core_ensemble,MIROC-MIROC5,GERICS-REMO2015,rcp85,r1i1p1,v1,2056-01-01,2057-12-31,False,False,True,True,True,False,False,True,False,True,False,False,False,,,1.0,165_225_395_180_330_25,prediction_runs,,crop_WW_2057_100_25832_etrs89-utm32n.asc,,DroughtStressThreshold,0.9,1,
520,True,fixed,auto,WW_sfix_hauto,sim_projection_avgyield.json,crop.json,,site.json,False,dwd_core_ensemble,dwd_core_ensemble/csvs_dwd_core_ensemble,MOHC-HadGEM2-ES,CLMcom-CCLM4-8-17,rcp45,r1i1p1,v1,2056-01-01,2057-12-31,False,False,True,True,True,False,False,True,False,True,False,False,False,,,1.0,165_225_395_180_330_25,prediction_runs,,crop_WW_2057_100_25832_etrs89-utm32n.asc,,DroughtStressThreshold,0.9,1,
521,True,fixed,auto,WW_sfix_hauto,sim_projection_avgyield.json,crop.json,,site.json,False,dwd_core_ensemble,dwd_core_ensemble/csvs_dwd_core_ensemble,MOHC-HadGEM2-ES,CLMcom-CCLM4-8-17,rcp85,r1i1p1,v1,2056-01-01,2057-12-31,False,False,True,True,True,False,False,True,False,True,False,False,False,,,1.0,165_225_395_180_330_25,prediction_runs,,crop_WW_2057_100_25832_etrs89-utm32n.asc,,DroughtStressThreshold,0.9,1,
522,True,fixed,auto,WW_sfix_hauto,sim_projection_avgyield.json,crop.json,,site.json,False,dwd_core_ensemble,dwd_core_ensemble/csvs_dwd_core_ensemble,MOHC-HadGEM2-ES,KNMI-RACMO22E,rcp26,r1i1p1,v2,2056-01-01,2057-12-31,False,False,True,True,True,False,False,True,False,True,False,False,False,,,1.0,165_225_395_180_330_25,prediction_runs,,crop_WW_2057_100_25832_etrs89-utm32n.asc,,DroughtStressThreshold,0.9,1,
523,True,fixed,auto,WW_sfix_hauto,sim_projection_avgyield.json,crop.json,,site.json,False,dwd_core_ensemble,dwd_core_ensemble/csvs_dwd_core_ensemble,MPI-M-MPI-ESM-LR,MPI-CSC-REMO2009,rcp26,r2i1p1,v1,2056-01-01,2057-12-31,False,False,True,True,True,False,False,True,False,True,False,False,False,,,1.0,165_225_395_180_330_25,prediction_runs,,crop_WW_2057_100_25832_etrs89-utm32n.asc,,DroughtStressThreshold,0.9,1,
524,True,fixed,auto,WW_sfix_hauto,sim_projection_avgyield.json,crop.json,,site.json,False,dwd_core_ensemble,dwd_core_ensemble/csvs_dwd_core_ensemble,MPI-M-MPI-ESM-LR,MPI-CSC-REMO2009,rcp45,r1i1p1,v1,2056-01-01,2057-12-31,False,False,True,True,True,False,False,True,False,True,False,False,False,,,1.0,165_225_395_180_330_25,prediction_runs,,crop_WW_2057_100_25832_etrs89-utm32n.asc,,DroughtStressThreshold,0.9,1,
525,True,fixed,auto,WW_sfix_hauto,sim_projection_avgyield.json,crop.json,,site.json,False,dwd_core_ensemble,dwd_core_ensemble/csvs_dwd_core_ensemble,MPI-M-MPI-ESM-LR,MPI-CSC-REMO2009,rcp45,r2i1p1,v1,2056-01-01,2057-12-31,False,False,True,True,True,False,False,True,False,True,False,False,False,,,1.0,165_225_395_180_330_25,prediction_runs,,crop_WW_2057_100_25832_etrs89-utm32n.asc,,DroughtStressThreshold,0.9,1,
526,True,fixed,auto,WW_sfix_hauto,sim_projection_avgyield.json,crop.json,,site.json,False,dwd_core_ensemble,dwd_core_ensemble/csvs_dwd_core_ensemble,MPI-M-MPI-ESM-LR,MPI-CSC-REMO2009,rcp85,r2i1p1,v1,2056-01-01,2057-12-31,False,False,True,True,True,False,False,True,False,True,False,False,False,,,1.0,165_225_395_180_330_25,prediction_runs,,crop_WW_2057_100_25832_etrs89-utm32n.asc,,DroughtStressThreshold,0.9,1,
527,True,fixed,auto,WW_sfix_hauto,sim_projection_avgyield.json,crop.json,,site.json,False,dwd_core_ensemble,dwd_core_ensemble/csvs_dwd_core_ensemble,MPI-M-MPI-ESM-LR,UHOH-WRF361H,rcp85,r1i1p1,v1,2056-01-01,2057-12-31,False,False,True,True,True,False,False,True,False,True,False,False,False,,,1.0,165_225_395_180_330_25,prediction_runs,,crop_WW_2057_100_25832_etrs89-utm32n.asc,,DroughtStressThreshold,0.9,1,
528,True,fixed,auto,WW_sfix_hauto,sim_projection_avgyield.json,crop.json,,site.json,False,dwd_core_ensemble,dwd_core_ensemble/csvs_dwd_core_ensemble,CCCma-CanESM2,CLMcom-CCLM4-8-17,rcp85,r1i1p1,v1,2057-01-01,2058-12-31,False,False,True,True,True,False,False,True,False,True,False,False,False,,,1.0,165_225_395_180_330_25,prediction_runs,,crop_WW_2058_100_25832_etrs89-utm32n.asc,,DroughtStressThreshold,0.9,1,
529,True,fixed,auto,WW_sfix_hauto,sim_projection_avgyield.json,crop.json,,site.json,False,dwd_core_ensemble,dwd_core_ensemble/csvs_dwd_core_ensemble,ICHEC-EC-EARTH,CLMcom-CCLM4-8-17,rcp26,r12i1p1,v1,2057-01-01,2058-12-31,False,False,True,True,True,False,False,True,False,True,False,False,False,,,1.0,165_225_395_180_330_25,prediction_runs,,crop_WW_2058_100_25832_etrs89-utm32n.asc,,DroughtStressThreshold,0.9,1,
530,True,fixed,auto,WW_sfix_hauto,sim_projection_avgyield.json,crop.json,,site.json,False,dwd_core_ensemble,dwd_core_ensemble/csvs_dwd_core_ensemble,ICHEC-EC-EARTH,KNMI-RACMO22E,rcp26,r12i1p1,v1,2057-01-01,2058-12-31,False,False,True,True,True,False,False,True,False,True,False,False,False,,,1.0,165_225_395_180_330_25,prediction_runs,,crop_WW_2058_100_25832_etrs89-utm32n.asc,,DroughtStressThreshold,0.9,1,
531,True,fixed,auto,WW_sfix_hauto,sim_projection_avgyield.json,crop.json,,site.json,False,dwd_core_ensemble,dwd_core_ensemble/csvs_dwd_core_ensemble,ICHEC-EC-EARTH,KNMI-RACMO22E,rcp45,r1i1p1,v1,2057-01-01,2058-12-31,False,False,True,True,True,False,False,True,False,True,False,False,False,,,1.0,165_225_395_180_330_25,prediction_runs,,crop_WW_2058_100_25832_etrs89-utm32n.asc,,DroughtStressThreshold,0.9,1,
532,True,fixed,auto,WW_sfix_hauto,sim_projection_avgyield.json,crop.json,,site.json,False,dwd_core_ensemble,dwd_core_ensemble/csvs_dwd_core_ensemble,ICHEC-EC-EARTH,KNMI-RACMO22E,rcp45,r12i1p1,v1,2057-01-01,2058-12-31,False,False,True,True,True,False,False,True,False,True,False,False,False,,,1.0,165_225_395_180_330_25,prediction_runs,,crop_WW_2058_100_25832_etrs89-utm32n.asc,,DroughtStressThreshold,0.9,1,
533,True,fixed,auto,WW_sfix_hauto,sim_projection_avgyield.json,crop.json,,site.json,False,dwd_core_ensemble,dwd_core_ensemble/csvs_dwd_core_ensemble,ICHEC-EC-EARTH,KNMI-RACMO22E,rcp85,r1i1p1,v1,2057-01-01,2058-12-31,False,False,True,True,True,False,False,True,False,True,False,False,False,,,1.0,165_225_395_180_330_25,prediction_runs,,crop_WW_2058_100_25832_etrs89-utm32n.asc,,DroughtStressThreshold,0.9,1,
534,True,fixed,auto,WW_sfix_hauto,sim_projection_avgyield.json,crop.json,,site.json,False,dwd_core_ensemble,dwd_core_ensemble/csvs_dwd_core_ensemble,ICHEC-EC-EARTH,SMHI-RCA4,rcp45,r12i1p1,v1,2057-01-01,2058-12-31,False,False,True,True,True,False,False,True,False,True,False,False,False,,,1.0,165_225_395_180_330_25,prediction_runs,,crop_WW_2058_100_25832_etrs89-utm32n.asc,,DroughtStressThreshold,0.9,1,
535,True,fixed,auto,WW_sfix_hauto,sim_projection_avgyield.json,crop.json,,site.json,False,dwd_core_ensemble,dwd_core_ensemble/csvs_dwd_core_ensemble,MIROC-MIROC5,CLMcom-CCLM4-8-17,rcp26,r1i1p1,v1,2057-01-01,2058-12-31,False,False,True,True,True,False,False,True,False,True,False,False,False,,,1.0,165_225_395_180_330_25,prediction_runs,,crop_WW_2058_100_25832_etrs89-utm32n.asc,,DroughtStressThreshold,0.9,1,
536,True,fixed,auto,WW_sfix_hauto,sim_projection_avgyield.json,crop.json,,site.json,False,dwd_core_ensemble,dwd_core_ensemble/csvs_dwd_core_ensemble,MIROC-MIROC5,GERICS-REMO2015,rcp85,r1i1p1,v1,2057-01-01,2058-12-31,False,False,True,True,True,False,False,True,False,True,False,False,False,,,1.0,165_225_395_180_330_25,prediction_runs,,crop_WW_2058_100_25832_etrs89-utm32n.asc,,DroughtStressThreshold,0.9,1,
537,True,fixed,auto,WW_sfix_hauto,sim_projection_avgyield.json,crop.json,,site.json,False,dwd_core_ensemble,dwd_core_ensemble/csvs_dwd_core_ensemble,MOHC-HadGEM2-ES,CLMcom-CCLM4-8-17,rcp45,r1i1p1,v1,2057-01-01,2058-12-31,False,False,True,True,True,False,False,True,False,True,False,False,False,,,1.0,165_225_395_180_330_25,prediction_runs,,crop_WW_2058_100_25832_etrs89-utm32n.asc,,DroughtStressThreshold,0.9,1,
538,True,fixed,auto,WW_sfix_hauto,sim_projection_avgyield.json,crop.json,,site.json,False,dwd_core_ensemble,dwd_core_ensemble/csvs_dwd_core_ensemble,MOHC-HadGEM2-ES,CLMcom-CCLM4-8-17,rcp85,r1i1p1,v1,2057-01-01,2058-12-31,False,False,True,True,True,False,False,True,False,True,False,False,False,,,1.0,165_225_395_180_330_25,prediction_runs,,crop_WW_2058_100_25832_etrs89-utm32n.asc,,DroughtStressThreshold,0.9,1,
539,True,fixed,auto,WW_sfix_hauto,sim_projection_avgyield.json,crop.json,,site.json,False,dwd_core_ensemble,dwd_core_ensemble/csvs_dwd_core_ensemble,MOHC-HadGEM2-ES,KNMI-RACMO22E,rcp26,r1i1p1,v2,2057-01-01,2058-12-31,False,False,True,True,True,False,False,True,False,True,False,False,False,,,1.0,165_225_395_180_330_25,prediction_runs,,crop_WW_2058_100_25832_etrs89-utm32n.asc,,DroughtStressThreshold,0.9,1,
540,True,fixed,auto,WW_sfix_hauto,sim_projection_avgyield.json,crop.json,,site.json,False,dwd_core_ensemble,dwd_core_ensemble/csvs_dwd_core_ensemble,MPI-M-MPI-ESM-LR,MPI-CSC-REMO2009,rcp26,r2i1p1,v1,2057-01-01,2058-12-31,False,False,True,True,True,False,False,True,False,True,False,False,False,,,1.0,165_225_395_180_330_25,prediction_runs,,crop_WW_2058_100_25832_etrs89-utm32n.asc,,DroughtStressThreshold,0.9,1,
541,True,fixed,auto,WW_sfix_hauto,sim_projection_avgyield.json,crop.json,,site.json,False,dwd_core_ensemble,dwd_core_ensemble/csvs_dwd_core_ensemble,MPI-M-MPI-ESM-LR,MPI-CSC-REMO2009,rcp45,r1i1p1,v1,2057-01-01,2058-12-31,False,False,True,True,True,False,False,True,False,True,False,False,False,,,1.0,165_225_395_180_330_25,prediction_runs,,crop_WW_2058_100_25832_etrs89-utm32n.asc,,DroughtStressThreshold,0.9,1,
542,True,fixed,auto,WW_sfix_hauto,sim_projection_avgyield.json,crop.json,,site.json,False,dwd_core_ensemble,dwd_core_ensemble/csvs_dwd_core_ensemble,MPI-M-MPI-ESM-LR,MPI-CSC-REMO2009,rcp45,r2i1p1,v1,2057-01-01,2058-12-31,False,False,True,True,True,False,False,True,False,True,False,False,False,,,1.0,165_225_395_180_330_25,prediction_runs,,crop_WW_2058_100_25832_etrs89-utm32n.asc,,DroughtStressThreshold,0.9,1,
543,True,fixed,auto,WW_sfix_hauto,sim_projection_avgyield.json,crop.json,,site.json,False,dwd_core_ensemble,dwd_core_ensemble/csvs_dwd_core_ensemble,MPI-M-MPI-ESM-LR,MPI-CSC-REMO2009,rcp85,r2i1p1,v1,2057-01-01,2058-12-31,False,False,True,True,True,False,False,True,False,True,False,False,False,,,1.0,165_225_395_180_330_25,prediction_runs,,crop_WW_2058_100_25832_etrs89-utm32n.asc,,DroughtStressThreshold,0.9,1,
544,True,fixed,auto,WW_sfix_hauto,sim_projection_avgyield.json,crop.json,,site.json,False,dwd_core_ensemble,dwd_core_ensemble/csvs_dwd_core_ensemble,MPI-M-MPI-ESM-LR,UHOH-WRF361H,rcp85,r1i1p1,v1,2057-01-01,2058-12-31,False,False,True,True,True,False,False,True,False,True,False,False,False,,,1.0,165_225_395_180_330_25,prediction_runs,,crop_WW_2058_100_25832_etrs89-utm32n.asc,,DroughtStressThreshold,0.9,1,
545,True,fixed,auto,WW_sfix_hauto,sim_projection_avgyield.json,crop.json,,site.json,False,dwd_core_ensemble,dwd_core_ensemble/csvs_dwd_core_ensemble,CCCma-CanESM2,CLMcom-CCLM4-8-17,rcp85,r1i1p1,v1,2058-01-01,2059-12-31,False,False,True,True,True,False,False,True,False,True,False,False,False,,,1.0,165_225_395_180_330_25,prediction_runs,,crop_WW_2059_100_25832_etrs89-utm32n.asc,,DroughtStressThreshold,0.9,1,
546,True,fixed,auto,WW_sfix_hauto,sim_projection_avgyield.json,crop.json,,site.json,False,dwd_core_ensemble,dwd_core_ensemble/csvs_dwd_core_ensemble,ICHEC-EC-EARTH,CLMcom-CCLM4-8-17,rcp26,r12i1p1,v1,2058-01-01,2059-12-31,False,False,True,True,True,False,False,True,False,True,False,False,False,,,1.0,165_225_395_180_330_25,prediction_runs,,crop_WW_2059_100_25832_etrs89-utm32n.asc,,DroughtStressThreshold,0.9,1,
547,True,fixed,auto,WW_sfix_hauto,sim_projection_avgyield.json,crop.json,,site.json,False,dwd_core_ensemble,dwd_core_ensemble/csvs_dwd_core_ensemble,ICHEC-EC-EARTH,KNMI-RACMO22E,rcp26,r12i1p1,v1,2058-01-01,2059-12-31,False,False,True,True,True,False,False,True,False,True,False,False,False,,,1.0,165_225_395_180_330_25,prediction_runs,,crop_WW_2059_100_25832_etrs89-utm32n.asc,,DroughtStressThreshold,0.9,1,
548,True,fixed,auto,WW_sfix_hauto,sim_projection_avgyield.json,crop.json,,site.json,False,dwd_core_ensemble,dwd_core_ensemble/csvs_dwd_core_ensemble,ICHEC-EC-EARTH,KNMI-RACMO22E,rcp45,r1i1p1,v1,2058-01-01,2059-12-31,False,False,True,True,True,False,False,True,False,True,False,False,False,,,1.0,165_225_395_180_330_25,prediction_runs,,crop_WW_2059_100_25832_etrs89-utm32n.asc,,DroughtStressThreshold,0.9,1,
549,True,fixed,auto,WW_sfix_hauto,sim_projection_avgyield.json,crop.json,,site.json,False,dwd_core_ensemble,dwd_core_ensemble/csvs_dwd_core_ensemble,ICHEC-EC-EARTH,KNMI-RACMO22E,rcp45,r12i1p1,v1,2058-01-01,2059-12-31,False,False,True,True,True,False,False,True,False,True,False,False,False,,,1.0,165_225_395_180_330_25,prediction_runs,,crop_WW_2059_100_25832_etrs89-utm32n.asc,,DroughtStressThreshold,0.9,1,
550,True,fixed,auto,WW_sfix_hauto,sim_projection_avgyield.json,crop.json,,site.json,False,dwd_core_ensemble,dwd_core_ensemble/csvs_dwd_core_ensemble,ICHEC-EC-EARTH,KNMI-RACMO22E,rcp85,r1i1p1,v1,2058-01-01,2059-12-31,False,False,True,True,True,False,False,True,False,True,False,False,False,,,1.0,165_225_395_180_330_25,prediction_runs,,crop_WW_2059_100_25832_etrs89-utm32n.asc,,DroughtStressThreshold,0.9,1,
551,True,fixed,auto,WW_sfix_hauto,sim_projection_avgyield.json,crop.json,,site.json,False,dwd_core_ensemble,dwd_core_ensemble/csvs_dwd_core_ensemble,ICHEC-EC-EARTH,SMHI-RCA4,rcp45,r12i1p1,v1,2058-01-01,2059-12-31,False,False,True,True,True,False,False,True,False,True,False,False,False,,,1.0,165_225_395_180_330_25,prediction_runs,,crop_WW_2059_100_25832_etrs89-utm32n.asc,,DroughtStressThreshold,0.9,1,
552,True,fixed,auto,WW_sfix_hauto,sim_projection_avgyield.json,crop.json,,site.json,False,dwd_core_ensemble,dwd_core_ensemble/csvs_dwd_core_ensemble,MIROC-MIROC5,CLMcom-CCLM4-8-17,rcp26,r1i1p1,v1,2058-01-01,2059-12-31,False,False,True,True,True,False,False,True,False,True,False,False,False,,,1.0,165_225_395_180_330_25,prediction_runs,,crop_WW_2059_100_25832_etrs89-utm32n.asc,,DroughtStressThreshold,0.9,1,
553,True,fixed,auto,WW_sfix_hauto,sim_projection_avgyield.json,crop.json,,site.json,False,dwd_core_ensemble,dwd_core_ensemble/csvs_dwd_core_ensemble,MIROC-MIROC5,GERICS-REMO2015,rcp85,r1i1p1,v1,2058-01-01,2059-12-31,False,False,True,True,True,False,False,True,False,True,False,False,False,,,1.0,165_225_395_180_330_25,prediction_runs,,crop_WW_2059_100_25832_etrs89-utm32n.asc,,DroughtStressThreshold,0.9,1,
554,True,fixed,auto,WW_sfix_hauto,sim_projection_avgyield.json,crop.json,,site.json,False,dwd_core_ensemble,dwd_core_ensemble/csvs_dwd_core_ensemble,MOHC-HadGEM2-ES,CLMcom-CCLM4-8-17,rcp45,r1i1p1,v1,2058-01-01,2059-12-31,False,False,True,True,True,False,False,True,False,True,False,False,False,,,1.0,165_225_395_180_330_25,prediction_runs,,crop_WW_2059_100_25832_etrs89-utm32n.asc,,DroughtStressThreshold,0.9,1,
555,True,fixed,auto,WW_sfix_hauto,sim_projection_avgyield.json,crop.json,,site.json,False,dwd_core_ensemble,dwd_core_ensemble/csvs_dwd_core_ensemble,MOHC-HadGEM2-ES,CLMcom-CCLM4-8-17,rcp85,r1i1p1,v1,2058-01-01,2059-12-31,False,False,True,True,True,False,False,True,False,True,False,False,False,,,1.0,165_225_395_180_330_25,prediction_runs,,crop_WW_2059_100_25832_etrs89-utm32n.asc,,DroughtStressThreshold,0.9,1,
556,True,fixed,auto,WW_sfix_hauto,sim_projection_avgyield.json,crop.json,,site.json,False,dwd_core_ensemble,dwd_core_ensemble/csvs_dwd_core_ensemble,MOHC-HadGEM2-ES,KNMI-RACMO22E,rcp26,r1i1p1,v2,2058-01-01,2059-12-31,False,False,True,True,True,False,False,True,False,True,False,False,False,,,1.0,165_225_395_180_330_25,prediction_runs,,crop_WW_2059_100_25832_etrs89-utm32n.asc,,DroughtStressThreshold,0.9,1,
557,True,fixed,auto,WW_sfix_hauto,sim_projection_avgyield.json,crop.json,,site.json,False,dwd_core_ensemble,dwd_core_ensemble/csvs_dwd_core_ensemble,MPI-M-MPI-ESM-LR,MPI-CSC-REMO2009,rcp26,r2i1p1,v1,2058-01-01,2059-12-31,False,False,True,True,True,False,False,True,False,True,False,False,False,,,1.0,165_225_395_180_330_25,prediction_runs,,crop_WW_2059_100_25832_etrs89-utm32n.asc,,DroughtStressThreshold,0.9,1,
558,True,fixed,auto,WW_sfix_hauto,sim_projection_avgyield.json,crop.json,,site.json,False,dwd_core_ensemble,dwd_core_ensemble/csvs_dwd_core_ensemble,MPI-M-MPI-ESM-LR,MPI-CSC-REMO2009,rcp45,r1i1p1,v1,2058-01-01,2059-12-31,False,False,True,True,True,False,False,True,False,True,False,False,False,,,1.0,165_225_395_180_330_25,prediction_runs,,crop_WW_2059_100_25832_etrs89-utm32n.asc,,DroughtStressThreshold,0.9,1,
559,True,fixed,auto,WW_sfix_hauto,sim_projection_avgyield.json,crop.json,,site.json,False,dwd_core_ensemble,dwd_core_ensemble/csvs_dwd_core_ensemble,MPI-M-MPI-ESM-LR,MPI-CSC-REMO2009,rcp45,r2i1p1,v1,2058-01-01,2059-12-31,False,False,True,True,True,False,False,True,False,True,False,False,False,,,1.0,165_225_395_180_330_25,prediction_runs,,crop_WW_2059_100_25832_etrs89-utm32n.asc,,DroughtStressThreshold,0.9,1,
560,True,fixed,auto,WW_sfix_hauto,sim_projection_avgyield.json,crop.json,,site.json,False,dwd_core_ensemble,dwd_core_ensemble/csvs_dwd_core_ensemble,MPI-M-MPI-ESM-LR,MPI-CSC-REMO2009,rcp85,r2i1p1,v1,2058-01-01,2059-12-31,False,False,True,True,True,False,False,True,False,True,False,False,False,,,1.0,165_225_395_180_330_25,prediction_runs,,crop_WW_2059_100_25832_etrs89-utm32n.asc,,DroughtStressThreshold,0.9,1,
561,True,fixed,auto,WW_sfix_hauto,sim_projection_avgyield.json,crop.json,,site.json,False,dwd_core_ensemble,dwd_core_ensemble/csvs_dwd_core_ensemble,MPI-M-MPI-ESM-LR,UHOH-WRF361H,rcp85,r1i1p1,v1,2058-01-01,2059-12-31,False,False,True,True,True,False,False,True,False,True,False,False,False,,,1.0,165_225_395_180_330_25,prediction_runs,,crop_WW_2059_100_25832_etrs89-utm32n.asc,,DroughtStressThreshold,0.9,1,
562,True,fixed,auto,WW_sfix_hauto,sim_projection_avgyield.json,crop.json,,site.json,False,dwd_core_ensemble,dwd_core_ensemble/csvs_dwd_core_ensemble,CCCma-CanESM2,CLMcom-CCLM4-8-17,rcp85,r1i1p1,v1,2059-01-01,2060-12-31,False,False,True,True,True,False,False,True,False,True,False,False,False,,,1.0,165_225_395_180_330_25,prediction_runs,,crop_WW_2060_100_25832_etrs89-utm32n.asc,,DroughtStressThreshold,0.9,1,
563,True,fixed,auto,WW_sfix_hauto,sim_projection_avgyield.json,crop.json,,site.json,False,dwd_core_ensemble,dwd_core_ensemble/csvs_dwd_core_ensemble,ICHEC-EC-EARTH,CLMcom-CCLM4-8-17,rcp26,r12i1p1,v1,2059-01-01,2060-12-31,False,False,True,True,True,False,False,True,False,True,False,False,False,,,1.0,165_225_395_180_330_25,prediction_runs,,crop_WW_2060_100_25832_etrs89-utm32n.asc,,DroughtStressThreshold,0.9,1,
564,True,fixed,auto,WW_sfix_hauto,sim_projection_avgyield.json,crop.json,,site.json,False,dwd_core_ensemble,dwd_core_ensemble/csvs_dwd_core_ensemble,ICHEC-EC-EARTH,KNMI-RACMO22E,rcp26,r12i1p1,v1,2059-01-01,2060-12-31,False,False,True,True,True,False,False,True,False,True,False,False,False,,,1.0,165_225_395_180_330_25,prediction_runs,,crop_WW_2060_100_25832_etrs89-utm32n.asc,,DroughtStressThreshold,0.9,1,
565,True,fixed,auto,WW_sfix_hauto,sim_projection_avgyield.json,crop.json,,site.json,False,dwd_core_ensemble,dwd_core_ensemble/csvs_dwd_core_ensemble,ICHEC-EC-EARTH,KNMI-RACMO22E,rcp45,r1i1p1,v1,2059-01-01,2060-12-31,False,False,True,True,True,False,False,True,False,True,False,False,False,,,1.0,165_225_395_180_330_25,prediction_runs,,crop_WW_2060_100_25832_etrs89-utm32n.asc,,DroughtStressThreshold,0.9,1,
566,True,fixed,auto,WW_sfix_hauto,sim_projection_avgyield.json,crop.json,,site.json,False,dwd_core_ensemble,dwd_core_ensemble/csvs_dwd_core_ensemble,ICHEC-EC-EARTH,KNMI-RACMO22E,rcp45,r12i1p1,v1,2059-01-01,2060-12-31,False,False,True,True,True,False,False,True,False,True,False,False,False,,,1.0,165_225_395_180_330_25,prediction_runs,,crop_WW_2060_100_25832_etrs89-utm32n.asc,,DroughtStressThreshold,0.9,1,
567,True,fixed,auto,WW_sfix_hauto,sim_projection_avgyield.json,crop.json,,site.json,False,dwd_core_ensemble,dwd_core_ensemble/csvs_dwd_core_ensemble,ICHEC-EC-EARTH,KNMI-RACMO22E,rcp85,r1i1p1,v1,2059-01-01,2060-12-31,False,False,True,True,True,False,False,True,False,True,False,False,False,,,1.0,165_225_395_180_330_25,prediction_runs,,crop_WW_2060_100_25832_etrs89-utm32n.asc,,DroughtStressThreshold,0.9,1,
568,True,fixed,auto,WW_sfix_hauto,sim_projection_avgyield.json,crop.json,,site.json,False,dwd_core_ensemble,dwd_core_ensemble/csvs_dwd_core_ensemble,ICHEC-EC-EARTH,SMHI-RCA4,rcp45,r12i1p1,v1,2059-01-01,2060-12-31,False,False,True,True,True,False,False,True,False,True,False,False,False,,,1.0,165_225_395_180_330_25,prediction_runs,,crop_WW_2060_100_25832_etrs89-utm32n.asc,,DroughtStressThreshold,0.9,1,
569,True,fixed,auto,WW_sfix_hauto,sim_projection_avgyield.json,crop.json,,site.json,False,dwd_core_ensemble,dwd_core_ensemble/csvs_dwd_core_ensemble,MIROC-MIROC5,CLMcom-CCLM4-8-17,rcp26,r1i1p1,v1,2059-01-01,2060-12-31,False,False,True,True,True,False,False,True,False,True,False,False,False,,,1.0,165_225_395_180_330_25,prediction_runs,,crop_WW_2060_100_25832_etrs89-utm32n.asc,,DroughtStressThreshold,0.9,1,
570,True,fixed,auto,WW_sfix_hauto,sim_projection_avgyield.json,crop.json,,site.json,False,dwd_core_ensemble,dwd_core_ensemble/csvs_dwd_core_ensemble,MIROC-MIROC5,GERICS-REMO2015,rcp85,r1i1p1,v1,2059-01-01,2060-12-31,False,False,True,True,True,False,False,True,False,True,False,False,False,,,1.0,165_225_395_180_330_25,prediction_runs,,crop_WW_2060_100_25832_etrs89-utm32n.asc,,DroughtStressThreshold,0.9,1,
571,True,fixed,auto,WW_sfix_hauto,sim_projection_avgyield.json,crop.json,,site.json,False,dwd_core_ensemble,dwd_core_ensemble/csvs_dwd_core_ensemble,MOHC-HadGEM2-ES,CLMcom-CCLM4-8-17,rcp45,r1i1p1,v1,2059-01-01,2060-12-31,False,False,True,True,True,False,False,True,False,True,False,False,False,,,1.0,165_225_395_180_330_25,prediction_runs,,crop_WW_2060_100_25832_etrs89-utm32n.asc,,DroughtStressThreshold,0.9,1,
572,True,fixed,auto,WW_sfix_hauto,sim_projection_avgyield.json,crop.json,,site.json,False,dwd_core_ensemble,dwd_core_ensemble/csvs_dwd_core_ensemble,MOHC-HadGEM2-ES,CLMcom-CCLM4-8-17,rcp85,r1i1p1,v1,2059-01-01,2060-12-31,False,False,True,True,True,False,False,True,False,True,False,False,False,,,1.0,165_225_395_180_330_25,prediction_runs,,crop_WW_2060_100_25832_etrs89-utm32n.asc,,DroughtStressThreshold,0.9,1,
573,True,fixed,auto,WW_sfix_hauto,sim_projection_avgyield.json,crop.json,,site.json,False,dwd_core_ensemble,dwd_core_ensemble/csvs_dwd_core_ensemble,MOHC-HadGEM2-ES,KNMI-RACMO22E,rcp26,r1i1p1,v2,2059-01-01,2060-12-31,False,False,True,True,True,False,False,True,False,True,False,False,False,,,1.0,165_225_395_180_330_25,prediction_runs,,crop_WW_2060_100_25832_etrs89-utm32n.asc,,DroughtStressThreshold,0.9,1,
574,True,fixed,auto,WW_sfix_hauto,sim_projection_avgyield.json,crop.json,,site.json,False,dwd_core_ensemble,dwd_core_ensemble/csvs_dwd_core_ensemble,MPI-M-MPI-ESM-LR,MPI-CSC-REMO2009,rcp26,r2i1p1,v1,2059-01-01,2060-12-31,False,False,True,True,True,False,False,True,False,True,False,False,False,,,1.0,165_225_395_180_330_25,prediction_runs,,crop_WW_2060_100_25832_etrs89-utm32n.asc,,DroughtStressThreshold,0.9,1,
575,True,fixed,auto,WW_sfix_hauto,sim_projection_avgyield.json,crop.json,,site.json,False,dwd_core_ensemble,dwd_core_ensemble/csvs_dwd_core_ensemble,MPI-M-MPI-ESM-LR,MPI-CSC-REMO2009,rcp45,r1i1p1,v1,2059-01-01,2060-12-31,False,False,True,True,True,False,False,True,False,True,False,False,False,,,1.0,165_225_395_180_330_25,prediction_runs,,crop_WW_2060_100_25832_etrs89-utm32n.asc,,DroughtStressThreshold,0.9,1,
576,True,fixed,auto,WW_sfix_hauto,sim_projection_avgyield.json,crop.json,,site.json,False,dwd_core_ensemble,dwd_core_ensemble/csvs_dwd_core_ensemble,MPI-M-MPI-ESM-LR,MPI-CSC-REMO2009,rcp45,r2i1p1,v1,2059-01-01,2060-12-31,False,False,True,True,True,False,False,True,False,True,False,False,False,,,1.0,165_225_395_180_330_25,prediction_runs,,crop_WW_2060_100_25832_etrs89-utm32n.asc,,DroughtStressThreshold,0.9,1,
577,True,fixed,auto,WW_sfix_hauto,sim_projection_avgyield.json,crop.json,,site.json,False,dwd_core_ensemble,dwd_core_ensemble/csvs_dwd_core_ensemble,MPI-M-MPI-ESM-LR,MPI-CSC-REMO2009,rcp85,r2i1p1,v1,2059-01-01,2060-12-31,False,False,True,True,True,False,False,True,False,True,False,False,False,,,1.0,165_225_395_180_330_25,prediction_runs,,crop_WW_2060_100_25832_etrs89-utm32n.asc,,DroughtStressThreshold,0.9,1,
578,True,fixed,auto,WW_sfix_hauto,sim_projection_avgyield.json,crop.json,,site.json,False,dwd_core_ensemble,dwd_core_ensemble/csvs_dwd_core_ensemble,MPI-M-MPI-ESM-LR,UHOH-WRF361H,rcp85,r1i1p1,v1,2059-01-01,2060-12-31,False,False,True,True,True,False,False,True,False,True,False,False,False,,,1.0,165_225_395_180_330_25,prediction_runs,,crop_WW_2060_100_25832_etrs89-utm32n.asc,,DroughtStressThreshold,0.9,1,
579,True,fixed,auto,WW_sfix_hauto,sim_projection_avgyield.json,crop.json,,site.json,False,dwd_core_ensemble,dwd_core_ensemble/csvs_dwd_core_ensemble,CCCma-CanESM2,CLMcom-CCLM4-8-17,rcp85,r1i1p1,v1,2060-01-01,2061-12-31,False,False,True,True,True,False,False,True,False,True,False,False,False,,,1.0,165_225_395_180_330_25,prediction_runs,,crop_WW_2061_100_25832_etrs89-utm32n.asc,,DroughtStressThreshold,0.9,1,
580,True,fixed,auto,WW_sfix_hauto,sim_projection_avgyield.json,crop.json,,site.json,False,dwd_core_ensemble,dwd_core_ensemble/csvs_dwd_core_ensemble,ICHEC-EC-EARTH,CLMcom-CCLM4-8-17,rcp26,r12i1p1,v1,2060-01-01,2061-12-31,False,False,True,True,True,False,False,True,False,True,False,False,False,,,1.0,165_225_395_180_330_25,prediction_runs,,crop_WW_2061_100_25832_etrs89-utm32n.asc,,DroughtStressThreshold,0.9,1,
581,True,fixed,auto,WW_sfix_hauto,sim_projection_avgyield.json,crop.json,,site.json,False,dwd_core_ensemble,dwd_core_ensemble/csvs_dwd_core_ensemble,ICHEC-EC-EARTH,KNMI-RACMO22E,rcp26,r12i1p1,v1,2060-01-01,2061-12-31,False,False,True,True,True,False,False,True,False,True,False,False,False,,,1.0,165_225_395_180_330_25,prediction_runs,,crop_WW_2061_100_25832_etrs89-utm32n.asc,,DroughtStressThreshold,0.9,1,
582,True,fixed,auto,WW_sfix_hauto,sim_projection_avgyield.json,crop.json,,site.json,False,dwd_core_ensemble,dwd_core_ensemble/csvs_dwd_core_ensemble,ICHEC-EC-EARTH,KNMI-RACMO22E,rcp45,r1i1p1,v1,2060-01-01,2061-12-31,False,False,True,True,True,False,False,True,False,True,False,False,False,,,1.0,165_225_395_180_330_25,prediction_runs,,crop_WW_2061_100_25832_etrs89-utm32n.asc,,DroughtStressThreshold,0.9,1,
583,True,fixed,auto,WW_sfix_hauto,sim_projection_avgyield.json,crop.json,,site.json,False,dwd_core_ensemble,dwd_core_ensemble/csvs_dwd_core_ensemble,ICHEC-EC-EARTH,KNMI-RACMO22E,rcp45,r12i1p1,v1,2060-01-01,2061-12-31,False,False,True,True,True,False,False,True,False,True,False,False,False,,,1.0,165_225_395_180_330_25,prediction_runs,,crop_WW_2061_100_25832_etrs89-utm32n.asc,,DroughtStressThreshold,0.9,1,
584,True,fixed,auto,WW_sfix_hauto,sim_projection_avgyield.json,crop.json,,site.json,False,dwd_core_ensemble,dwd_core_ensemble/csvs_dwd_core_ensemble,ICHEC-EC-EARTH,KNMI-RACMO22E,rcp85,r1i1p1,v1,2060-01-01,2061-12-31,False,False,True,True,True,False,False,True,False,True,False,False,False,,,1.0,165_225_395_180_330_25,prediction_runs,,crop_WW_2061_100_25832_etrs89-utm32n.asc,,DroughtStressThreshold,0.9,1,
585,True,fixed,auto,WW_sfix_hauto,sim_projection_avgyield.json,crop.json,,site.json,False,dwd_core_ensemble,dwd_core_ensemble/csvs_dwd_core_ensemble,ICHEC-EC-EARTH,SMHI-RCA4,rcp45,r12i1p1,v1,2060-01-01,2061-12-31,False,False,True,True,True,False,False,True,False,True,False,False,False,,,1.0,165_225_395_180_330_25,prediction_runs,,crop_WW_2061_100_25832_etrs89-utm32n.asc,,DroughtStressThreshold,0.9,1,
586,True,fixed,auto,WW_sfix_hauto,sim_projection_avgyield.json,crop.json,,site.json,False,dwd_core_ensemble,dwd_core_ensemble/csvs_dwd_core_ensemble,MIROC-MIROC5,CLMcom-CCLM4-8-17,rcp26,r1i1p1,v1,2060-01-01,2061-12-31,False,False,True,True,True,False,False,True,False,True,False,False,False,,,1.0,165_225_395_180_330_25,prediction_runs,,crop_WW_2061_100_25832_etrs89-utm32n.asc,,DroughtStressThreshold,0.9,1,
587,True,fixed,auto,WW_sfix_hauto,sim_projection_avgyield.json,crop.json,,site.json,False,dwd_core_ensemble,dwd_core_ensemble/csvs_dwd_core_ensemble,MIROC-MIROC5,GERICS-REMO2015,rcp85,r1i1p1,v1,2060-01-01,2061-12-31,False,False,True,True,True,False,False,True,False,True,False,False,False,,,1.0,165_225_395_180_330_25,prediction_runs,,crop_WW_2061_100_25832_etrs89-utm32n.asc,,DroughtStressThreshold,0.9,1,
588,True,fixed,auto,WW_sfix_hauto,sim_projection_avgyield.json,crop.json,,site.json,False,dwd_core_ensemble,dwd_core_ensemble/csvs_dwd_core_ensemble,MOHC-HadGEM2-ES,CLMcom-CCLM4-8-17,rcp45,r1i1p1,v1,2060-01-01,2061-12-31,False,False,True,True,True,False,False,True,False,True,False,False,False,,,1.0,165_225_395_180_330_25,prediction_runs,,crop_WW_2061_100_25832_etrs89-utm32n.asc,,DroughtStressThreshold,0.9,1,
589,True,fixed,auto,WW_sfix_hauto,sim_projection_avgyield.json,crop.json,,site.json,False,dwd_core_ensemble,dwd_core_ensemble/csvs_dwd_core_ensemble,MOHC-HadGEM2-ES,CLMcom-CCLM4-8-17,rcp85,r1i1p1,v1,2060-01-01,2061-12-31,False,False,True,True,True,False,False,True,False,True,False,False,False,,,1.0,165_225_395_180_330_25,prediction_runs,,crop_WW_2061_100_25832_etrs89-utm32n.asc,,DroughtStressThreshold,0.9,1,
590,True,fixed,auto,WW_sfix_hauto,sim_projection_avgyield.json,crop.json,,site.json,False,dwd_core_ensemble,dwd_core_ensemble/csvs_dwd_core_ensemble,MOHC-HadGEM2-ES,KNMI-RACMO22E,rcp26,r1i1p1,v2,2060-01-01,2061-12-31,False,False,True,True,True,False,False,True,False,True,False,False,False,,,1.0,165_225_395_180_330_25,prediction_runs,,crop_WW_2061_100_25832_etrs89-utm32n.asc,,DroughtStressThreshold,0.9,1,
591,True,fixed,auto,WW_sfix_hauto,sim_projection_avgyield.json,crop.json,,site.json,False,dwd_core_ensemble,dwd_core_ensemble/csvs_dwd_core_ensemble,MPI-M-MPI-ESM-LR,MPI-CSC-REMO2009,rcp26,r2i1p1,v1,2060-01-01,2061-12-31,False,False,True,True,True,False,False,True,False,True,False,False,False,,,1.0,165_225_395_180_330_25,prediction_runs,,crop_WW_2061_100_25832_etrs89-utm32n.asc,,DroughtStressThreshold,0.9,1,
592,True,fixed,auto,WW_sfix_hauto,sim_projection_avgyield.json,crop.json,,site.json,False,dwd_core_ensemble,dwd_core_ensemble/csvs_dwd_core_ensemble,MPI-M-MPI-ESM-LR,MPI-CSC-REMO2009,rcp45,r1i1p1,v1,2060-01-01,2061-12-31,False,False,True,True,True,False,False,True,False,True,False,False,False,,,1.0,165_225_395_180_330_25,prediction_runs,,crop_WW_2061_100_25832_etrs89-utm32n.asc,,DroughtStressThreshold,0.9,1,
593,True,fixed,auto,WW_sfix_hauto,sim_projection_avgyield.json,crop.json,,site.json,False,dwd_core_ensemble,dwd_core_ensemble/csvs_dwd_core_ensemble,MPI-M-MPI-ESM-LR,MPI-CSC-REMO2009,rcp45,r2i1p1,v1,2060-01-01,2061-12-31,False,False,True,True,True,False,False,True,False,True,False,False,False,,,1.0,165_225_395_180_330_25,prediction_runs,,crop_WW_2061_100_25832_etrs89-utm32n.asc,,DroughtStressThreshold,0.9,1,
594,True,fixed,auto,WW_sfix_hauto,sim_projection_avgyield.json,crop.json,,site.json,False,dwd_core_ensemble,dwd_core_ensemble/csvs_dwd_core_ensemble,MPI-M-MPI-ESM-LR,MPI-CSC-REMO2009,rcp85,r2i1p1,v1,2060-01-01,2061-12-31,False,False,True,True,True,False,False,True,False,True,False,False,False,,,1.0,165_225_395_180_330_25,prediction_runs,,crop_WW_2061_100_25832_etrs89-utm32n.asc,,DroughtStressThreshold,0.9,1,
595,True,fixed,auto,WW_sfix_hauto,sim_projection_avgyield.json,crop.json,,site.json,False,dwd_core_ensemble,dwd_core_ensemble/csvs_dwd_core_ensemble,MPI-M-MPI-ESM-LR,UHOH-WRF361H,rcp85,r1i1p1,v1,2060-01-01,2061-12-31,False,False,True,True,True,False,False,True,False,True,False,False,False,,,1.0,165_225_395_180_330_25,prediction_runs,,crop_WW_2061_100_25832_etrs89-utm32n.asc,,DroughtStressThreshold,0.9,1,
596,True,fixed,auto,WW_sfix_hauto,sim_projection_avgyield.json,crop.json,,site.json,False,dwd_core_ensemble,dwd_core_ensemble/csvs_dwd_core_ensemble,CCCma-CanESM2,CLMcom-CCLM4-8-17,rcp85,r1i1p1,v1,2061-01-01,2062-12-31,False,False,True,True,True,False,False,True,False,True,False,False,False,,,1.0,165_225_395_180_330_25,prediction_runs,,crop_WW_2062_100_25832_etrs89-utm32n.asc,,DroughtStressThreshold,0.9,1,
597,True,fixed,auto,WW_sfix_hauto,sim_projection_avgyield.json,crop.json,,site.json,False,dwd_core_ensemble,dwd_core_ensemble/csvs_dwd_core_ensemble,ICHEC-EC-EARTH,CLMcom-CCLM4-8-17,rcp26,r12i1p1,v1,2061-01-01,2062-12-31,False,False,True,True,True,False,False,True,False,True,False,False,False,,,1.0,165_225_395_180_330_25,prediction_runs,,crop_WW_2062_100_25832_etrs89-utm32n.asc,,DroughtStressThreshold,0.9,1,
598,True,fixed,auto,WW_sfix_hauto,sim_projection_avgyield.json,crop.json,,site.json,False,dwd_core_ensemble,dwd_core_ensemble/csvs_dwd_core_ensemble,ICHEC-EC-EARTH,KNMI-RACMO22E,rcp26,r12i1p1,v1,2061-01-01,2062-12-31,False,False,True,True,True,False,False,True,False,True,False,False,False,,,1.0,165_225_395_180_330_25,prediction_runs,,crop_WW_2062_100_25832_etrs89-utm32n.asc,,DroughtStressThreshold,0.9,1,
599,True,fixed,auto,WW_sfix_hauto,sim_projection_avgyield.json,crop.json,,site.json,False,dwd_core_ensemble,dwd_core_ensemble/csvs_dwd_core_ensemble,ICHEC-EC-EARTH,KNMI-RACMO22E,rcp45,r1i1p1,v1,2061-01-01,2062-12-31,False,False,True,True,True,False,False,True,False,True,False,False,False,,,1.0,165_225_395_180_330_25,prediction_runs,,crop_WW_2062_100_25832_etrs89-utm32n.asc,,DroughtStressThreshold,0.9,1,
600,True,fixed,auto,WW_sfix_hauto,sim_projection_avgyield.json,crop.json,,site.json,False,dwd_core_ensemble,dwd_core_ensemble/csvs_dwd_core_ensemble,ICHEC-EC-EARTH,KNMI-RACMO22E,rcp45,r12i1p1,v1,2061-01-01,2062-12-31,False,False,True,True,True,False,False,True,False,True,False,False,False,,,1.0,165_225_395_180_330_25,prediction_runs,,crop_WW_2062_100_25832_etrs89-utm32n.asc,,DroughtStressThreshold,0.9,1,
601,True,fixed,auto,WW_sfix_hauto,sim_projection_avgyield.json,crop.json,,site.json,False,dwd_core_ensemble,dwd_core_ensemble/csvs_dwd_core_ensemble,ICHEC-EC-EARTH,KNMI-RACMO22E,rcp85,r1i1p1,v1,2061-01-01,2062-12-31,False,False,True,True,True,False,False,True,False,True,False,False,False,,,1.0,165_225_395_180_330_25,prediction_runs,,crop_WW_2062_100_25832_etrs89-utm32n.asc,,DroughtStressThreshold,0.9,1,
602,True,fixed,auto,WW_sfix_hauto,sim_projection_avgyield.json,crop.json,,site.json,False,dwd_core_ensemble,dwd_core_ensemble/csvs_dwd_core_ensemble,ICHEC-EC-EARTH,SMHI-RCA4,rcp45,r12i1p1,v1,2061-01-01,2062-12-31,False,False,True,True,True,False,False,True,False,True,False,False,False,,,1.0,165_225_395_180_330_25,prediction_runs,,crop_WW_2062_100_25832_etrs89-utm32n.asc,,DroughtStressThreshold,0.9,1,
603,True,fixed,auto,WW_sfix_hauto,sim_projection_avgyield.json,crop.json,,site.json,False,dwd_core_ensemble,dwd_core_ensemble/csvs_dwd_core_ensemble,MIROC-MIROC5,CLMcom-CCLM4-8-17,rcp26,r1i1p1,v1,2061-01-01,2062-12-31,False,False,True,True,True,False,False,True,False,True,False,False,False,,,1.0,165_225_395_180_330_25,prediction_runs,,crop_WW_2062_100_25832_etrs89-utm32n.asc,,DroughtStressThreshold,0.9,1,
604,True,fixed,auto,WW_sfix_hauto,sim_projection_avgyield.json,crop.json,,site.json,False,dwd_core_ensemble,dwd_core_ensemble/csvs_dwd_core_ensemble,MIROC-MIROC5,GERICS-REMO2015,rcp85,r1i1p1,v1,2061-01-01,2062-12-31,False,False,True,True,True,False,False,True,False,True,False,False,False,,,1.0,165_225_395_180_330_25,prediction_runs,,crop_WW_2062_100_25832_etrs89-utm32n.asc,,DroughtStressThreshold,0.9,1,
605,True,fixed,auto,WW_sfix_hauto,sim_projection_avgyield.json,crop.json,,site.json,False,dwd_core_ensemble,dwd_core_ensemble/csvs_dwd_core_ensemble,MOHC-HadGEM2-ES,CLMcom-CCLM4-8-17,rcp45,r1i1p1,v1,2061-01-01,2062-12-31,False,False,True,True,True,False,False,True,False,True,False,False,False,,,1.0,165_225_395_180_330_25,prediction_runs,,crop_WW_2062_100_25832_etrs89-utm32n.asc,,DroughtStressThreshold,0.9,1,
606,True,fixed,auto,WW_sfix_hauto,sim_projection_avgyield.json,crop.json,,site.json,False,dwd_core_ensemble,dwd_core_ensemble/csvs_dwd_core_ensemble,MOHC-HadGEM2-ES,CLMcom-CCLM4-8-17,rcp85,r1i1p1,v1,2061-01-01,2062-12-31,False,False,True,True,True,False,False,True,False,True,False,False,False,,,1.0,165_225_395_180_330_25,prediction_runs,,crop_WW_2062_100_25832_etrs89-utm32n.asc,,DroughtStressThreshold,0.9,1,
607,True,fixed,auto,WW_sfix_hauto,sim_projection_avgyield.json,crop.json,,site.json,False,dwd_core_ensemble,dwd_core_ensemble/csvs_dwd_core_ensemble,MOHC-HadGEM2-ES,KNMI-RACMO22E,rcp26,r1i1p1,v2,2061-01-01,2062-12-31,False,False,True,True,True,False,False,True,False,True,False,False,False,,,1.0,165_225_395_180_330_25,prediction_runs,,crop_WW_2062_100_25832_etrs89-utm32n.asc,,DroughtStressThreshold,0.9,1,
608,True,fixed,auto,WW_sfix_hauto,sim_projection_avgyield.json,crop.json,,site.json,False,dwd_core_ensemble,dwd_core_ensemble/csvs_dwd_core_ensemble,MPI-M-MPI-ESM-LR,MPI-CSC-REMO2009,rcp26,r2i1p1,v1,2061-01-01,2062-12-31,False,False,True,True,True,False,False,True,False,True,False,False,False,,,1.0,165_225_395_180_330_25,prediction_runs,,crop_WW_2062_100_25832_etrs89-utm32n.asc,,DroughtStressThreshold,0.9,1,
609,True,fixed,auto,WW_sfix_hauto,sim_projection_avgyield.json,crop.json,,site.json,False,dwd_core_ensemble,dwd_core_ensemble/csvs_dwd_core_ensemble,MPI-M-MPI-ESM-LR,MPI-CSC-REMO2009,rcp45,r1i1p1,v1,2061-01-01,2062-12-31,False,False,True,True,True,False,False,True,False,True,False,False,False,,,1.0,165_225_395_180_330_25,prediction_runs,,crop_WW_2062_100_25832_etrs89-utm32n.asc,,DroughtStressThreshold,0.9,1,
610,True,fixed,auto,WW_sfix_hauto,sim_projection_avgyield.json,crop.json,,site.json,False,dwd_core_ensemble,dwd_core_ensemble/csvs_dwd_core_ensemble,MPI-M-MPI-ESM-LR,MPI-CSC-REMO2009,rcp45,r2i1p1,v1,2061-01-01,2062-12-31,False,False,True,True,True,False,False,True,False,True,False,False,False,,,1.0,165_225_395_180_330_25,prediction_runs,,crop_WW_2062_100_25832_etrs89-utm32n.asc,,DroughtStressThreshold,0.9,1,
611,True,fixed,auto,WW_sfix_hauto,sim_projection_avgyield.json,crop.json,,site.json,False,dwd_core_ensemble,dwd_core_ensemble/csvs_dwd_core_ensemble,MPI-M-MPI-ESM-LR,MPI-CSC-REMO2009,rcp85,r2i1p1,v1,2061-01-01,2062-12-31,False,False,True,True,True,False,False,True,False,True,False,False,False,,,1.0,165_225_395_180_330_25,prediction_runs,,crop_WW_2062_100_25832_etrs89-utm32n.asc,,DroughtStressThreshold,0.9,1,
612,True,fixed,auto,WW_sfix_hauto,sim_projection_avgyield.json,crop.json,,site.json,False,dwd_core_ensemble,dwd_core_ensemble/csvs_dwd_core_ensemble,MPI-M-MPI-ESM-LR,UHOH-WRF361H,rcp85,r1i1p1,v1,2061-01-01,2062-12-31,False,False,True,True,True,False,False,True,False,True,False,False,False,,,1.0,165_225_395_180_330_25,prediction_runs,,crop_WW_2062_100_25832_etrs89-utm32n.asc,,DroughtStressThreshold,0.9,1,
613,True,fixed,auto,WW_sfix_hauto,sim_projection_avgyield.json,crop.json,,site.json,False,dwd_core_ensemble,dwd_core_ensemble/csvs_dwd_core_ensemble,CCCma-CanESM2,CLMcom-CCLM4-8-17,rcp85,r1i1p1,v1,2062-01-01,2063-12-31,False,False,True,True,True,False,False,True,False,True,False,False,False,,,1.0,165_225_395_180_330_25,prediction_runs,,crop_WW_2063_100_25832_etrs89-utm32n.asc,,DroughtStressThreshold,0.9,1,
614,True,fixed,auto,WW_sfix_hauto,sim_projection_avgyield.json,crop.json,,site.json,False,dwd_core_ensemble,dwd_core_ensemble/csvs_dwd_core_ensemble,ICHEC-EC-EARTH,CLMcom-CCLM4-8-17,rcp26,r12i1p1,v1,2062-01-01,2063-12-31,False,False,True,True,True,False,False,True,False,True,False,False,False,,,1.0,165_225_395_180_330_25,prediction_runs,,crop_WW_2063_100_25832_etrs89-utm32n.asc,,DroughtStressThreshold,0.9,1,
615,True,fixed,auto,WW_sfix_hauto,sim_projection_avgyield.json,crop.json,,site.json,False,dwd_core_ensemble,dwd_core_ensemble/csvs_dwd_core_ensemble,ICHEC-EC-EARTH,KNMI-RACMO22E,rcp26,r12i1p1,v1,2062-01-01,2063-12-31,False,False,True,True,True,False,False,True,False,True,False,False,False,,,1.0,165_225_395_180_330_25,prediction_runs,,crop_WW_2063_100_25832_etrs89-utm32n.asc,,DroughtStressThreshold,0.9,1,
616,True,fixed,auto,WW_sfix_hauto,sim_projection_avgyield.json,crop.json,,site.json,False,dwd_core_ensemble,dwd_core_ensemble/csvs_dwd_core_ensemble,ICHEC-EC-EARTH,KNMI-RACMO22E,rcp45,r1i1p1,v1,2062-01-01,2063-12-31,False,False,True,True,True,False,False,True,False,True,False,False,False,,,1.0,165_225_395_180_330_25,prediction_runs,,crop_WW_2063_100_25832_etrs89-utm32n.asc,,DroughtStressThreshold,0.9,1,
617,True,fixed,auto,WW_sfix_hauto,sim_projection_avgyield.json,crop.json,,site.json,False,dwd_core_ensemble,dwd_core_ensemble/csvs_dwd_core_ensemble,ICHEC-EC-EARTH,KNMI-RACMO22E,rcp45,r12i1p1,v1,2062-01-01,2063-12-31,False,False,True,True,True,False,False,True,False,True,False,False,False,,,1.0,165_225_395_180_330_25,prediction_runs,,crop_WW_2063_100_25832_etrs89-utm32n.asc,,DroughtStressThreshold,0.9,1,
618,True,fixed,auto,WW_sfix_hauto,sim_projection_avgyield.json,crop.json,,site.json,False,dwd_core_ensemble,dwd_core_ensemble/csvs_dwd_core_ensemble,ICHEC-EC-EARTH,KNMI-RACMO22E,rcp85,r1i1p1,v1,2062-01-01,2063-12-31,False,False,True,True,True,False,False,True,False,True,False,False,False,,,1.0,165_225_395_180_330_25,prediction_runs,,crop_WW_2063_100_25832_etrs89-utm32n.asc,,DroughtStressThreshold,0.9,1,
619,True,fixed,auto,WW_sfix_hauto,sim_projection_avgyield.json,crop.json,,site.json,False,dwd_core_ensemble,dwd_core_ensemble/csvs_dwd_core_ensemble,ICHEC-EC-EARTH,SMHI-RCA4,rcp45,r12i1p1,v1,2062-01-01,2063-12-31,False,False,True,True,True,False,False,True,False,True,False,False,False,,,1.0,165_225_395_180_330_25,prediction_runs,,crop_WW_2063_100_25832_etrs89-utm32n.asc,,DroughtStressThreshold,0.9,1,
620,True,fixed,auto,WW_sfix_hauto,sim_projection_avgyield.json,crop.json,,site.json,False,dwd_core_ensemble,dwd_core_ensemble/csvs_dwd_core_ensemble,MIROC-MIROC5,CLMcom-CCLM4-8-17,rcp26,r1i1p1,v1,2062-01-01,2063-12-31,False,False,True,True,True,False,False,True,False,True,False,False,False,,,1.0,165_225_395_180_330_25,prediction_runs,,crop_WW_2063_100_25832_etrs89-utm32n.asc,,DroughtStressThreshold,0.9,1,
621,True,fixed,auto,WW_sfix_hauto,sim_projection_avgyield.json,crop.json,,site.json,False,dwd_core_ensemble,dwd_core_ensemble/csvs_dwd_core_ensemble,MIROC-MIROC5,GERICS-REMO2015,rcp85,r1i1p1,v1,2062-01-01,2063-12-31,False,False,True,True,True,False,False,True,False,True,False,False,False,,,1.0,165_225_395_180_330_25,prediction_runs,,crop_WW_2063_100_25832_etrs89-utm32n.asc,,DroughtStressThreshold,0.9,1,
622,True,fixed,auto,WW_sfix_hauto,sim_projection_avgyield.json,crop.json,,site.json,False,dwd_core_ensemble,dwd_core_ensemble/csvs_dwd_core_ensemble,MOHC-HadGEM2-ES,CLMcom-CCLM4-8-17,rcp45,r1i1p1,v1,2062-01-01,2063-12-31,False,False,True,True,True,False,False,True,False,True,False,False,False,,,1.0,165_225_395_180_330_25,prediction_runs,,crop_WW_2063_100_25832_etrs89-utm32n.asc,,DroughtStressThreshold,0.9,1,
623,True,fixed,auto,WW_sfix_hauto,sim_projection_avgyield.json,crop.json,,site.json,False,dwd_core_ensemble,dwd_core_ensemble/csvs_dwd_core_ensemble,MOHC-HadGEM2-ES,CLMcom-CCLM4-8-17,rcp85,r1i1p1,v1,2062-01-01,2063-12-31,False,False,True,True,True,False,False,True,False,True,False,False,False,,,1.0,165_225_395_180_330_25,prediction_runs,,crop_WW_2063_100_25832_etrs89-utm32n.asc,,DroughtStressThreshold,0.9,1,
624,True,fixed,auto,WW_sfix_hauto,sim_projection_avgyield.json,crop.json,,site.json,False,dwd_core_ensemble,dwd_core_ensemble/csvs_dwd_core_ensemble,MOHC-HadGEM2-ES,KNMI-RACMO22E,rcp26,r1i1p1,v2,2062-01-01,2063-12-31,False,False,True,True,True,False,False,True,False,True,False,False,False,,,1.0,165_225_395_180_330_25,prediction_runs,,crop_WW_2063_100_25832_etrs89-utm32n.asc,,DroughtStressThreshold,0.9,1,
625,True,fixed,auto,WW_sfix_hauto,sim_projection_avgyield.json,crop.json,,site.json,False,dwd_core_ensemble,dwd_core_ensemble/csvs_dwd_core_ensemble,MPI-M-MPI-ESM-LR,MPI-CSC-REMO2009,rcp26,r2i1p1,v1,2062-01-01,2063-12-31,False,False,True,True,True,False,False,True,False,True,False,False,False,,,1.0,165_225_395_180_330_25,prediction_runs,,crop_WW_2063_100_25832_etrs89-utm32n.asc,,DroughtStressThreshold,0.9,1,
626,True,fixed,auto,WW_sfix_hauto,sim_projection_avgyield.json,crop.json,,site.json,False,dwd_core_ensemble,dwd_core_ensemble/csvs_dwd_core_ensemble,MPI-M-MPI-ESM-LR,MPI-CSC-REMO2009,rcp45,r1i1p1,v1,2062-01-01,2063-12-31,False,False,True,True,True,False,False,True,False,True,False,False,False,,,1.0,165_225_395_180_330_25,prediction_runs,,crop_WW_2063_100_25832_etrs89-utm32n.asc,,DroughtStressThreshold,0.9,1,
627,True,fixed,auto,WW_sfix_hauto,sim_projection_avgyield.json,crop.json,,site.json,False,dwd_core_ensemble,dwd_core_ensemble/csvs_dwd_core_ensemble,MPI-M-MPI-ESM-LR,MPI-CSC-REMO2009,rcp45,r2i1p1,v1,2062-01-01,2063-12-31,False,False,True,True,True,False,False,True,False,True,False,False,False,,,1.0,165_225_395_180_330_25,prediction_runs,,crop_WW_2063_100_25832_etrs89-utm32n.asc,,DroughtStressThreshold,0.9,1,
628,True,fixed,auto,WW_sfix_hauto,sim_projection_avgyield.json,crop.json,,site.json,False,dwd_core_ensemble,dwd_core_ensemble/csvs_dwd_core_ensemble,MPI-M-MPI-ESM-LR,MPI-CSC-REMO2009,rcp85,r2i1p1,v1,2062-01-01,2063-12-31,False,False,True,True,True,False,False,True,False,True,False,False,False,,,1.0,165_225_395_180_330_25,prediction_runs,,crop_WW_2063_100_25832_etrs89-utm32n.asc,,DroughtStressThreshold,0.9,1,
629,True,fixed,auto,WW_sfix_hauto,sim_projection_avgyield.json,crop.json,,site.json,False,dwd_core_ensemble,dwd_core_ensemble/csvs_dwd_core_ensemble,MPI-M-MPI-ESM-LR,UHOH-WRF361H,rcp85,r1i1p1,v1,2062-01-01,2063-12-31,False,False,True,True,True,False,False,True,False,True,False,False,False,,,1.0,165_225_395_180_330_25,prediction_runs,,crop_WW_2063_100_25832_etrs89-utm32n.asc,,DroughtStressThreshold,0.9,1,
630,True,fixed,auto,WW_sfix_hauto,sim_projection_avgyield.json,crop.json,,site.json,False,dwd_core_ensemble,dwd_core_ensemble/csvs_dwd_core_ensemble,CCCma-CanESM2,CLMcom-CCLM4-8-17,rcp85,r1i1p1,v1,2063-01-01,2064-12-31,False,False,True,True,True,False,False,True,False,True,False,False,False,,,1.0,165_225_395_180_330_25,prediction_runs,,crop_WW_2064_100_25832_etrs89-utm32n.asc,,DroughtStressThreshold,0.9,1,
631,True,fixed,auto,WW_sfix_hauto,sim_projection_avgyield.json,crop.json,,site.json,False,dwd_core_ensemble,dwd_core_ensemble/csvs_dwd_core_ensemble,ICHEC-EC-EARTH,CLMcom-CCLM4-8-17,rcp26,r12i1p1,v1,2063-01-01,2064-12-31,False,False,True,True,True,False,False,True,False,True,False,False,False,,,1.0,165_225_395_180_330_25,prediction_runs,,crop_WW_2064_100_25832_etrs89-utm32n.asc,,DroughtStressThreshold,0.9,1,
632,True,fixed,auto,WW_sfix_hauto,sim_projection_avgyield.json,crop.json,,site.json,False,dwd_core_ensemble,dwd_core_ensemble/csvs_dwd_core_ensemble,ICHEC-EC-EARTH,KNMI-RACMO22E,rcp26,r12i1p1,v1,2063-01-01,2064-12-31,False,False,True,True,True,False,False,True,False,True,False,False,False,,,1.0,165_225_395_180_330_25,prediction_runs,,crop_WW_2064_100_25832_etrs89-utm32n.asc,,DroughtStressThreshold,0.9,1,
633,True,fixed,auto,WW_sfix_hauto,sim_projection_avgyield.json,crop.json,,site.json,False,dwd_core_ensemble,dwd_core_ensemble/csvs_dwd_core_ensemble,ICHEC-EC-EARTH,KNMI-RACMO22E,rcp45,r1i1p1,v1,2063-01-01,2064-12-31,False,False,True,True,True,False,False,True,False,True,False,False,False,,,1.0,165_225_395_180_330_25,prediction_runs,,crop_WW_2064_100_25832_etrs89-utm32n.asc,,DroughtStressThreshold,0.9,1,
634,True,fixed,auto,WW_sfix_hauto,sim_projection_avgyield.json,crop.json,,site.json,False,dwd_core_ensemble,dwd_core_ensemble/csvs_dwd_core_ensemble,ICHEC-EC-EARTH,KNMI-RACMO22E,rcp45,r12i1p1,v1,2063-01-01,2064-12-31,False,False,True,True,True,False,False,True,False,True,False,False,False,,,1.0,165_225_395_180_330_25,prediction_runs,,crop_WW_2064_100_25832_etrs89-utm32n.asc,,DroughtStressThreshold,0.9,1,
635,True,fixed,auto,WW_sfix_hauto,sim_projection_avgyield.json,crop.json,,site.json,False,dwd_core_ensemble,dwd_core_ensemble/csvs_dwd_core_ensemble,ICHEC-EC-EARTH,KNMI-RACMO22E,rcp85,r1i1p1,v1,2063-01-01,2064-12-31,False,False,True,True,True,False,False,True,False,True,False,False,False,,,1.0,165_225_395_180_330_25,prediction_runs,,crop_WW_2064_100_25832_etrs89-utm32n.asc,,DroughtStressThreshold,0.9,1,
636,True,fixed,auto,WW_sfix_hauto,sim_projection_avgyield.json,crop.json,,site.json,False,dwd_core_ensemble,dwd_core_ensemble/csvs_dwd_core_ensemble,ICHEC-EC-EARTH,SMHI-RCA4,rcp45,r12i1p1,v1,2063-01-01,2064-12-31,False,False,True,True,True,False,False,True,False,True,False,False,False,,,1.0,165_225_395_180_330_25,prediction_runs,,crop_WW_2064_100_25832_etrs89-utm32n.asc,,DroughtStressThreshold,0.9,1,
637,True,fixed,auto,WW_sfix_hauto,sim_projection_avgyield.json,crop.json,,site.json,False,dwd_core_ensemble,dwd_core_ensemble/csvs_dwd_core_ensemble,MIROC-MIROC5,CLMcom-CCLM4-8-17,rcp26,r1i1p1,v1,2063-01-01,2064-12-31,False,False,True,True,True,False,False,True,False,True,False,False,False,,,1.0,165_225_395_180_330_25,prediction_runs,,crop_WW_2064_100_25832_etrs89-utm32n.asc,,DroughtStressThreshold,0.9,1,
638,True,fixed,auto,WW_sfix_hauto,sim_projection_avgyield.json,crop.json,,site.json,False,dwd_core_ensemble,dwd_core_ensemble/csvs_dwd_core_ensemble,MIROC-MIROC5,GERICS-REMO2015,rcp85,r1i1p1,v1,2063-01-01,2064-12-31,False,False,True,True,True,False,False,True,False,True,False,False,False,,,1.0,165_225_395_180_330_25,prediction_runs,,crop_WW_2064_100_25832_etrs89-utm32n.asc,,DroughtStressThreshold,0.9,1,
639,True,fixed,auto,WW_sfix_hauto,sim_projection_avgyield.json,crop.json,,site.json,False,dwd_core_ensemble,dwd_core_ensemble/csvs_dwd_core_ensemble,MOHC-HadGEM2-ES,CLMcom-CCLM4-8-17,rcp45,r1i1p1,v1,2063-01-01,2064-12-31,False,False,True,True,True,False,False,True,False,True,False,False,False,,,1.0,165_225_395_180_330_25,prediction_runs,,crop_WW_2064_100_25832_etrs89-utm32n.asc,,DroughtStressThreshold,0.9,1,
640,True,fixed,auto,WW_sfix_hauto,sim_projection_avgyield.json,crop.json,,site.json,False,dwd_core_ensemble,dwd_core_ensemble/csvs_dwd_core_ensemble,MOHC-HadGEM2-ES,CLMcom-CCLM4-8-17,rcp85,r1i1p1,v1,2063-01-01,2064-12-31,False,False,True,True,True,False,False,True,False,True,False,False,False,,,1.0,165_225_395_180_330_25,prediction_runs,,crop_WW_2064_100_25832_etrs89-utm32n.asc,,DroughtStressThreshold,0.9,1,
641,True,fixed,auto,WW_sfix_hauto,sim_projection_avgyield.json,crop.json,,site.json,False,dwd_core_ensemble,dwd_core_ensemble/csvs_dwd_core_ensemble,MOHC-HadGEM2-ES,KNMI-RACMO22E,rcp26,r1i1p1,v2,2063-01-01,2064-12-31,False,False,True,True,True,False,False,True,False,True,False,False,False,,,1.0,165_225_395_180_330_25,prediction_runs,,crop_WW_2064_100_25832_etrs89-utm32n.asc,,DroughtStressThreshold,0.9,1,
642,True,fixed,auto,WW_sfix_hauto,sim_projection_avgyield.json,crop.json,,site.json,False,dwd_core_ensemble,dwd_core_ensemble/csvs_dwd_core_ensemble,MPI-M-MPI-ESM-LR,MPI-CSC-REMO2009,rcp26,r2i1p1,v1,2063-01-01,2064-12-31,False,False,True,True,True,False,False,True,False,True,False,False,False,,,1.0,165_225_395_180_330_25,prediction_runs,,crop_WW_2064_100_25832_etrs89-utm32n.asc,,DroughtStressThreshold,0.9,1,
643,True,fixed,auto,WW_sfix_hauto,sim_projection_avgyield.json,crop.json,,site.json,False,dwd_core_ensemble,dwd_core_ensemble/csvs_dwd_core_ensemble,MPI-M-MPI-ESM-LR,MPI-CSC-REMO2009,rcp45,r1i1p1,v1,2063-01-01,2064-12-31,False,False,True,True,True,False,False,True,False,True,False,False,False,,,1.0,165_225_395_180_330_25,prediction_runs,,crop_WW_2064_100_25832_etrs89-utm32n.asc,,DroughtStressThreshold,0.9,1,
644,True,fixed,auto,WW_sfix_hauto,sim_projection_avgyield.json,crop.json,,site.json,False,dwd_core_ensemble,dwd_core_ensemble/csvs_dwd_core_ensemble,MPI-M-MPI-ESM-LR,MPI-CSC-REMO2009,rcp45,r2i1p1,v1,2063-01-01,2064-12-31,False,False,True,True,True,False,False,True,False,True,False,False,False,,,1.0,165_225_395_180_330_25,prediction_runs,,crop_WW_2064_100_25832_etrs89-utm32n.asc,,DroughtStressThreshold,0.9,1,
645,True,fixed,auto,WW_sfix_hauto,sim_projection_avgyield.json,crop.json,,site.json,False,dwd_core_ensemble,dwd_core_ensemble/csvs_dwd_core_ensemble,MPI-M-MPI-ESM-LR,MPI-CSC-REMO2009,rcp85,r2i1p1,v1,2063-01-01,2064-12-31,False,False,True,True,True,False,False,True,False,True,False,False,False,,,1.0,165_225_395_180_330_25,prediction_runs,,crop_WW_2064_100_25832_etrs89-utm32n.asc,,DroughtStressThreshold,0.9,1,
646,True,fixed,auto,WW_sfix_hauto,sim_projection_avgyield.json,crop.json,,site.json,False,dwd_core_ensemble,dwd_core_ensemble/csvs_dwd_core_ensemble,MPI-M-MPI-ESM-LR,UHOH-WRF361H,rcp85,r1i1p1,v1,2063-01-01,2064-12-31,False,False,True,True,True,False,False,True,False,True,False,False,False,,,1.0,165_225_395_180_330_25,prediction_runs,,crop_WW_2064_100_25832_etrs89-utm32n.asc,,DroughtStressThreshold,0.9,1,
647,True,fixed,auto,WW_sfix_hauto,sim_projection_avgyield.json,crop.json,,site.json,False,dwd_core_ensemble,dwd_core_ensemble/csvs_dwd_core_ensemble,CCCma-CanESM2,CLMcom-CCLM4-8-17,rcp85,r1i1p1,v1,2064-01-01,2065-12-31,False,False,True,True,True,False,False,True,False,True,False,False,False,,,1.0,165_225_395_180_330_25,prediction_runs,,crop_WW_2065_100_25832_etrs89-utm32n.asc,,DroughtStressThreshold,0.9,1,
648,True,fixed,auto,WW_sfix_hauto,sim_projection_avgyield.json,crop.json,,site.json,False,dwd_core_ensemble,dwd_core_ensemble/csvs_dwd_core_ensemble,ICHEC-EC-EARTH,CLMcom-CCLM4-8-17,rcp26,r12i1p1,v1,2064-01-01,2065-12-31,False,False,True,True,True,False,False,True,False,True,False,False,False,,,1.0,165_225_395_180_330_25,prediction_runs,,crop_WW_2065_100_25832_etrs89-utm32n.asc,,DroughtStressThreshold,0.9,1,
649,True,fixed,auto,WW_sfix_hauto,sim_projection_avgyield.json,crop.json,,site.json,False,dwd_core_ensemble,dwd_core_ensemble/csvs_dwd_core_ensemble,ICHEC-EC-EARTH,KNMI-RACMO22E,rcp26,r12i1p1,v1,2064-01-01,2065-12-31,False,False,True,True,True,False,False,True,False,True,False,False,False,,,1.0,165_225_395_180_330_25,prediction_runs,,crop_WW_2065_100_25832_etrs89-utm32n.asc,,DroughtStressThreshold,0.9,1,
650,True,fixed,auto,WW_sfix_hauto,sim_projection_avgyield.json,crop.json,,site.json,False,dwd_core_ensemble,dwd_core_ensemble/csvs_dwd_core_ensemble,ICHEC-EC-EARTH,KNMI-RACMO22E,rcp45,r1i1p1,v1,2064-01-01,2065-12-31,False,False,True,True,True,False,False,True,False,True,False,False,False,,,1.0,165_225_395_180_330_25,prediction_runs,,crop_WW_2065_100_25832_etrs89-utm32n.asc,,DroughtStressThreshold,0.9,1,
651,True,fixed,auto,WW_sfix_hauto,sim_projection_avgyield.json,crop.json,,site.json,False,dwd_core_ensemble,dwd_core_ensemble/csvs_dwd_core_ensemble,ICHEC-EC-EARTH,KNMI-RACMO22E,rcp45,r12i1p1,v1,2064-01-01,2065-12-31,False,False,True,True,True,False,False,True,False,True,False,False,False,,,1.0,165_225_395_180_330_25,prediction_runs,,crop_WW_2065_100_25832_etrs89-utm32n.asc,,DroughtStressThreshold,0.9,1,
652,True,fixed,auto,WW_sfix_hauto,sim_projection_avgyield.json,crop.json,,site.json,False,dwd_core_ensemble,dwd_core_ensemble/csvs_dwd_core_ensemble,ICHEC-EC-EARTH,KNMI-RACMO22E,rcp85,r1i1p1,v1,2064-01-01,2065-12-31,False,False,True,True,True,False,False,True,False,True,False,False,False,,,1.0,165_225_395_180_330_25,prediction_runs,,crop_WW_2065_100_25832_etrs89-utm32n.asc,,DroughtStressThreshold,0.9,1,
653,True,fixed,auto,WW_sfix_hauto,sim_projection_avgyield.json,crop.json,,site.json,False,dwd_core_ensemble,dwd_core_ensemble/csvs_dwd_core_ensemble,ICHEC-EC-EARTH,SMHI-RCA4,rcp45,r12i1p1,v1,2064-01-01,2065-12-31,False,False,True,True,True,False,False,True,False,True,False,False,False,,,1.0,165_225_395_180_330_25,prediction_runs,,crop_WW_2065_100_25832_etrs89-utm32n.asc,,DroughtStressThreshold,0.9,1,
654,True,fixed,auto,WW_sfix_hauto,sim_projection_avgyield.json,crop.json,,site.json,False,dwd_core_ensemble,dwd_core_ensemble/csvs_dwd_core_ensemble,MIROC-MIROC5,CLMcom-CCLM4-8-17,rcp26,r1i1p1,v1,2064-01-01,2065-12-31,False,False,True,True,True,False,False,True,False,True,False,False,False,,,1.0,165_225_395_180_330_25,prediction_runs,,crop_WW_2065_100_25832_etrs89-utm32n.asc,,DroughtStressThreshold,0.9,1,
655,True,fixed,auto,WW_sfix_hauto,sim_projection_avgyield.json,crop.json,,site.json,False,dwd_core_ensemble,dwd_core_ensemble/csvs_dwd_core_ensemble,MIROC-MIROC5,GERICS-REMO2015,rcp85,r1i1p1,v1,2064-01-01,2065-12-31,False,False,True,True,True,False,False,True,False,True,False,False,False,,,1.0,165_225_395_180_330_25,prediction_runs,,crop_WW_2065_100_25832_etrs89-utm32n.asc,,DroughtStressThreshold,0.9,1,
656,True,fixed,auto,WW_sfix_hauto,sim_projection_avgyield.json,crop.json,,site.json,False,dwd_core_ensemble,dwd_core_ensemble/csvs_dwd_core_ensemble,MOHC-HadGEM2-ES,CLMcom-CCLM4-8-17,rcp45,r1i1p1,v1,2064-01-01,2065-12-31,False,False,True,True,True,False,False,True,False,True,False,False,False,,,1.0,165_225_395_180_330_25,prediction_runs,,crop_WW_2065_100_25832_etrs89-utm32n.asc,,DroughtStressThreshold,0.9,1,
657,True,fixed,auto,WW_sfix_hauto,sim_projection_avgyield.json,crop.json,,site.json,False,dwd_core_ensemble,dwd_core_ensemble/csvs_dwd_core_ensemble,MOHC-HadGEM2-ES,CLMcom-CCLM4-8-17,rcp85,r1i1p1,v1,2064-01-01,2065-12-31,False,False,True,True,True,False,False,True,False,True,False,False,False,,,1.0,165_225_395_180_330_25,prediction_runs,,crop_WW_2065_100_25832_etrs89-utm32n.asc,,DroughtStressThreshold,0.9,1,
658,True,fixed,auto,WW_sfix_hauto,sim_projection_avgyield.json,crop.json,,site.json,False,dwd_core_ensemble,dwd_core_ensemble/csvs_dwd_core_ensemble,MOHC-HadGEM2-ES,KNMI-RACMO22E,rcp26,r1i1p1,v2,2064-01-01,2065-12-31,False,False,True,True,True,False,False,True,False,True,False,False,False,,,1.0,165_225_395_180_330_25,prediction_runs,,crop_WW_2065_100_25832_etrs89-utm32n.asc,,DroughtStressThreshold,0.9,1,
659,True,fixed,auto,WW_sfix_hauto,sim_projection_avgyield.json,crop.json,,site.json,False,dwd_core_ensemble,dwd_core_ensemble/csvs_dwd_core_ensemble,MPI-M-MPI-ESM-LR,MPI-CSC-REMO2009,rcp26,r2i1p1,v1,2064-01-01,2065-12-31,False,False,True,True,True,False,False,True,False,True,False,False,False,,,1.0,165_225_395_180_330_25,prediction_runs,,crop_WW_2065_100_25832_etrs89-utm32n.asc,,DroughtStressThreshold,0.9,1,
660,True,fixed,auto,WW_sfix_hauto,sim_projection_avgyield.json,crop.json,,site.json,False,dwd_core_ensemble,dwd_core_ensemble/csvs_dwd_core_ensemble,MPI-M-MPI-ESM-LR,MPI-CSC-REMO2009,rcp45,r1i1p1,v1,2064-01-01,2065-12-31,False,False,True,True,True,False,False,True,False,True,False,False,False,,,1.0,165_225_395_180_330_25,prediction_runs,,crop_WW_2065_100_25832_etrs89-utm32n.asc,,DroughtStressThreshold,0.9,1,
661,True,fixed,auto,WW_sfix_hauto,sim_projection_avgyield.json,crop.json,,site.json,False,dwd_core_ensemble,dwd_core_ensemble/csvs_dwd_core_ensemble,MPI-M-MPI-ESM-LR,MPI-CSC-REMO2009,rcp45,r2i1p1,v1,2064-01-01,2065-12-31,False,False,True,True,True,False,False,True,False,True,False,False,False,,,1.0,165_225_395_180_330_25,prediction_runs,,crop_WW_2065_100_25832_etrs89-utm32n.asc,,DroughtStressThreshold,0.9,1,
662,True,fixed,auto,WW_sfix_hauto,sim_projection_avgyield.json,crop.json,,site.json,False,dwd_core_ensemble,dwd_core_ensemble/csvs_dwd_core_ensemble,MPI-M-MPI-ESM-LR,MPI-CSC-REMO2009,rcp85,r2i1p1,v1,2064-01-01,2065-12-31,False,False,True,True,True,False,False,True,False,True,False,False,False,,,1.0,165_225_395_180_330_25,prediction_runs,,crop_WW_2065_100_25832_etrs89-utm32n.asc,,DroughtStressThreshold,0.9,1,
663,True,fixed,auto,WW_sfix_hauto,sim_projection_avgyield.json,crop.json,,site.json,False,dwd_core_ensemble,dwd_core_ensemble/csvs_dwd_core_ensemble,MPI-M-MPI-ESM-LR,UHOH-WRF361H,rcp85,r1i1p1,v1,2064-01-01,2065-12-31,False,False,True,True,True,False,False,True,False,True,False,False,False,,,1.0,165_225_395_180_330_25,prediction_runs,,crop_WW_2065_100_25832_etrs89-utm32n.asc,,DroughtStressThreshold,0.9,1,
664,True,fixed,auto,WW_sfix_hauto,sim_projection_avgyield.json,crop.json,,site.json,False,dwd_core_ensemble,dwd_core_ensemble/csvs_dwd_core_ensemble,CCCma-CanESM2,CLMcom-CCLM4-8-17,rcp85,r1i1p1,v1,2065-01-01,2066-12-31,False,False,True,True,True,False,False,True,False,True,False,False,False,,,1.0,165_225_395_180_330_25,prediction_runs,,crop_WW_2066_100_25832_etrs89-utm32n.asc,,DroughtStressThreshold,0.9,1,
665,True,fixed,auto,WW_sfix_hauto,sim_projection_avgyield.json,crop.json,,site.json,False,dwd_core_ensemble,dwd_core_ensemble/csvs_dwd_core_ensemble,ICHEC-EC-EARTH,CLMcom-CCLM4-8-17,rcp26,r12i1p1,v1,2065-01-01,2066-12-31,False,False,True,True,True,False,False,True,False,True,False,False,False,,,1.0,165_225_395_180_330_25,prediction_runs,,crop_WW_2066_100_25832_etrs89-utm32n.asc,,DroughtStressThreshold,0.9,1,
666,True,fixed,auto,WW_sfix_hauto,sim_projection_avgyield.json,crop.json,,site.json,False,dwd_core_ensemble,dwd_core_ensemble/csvs_dwd_core_ensemble,ICHEC-EC-EARTH,KNMI-RACMO22E,rcp26,r12i1p1,v1,2065-01-01,2066-12-31,False,False,True,True,True,False,False,True,False,True,False,False,False,,,1.0,165_225_395_180_330_25,prediction_runs,,crop_WW_2066_100_25832_etrs89-utm32n.asc,,DroughtStressThreshold,0.9,1,
667,True,fixed,auto,WW_sfix_hauto,sim_projection_avgyield.json,crop.json,,site.json,False,dwd_core_ensemble,dwd_core_ensemble/csvs_dwd_core_ensemble,ICHEC-EC-EARTH,KNMI-RACMO22E,rcp45,r1i1p1,v1,2065-01-01,2066-12-31,False,False,True,True,True,False,False,True,False,True,False,False,False,,,1.0,165_225_395_180_330_25,prediction_runs,,crop_WW_2066_100_25832_etrs89-utm32n.asc,,DroughtStressThreshold,0.9,1,
668,True,fixed,auto,WW_sfix_hauto,sim_projection_avgyield.json,crop.json,,site.json,False,dwd_core_ensemble,dwd_core_ensemble/csvs_dwd_core_ensemble,ICHEC-EC-EARTH,KNMI-RACMO22E,rcp45,r12i1p1,v1,2065-01-01,2066-12-31,False,False,True,True,True,False,False,True,False,True,False,False,False,,,1.0,165_225_395_180_330_25,prediction_runs,,crop_WW_2066_100_25832_etrs89-utm32n.asc,,DroughtStressThreshold,0.9,1,
669,True,fixed,auto,WW_sfix_hauto,sim_projection_avgyield.json,crop.json,,site.json,False,dwd_core_ensemble,dwd_core_ensemble/csvs_dwd_core_ensemble,ICHEC-EC-EARTH,KNMI-RACMO22E,rcp85,r1i1p1,v1,2065-01-01,2066-12-31,False,False,True,True,True,False,False,True,False,True,False,False,False,,,1.0,165_225_395_180_330_25,prediction_runs,,crop_WW_2066_100_25832_etrs89-utm32n.asc,,DroughtStressThreshold,0.9,1,
670,True,fixed,auto,WW_sfix_hauto,sim_projection_avgyield.json,crop.json,,site.json,False,dwd_core_ensemble,dwd_core_ensemble/csvs_dwd_core_ensemble,ICHEC-EC-EARTH,SMHI-RCA4,rcp45,r12i1p1,v1,2065-01-01,2066-12-31,False,False,True,True,True,False,False,True,False,True,False,False,False,,,1.0,165_225_395_180_330_25,prediction_runs,,crop_WW_2066_100_25832_etrs89-utm32n.asc,,DroughtStressThreshold,0.9,1,
671,True,fixed,auto,WW_sfix_hauto,sim_projection_avgyield.json,crop.json,,site.json,False,dwd_core_ensemble,dwd_core_ensemble/csvs_dwd_core_ensemble,MIROC-MIROC5,CLMcom-CCLM4-8-17,rcp26,r1i1p1,v1,2065-01-01,2066-12-31,False,False,True,True,True,False,False,True,False,True,False,False,False,,,1.0,165_225_395_180_330_25,prediction_runs,,crop_WW_2066_100_25832_etrs89-utm32n.asc,,DroughtStressThreshold,0.9,1,
672,True,fixed,auto,WW_sfix_hauto,sim_projection_avgyield.json,crop.json,,site.json,False,dwd_core_ensemble,dwd_core_ensemble/csvs_dwd_core_ensemble,MIROC-MIROC5,GERICS-REMO2015,rcp85,r1i1p1,v1,2065-01-01,2066-12-31,False,False,True,True,True,False,False,True,False,True,False,False,False,,,1.0,165_225_395_180_330_25,prediction_runs,,crop_WW_2066_100_25832_etrs89-utm32n.asc,,DroughtStressThreshold,0.9,1,
673,True,fixed,auto,WW_sfix_hauto,sim_projection_avgyield.json,crop.json,,site.json,False,dwd_core_ensemble,dwd_core_ensemble/csvs_dwd_core_ensemble,MOHC-HadGEM2-ES,CLMcom-CCLM4-8-17,rcp45,r1i1p1,v1,2065-01-01,2066-12-31,False,False,True,True,True,False,False,True,False,True,False,False,False,,,1.0,165_225_395_180_330_25,prediction_runs,,crop_WW_2066_100_25832_etrs89-utm32n.asc,,DroughtStressThreshold,0.9,1,
674,True,fixed,auto,WW_sfix_hauto,sim_projection_avgyield.json,crop.json,,site.json,False,dwd_core_ensemble,dwd_core_ensemble/csvs_dwd_core_ensemble,MOHC-HadGEM2-ES,CLMcom-CCLM4-8-17,rcp85,r1i1p1,v1,2065-01-01,2066-12-31,False,False,True,True,True,False,False,True,False,True,False,False,False,,,1.0,165_225_395_180_330_25,prediction_runs,,crop_WW_2066_100_25832_etrs89-utm32n.asc,,DroughtStressThreshold,0.9,1,
675,True,fixed,auto,WW_sfix_hauto,sim_projection_avgyield.json,crop.json,,site.json,False,dwd_core_ensemble,dwd_core_ensemble/csvs_dwd_core_ensemble,MOHC-HadGEM2-ES,KNMI-RACMO22E,rcp26,r1i1p1,v2,2065-01-01,2066-12-31,False,False,True,True,True,False,False,True,False,True,False,False,False,,,1.0,165_225_395_180_330_25,prediction_runs,,crop_WW_2066_100_25832_etrs89-utm32n.asc,,DroughtStressThreshold,0.9,1,
676,True,fixed,auto,WW_sfix_hauto,sim_projection_avgyield.json,crop.json,,site.json,False,dwd_core_ensemble,dwd_core_ensemble/csvs_dwd_core_ensemble,MPI-M-MPI-ESM-LR,MPI-CSC-REMO2009,rcp26,r2i1p1,v1,2065-01-01,2066-12-31,False,False,True,True,True,False,False,True,False,True,False,False,False,,,1.0,165_225_395_180_330_25,prediction_runs,,crop_WW_2066_100_25832_etrs89-utm32n.asc,,DroughtStressThreshold,0.9,1,
677,True,fixed,auto,WW_sfix_hauto,sim_projection_avgyield.json,crop.json,,site.json,False,dwd_core_ensemble,dwd_core_ensemble/csvs_dwd_core_ensemble,MPI-M-MPI-ESM-LR,MPI-CSC-REMO2009,rcp45,r1i1p1,v1,2065-01-01,2066-12-31,False,False,True,True,True,False,False,True,False,True,False,False,False,,,1.0,165_225_395_180_330_25,prediction_runs,,crop_WW_2066_100_25832_etrs89-utm32n.asc,,DroughtStressThreshold,0.9,1,
678,True,fixed,auto,WW_sfix_hauto,sim_projection_avgyield.json,crop.json,,site.json,False,dwd_core_ensemble,dwd_core_ensemble/csvs_dwd_core_ensemble,MPI-M-MPI-ESM-LR,MPI-CSC-REMO2009,rcp45,r2i1p1,v1,2065-01-01,2066-12-31,False,False,True,True,True,False,False,True,False,True,False,False,False,,,1.0,165_225_395_180_330_25,prediction_runs,,crop_WW_2066_100_25832_etrs89-utm32n.asc,,DroughtStressThreshold,0.9,1,
679,True,fixed,auto,WW_sfix_hauto,sim_projection_avgyield.json,crop.json,,site.json,False,dwd_core_ensemble,dwd_core_ensemble/csvs_dwd_core_ensemble,MPI-M-MPI-ESM-LR,MPI-CSC-REMO2009,rcp85,r2i1p1,v1,2065-01-01,2066-12-31,False,False,True,True,True,False,False,True,False,True,False,False,False,,,1.0,165_225_395_180_330_25,prediction_runs,,crop_WW_2066_100_25832_etrs89-utm32n.asc,,DroughtStressThreshold,0.9,1,
680,True,fixed,auto,WW_sfix_hauto,sim_projection_avgyield.json,crop.json,,site.json,False,dwd_core_ensemble,dwd_core_ensemble/csvs_dwd_core_ensemble,MPI-M-MPI-ESM-LR,UHOH-WRF361H,rcp85,r1i1p1,v1,2065-01-01,2066-12-31,False,False,True,True,True,False,False,True,False,True,False,False,False,,,1.0,165_225_395_180_330_25,prediction_runs,,crop_WW_2066_100_25832_etrs89-utm32n.asc,,DroughtStressThreshold,0.9,1,
681,True,fixed,auto,WW_sfix_hauto,sim_projection_avgyield.json,crop.json,,site.json,False,dwd_core_ensemble,dwd_core_ensemble/csvs_dwd_core_ensemble,CCCma-CanESM2,CLMcom-CCLM4-8-17,rcp85,r1i1p1,v1,2066-01-01,2067-12-31,False,False,True,True,True,False,False,True,False,True,False,False,False,,,1.0,165_225_395_180_330_25,prediction_runs,,crop_WW_2067_100_25832_etrs89-utm32n.asc,,DroughtStressThreshold,0.9,1,
682,True,fixed,auto,WW_sfix_hauto,sim_projection_avgyield.json,crop.json,,site.json,False,dwd_core_ensemble,dwd_core_ensemble/csvs_dwd_core_ensemble,ICHEC-EC-EARTH,CLMcom-CCLM4-8-17,rcp26,r12i1p1,v1,2066-01-01,2067-12-31,False,False,True,True,True,False,False,True,False,True,False,False,False,,,1.0,165_225_395_180_330_25,prediction_runs,,crop_WW_2067_100_25832_etrs89-utm32n.asc,,DroughtStressThreshold,0.9,1,
683,True,fixed,auto,WW_sfix_hauto,sim_projection_avgyield.json,crop.json,,site.json,False,dwd_core_ensemble,dwd_core_ensemble/csvs_dwd_core_ensemble,ICHEC-EC-EARTH,KNMI-RACMO22E,rcp26,r12i1p1,v1,2066-01-01,2067-12-31,False,False,True,True,True,False,False,True,False,True,False,False,False,,,1.0,165_225_395_180_330_25,prediction_runs,,crop_WW_2067_100_25832_etrs89-utm32n.asc,,DroughtStressThreshold,0.9,1,
684,True,fixed,auto,WW_sfix_hauto,sim_projection_avgyield.json,crop.json,,site.json,False,dwd_core_ensemble,dwd_core_ensemble/csvs_dwd_core_ensemble,ICHEC-EC-EARTH,KNMI-RACMO22E,rcp45,r1i1p1,v1,2066-01-01,2067-12-31,False,False,True,True,True,False,False,True,False,True,False,False,False,,,1.0,165_225_395_180_330_25,prediction_runs,,crop_WW_2067_100_25832_etrs89-utm32n.asc,,DroughtStressThreshold,0.9,1,
685,True,fixed,auto,WW_sfix_hauto,sim_projection_avgyield.json,crop.json,,site.json,False,dwd_core_ensemble,dwd_core_ensemble/csvs_dwd_core_ensemble,ICHEC-EC-EARTH,KNMI-RACMO22E,rcp45,r12i1p1,v1,2066-01-01,2067-12-31,False,False,True,True,True,False,False,True,False,True,False,False,False,,,1.0,165_225_395_180_330_25,prediction_runs,,crop_WW_2067_100_25832_etrs89-utm32n.asc,,DroughtStressThreshold,0.9,1,
686,True,fixed,auto,WW_sfix_hauto,sim_projection_avgyield.json,crop.json,,site.json,False,dwd_core_ensemble,dwd_core_ensemble/csvs_dwd_core_ensemble,ICHEC-EC-EARTH,KNMI-RACMO22E,rcp85,r1i1p1,v1,2066-01-01,2067-12-31,False,False,True,True,True,False,False,True,False,True,False,False,False,,,1.0,165_225_395_180_330_25,prediction_runs,,crop_WW_2067_100_25832_etrs89-utm32n.asc,,DroughtStressThreshold,0.9,1,
687,True,fixed,auto,WW_sfix_hauto,sim_projection_avgyield.json,crop.json,,site.json,False,dwd_core_ensemble,dwd_core_ensemble/csvs_dwd_core_ensemble,ICHEC-EC-EARTH,SMHI-RCA4,rcp45,r12i1p1,v1,2066-01-01,2067-12-31,False,False,True,True,True,False,False,True,False,True,False,False,False,,,1.0,165_225_395_180_330_25,prediction_runs,,crop_WW_2067_100_25832_etrs89-utm32n.asc,,DroughtStressThreshold,0.9,1,
688,True,fixed,auto,WW_sfix_hauto,sim_projection_avgyield.json,crop.json,,site.json,False,dwd_core_ensemble,dwd_core_ensemble/csvs_dwd_core_ensemble,MIROC-MIROC5,CLMcom-CCLM4-8-17,rcp26,r1i1p1,v1,2066-01-01,2067-12-31,False,False,True,True,True,False,False,True,False,True,False,False,False,,,1.0,165_225_395_180_330_25,prediction_runs,,crop_WW_2067_100_25832_etrs89-utm32n.asc,,DroughtStressThreshold,0.9,1,
689,True,fixed,auto,WW_sfix_hauto,sim_projection_avgyield.json,crop.json,,site.json,False,dwd_core_ensemble,dwd_core_ensemble/csvs_dwd_core_ensemble,MIROC-MIROC5,GERICS-REMO2015,rcp85,r1i1p1,v1,2066-01-01,2067-12-31,False,False,True,True,True,False,False,True,False,True,False,False,False,,,1.0,165_225_395_180_330_25,prediction_runs,,crop_WW_2067_100_25832_etrs89-utm32n.asc,,DroughtStressThreshold,0.9,1,
690,True,fixed,auto,WW_sfix_hauto,sim_projection_avgyield.json,crop.json,,site.json,False,dwd_core_ensemble,dwd_core_ensemble/csvs_dwd_core_ensemble,MOHC-HadGEM2-ES,CLMcom-CCLM4-8-17,rcp45,r1i1p1,v1,2066-01-01,2067-12-31,False,False,True,True,True,False,False,True,False,True,False,False,False,,,1.0,165_225_395_180_330_25,prediction_runs,,crop_WW_2067_100_25832_etrs89-utm32n.asc,,DroughtStressThreshold,0.9,1,
691,True,fixed,auto,WW_sfix_hauto,sim_projection_avgyield.json,crop.json,,site.json,False,dwd_core_ensemble,dwd_core_ensemble/csvs_dwd_core_ensemble,MOHC-HadGEM2-ES,CLMcom-CCLM4-8-17,rcp85,r1i1p1,v1,2066-01-01,2067-12-31,False,False,True,True,True,False,False,True,False,True,False,False,False,,,1.0,165_225_395_180_330_25,prediction_runs,,crop_WW_2067_100_25832_etrs89-utm32n.asc,,DroughtStressThreshold,0.9,1,
692,True,fixed,auto,WW_sfix_hauto,sim_projection_avgyield.json,crop.json,,site.json,False,dwd_core_ensemble,dwd_core_ensemble/csvs_dwd_core_ensemble,MOHC-HadGEM2-ES,KNMI-RACMO22E,rcp26,r1i1p1,v2,2066-01-01,2067-12-31,False,False,True,True,True,False,False,True,False,True,False,False,False,,,1.0,165_225_395_180_330_25,prediction_runs,,crop_WW_2067_100_25832_etrs89-utm32n.asc,,DroughtStressThreshold,0.9,1,
693,True,fixed,auto,WW_sfix_hauto,sim_projection_avgyield.json,crop.json,,site.json,False,dwd_core_ensemble,dwd_core_ensemble/csvs_dwd_core_ensemble,MPI-M-MPI-ESM-LR,MPI-CSC-REMO2009,rcp26,r2i1p1,v1,2066-01-01,2067-12-31,False,False,True,True,True,False,False,True,False,True,False,False,False,,,1.0,165_225_395_180_330_25,prediction_runs,,crop_WW_2067_100_25832_etrs89-utm32n.asc,,DroughtStressThreshold,0.9,1,
694,True,fixed,auto,WW_sfix_hauto,sim_projection_avgyield.json,crop.json,,site.json,False,dwd_core_ensemble,dwd_core_ensemble/csvs_dwd_core_ensemble,MPI-M-MPI-ESM-LR,MPI-CSC-REMO2009,rcp45,r1i1p1,v1,2066-01-01,2067-12-31,False,False,True,True,True,False,False,True,False,True,False,False,False,,,1.0,165_225_395_180_330_25,prediction_runs,,crop_WW_2067_100_25832_etrs89-utm32n.asc,,DroughtStressThreshold,0.9,1,
695,True,fixed,auto,WW_sfix_hauto,sim_projection_avgyield.json,crop.json,,site.json,False,dwd_core_ensemble,dwd_core_ensemble/csvs_dwd_core_ensemble,MPI-M-MPI-ESM-LR,MPI-CSC-REMO2009,rcp45,r2i1p1,v1,2066-01-01,2067-12-31,False,False,True,True,True,False,False,True,False,True,False,False,False,,,1.0,165_225_395_180_330_25,prediction_runs,,crop_WW_2067_100_25832_etrs89-utm32n.asc,,DroughtStressThreshold,0.9,1,
696,True,fixed,auto,WW_sfix_hauto,sim_projection_avgyield.json,crop.json,,site.json,False,dwd_core_ensemble,dwd_core_ensemble/csvs_dwd_core_ensemble,MPI-M-MPI-ESM-LR,MPI-CSC-REMO2009,rcp85,r2i1p1,v1,2066-01-01,2067-12-31,False,False,True,True,True,False,False,True,False,True,False,False,False,,,1.0,165_225_395_180_330_25,prediction_runs,,crop_WW_2067_100_25832_etrs89-utm32n.asc,,DroughtStressThreshold,0.9,1,
697,True,fixed,auto,WW_sfix_hauto,sim_projection_avgyield.json,crop.json,,site.json,False,dwd_core_ensemble,dwd_core_ensemble/csvs_dwd_core_ensemble,MPI-M-MPI-ESM-LR,UHOH-WRF361H,rcp85,r1i1p1,v1,2066-01-01,2067-12-31,False,False,True,True,True,False,False,True,False,True,False,False,False,,,1.0,165_225_395_180_330_25,prediction_runs,,crop_WW_2067_100_25832_etrs89-utm32n.asc,,DroughtStressThreshold,0.9,1,
698,True,fixed,auto,WW_sfix_hauto,sim_projection_avgyield.json,crop.json,,site.json,False,dwd_core_ensemble,dwd_core_ensemble/csvs_dwd_core_ensemble,CCCma-CanESM2,CLMcom-CCLM4-8-17,rcp85,r1i1p1,v1,2067-01-01,2068-12-31,False,False,True,True,True,False,False,True,False,True,False,False,False,,,1.0,165_225_395_180_330_25,prediction_runs,,crop_WW_2068_100_25832_etrs89-utm32n.asc,,DroughtStressThreshold,0.9,1,
699,True,fixed,auto,WW_sfix_hauto,sim_projection_avgyield.json,crop.json,,site.json,False,dwd_core_ensemble,dwd_core_ensemble/csvs_dwd_core_ensemble,ICHEC-EC-EARTH,CLMcom-CCLM4-8-17,rcp26,r12i1p1,v1,2067-01-01,2068-12-31,False,False,True,True,True,False,False,True,False,True,False,False,False,,,1.0,165_225_395_180_330_25,prediction_runs,,crop_WW_2068_100_25832_etrs89-utm32n.asc,,DroughtStressThreshold,0.9,1,
700,True,fixed,auto,WW_sfix_hauto,sim_projection_avgyield.json,crop.json,,site.json,False,dwd_core_ensemble,dwd_core_ensemble/csvs_dwd_core_ensemble,ICHEC-EC-EARTH,KNMI-RACMO22E,rcp26,r12i1p1,v1,2067-01-01,2068-12-31,False,False,True,True,True,False,False,True,False,True,False,False,False,,,1.0,165_225_395_180_330_25,prediction_runs,,crop_WW_2068_100_25832_etrs89-utm32n.asc,,DroughtStressThreshold,0.9,1,
701,True,fixed,auto,WW_sfix_hauto,sim_projection_avgyield.json,crop.json,,site.json,False,dwd_core_ensemble,dwd_core_ensemble/csvs_dwd_core_ensemble,ICHEC-EC-EARTH,KNMI-RACMO22E,rcp45,r1i1p1,v1,2067-01-01,2068-12-31,False,False,True,True,True,False,False,True,False,True,False,False,False,,,1.0,165_225_395_180_330_25,prediction_runs,,crop_WW_2068_100_25832_etrs89-utm32n.asc,,DroughtStressThreshold,0.9,1,
702,True,fixed,auto,WW_sfix_hauto,sim_projection_avgyield.json,crop.json,,site.json,False,dwd_core_ensemble,dwd_core_ensemble/csvs_dwd_core_ensemble,ICHEC-EC-EARTH,KNMI-RACMO22E,rcp45,r12i1p1,v1,2067-01-01,2068-12-31,False,False,True,True,True,False,False,True,False,True,False,False,False,,,1.0,165_225_395_180_330_25,prediction_runs,,crop_WW_2068_100_25832_etrs89-utm32n.asc,,DroughtStressThreshold,0.9,1,
703,True,fixed,auto,WW_sfix_hauto,sim_projection_avgyield.json,crop.json,,site.json,False,dwd_core_ensemble,dwd_core_ensemble/csvs_dwd_core_ensemble,ICHEC-EC-EARTH,KNMI-RACMO22E,rcp85,r1i1p1,v1,2067-01-01,2068-12-31,False,False,True,True,True,False,False,True,False,True,False,False,False,,,1.0,165_225_395_180_330_25,prediction_runs,,crop_WW_2068_100_25832_etrs89-utm32n.asc,,DroughtStressThreshold,0.9,1,
704,True,fixed,auto,WW_sfix_hauto,sim_projection_avgyield.json,crop.json,,site.json,False,dwd_core_ensemble,dwd_core_ensemble/csvs_dwd_core_ensemble,ICHEC-EC-EARTH,SMHI-RCA4,rcp45,r12i1p1,v1,2067-01-01,2068-12-31,False,False,True,True,True,False,False,True,False,True,False,False,False,,,1.0,165_225_395_180_330_25,prediction_runs,,crop_WW_2068_100_25832_etrs89-utm32n.asc,,DroughtStressThreshold,0.9,1,
705,True,fixed,auto,WW_sfix_hauto,sim_projection_avgyield.json,crop.json,,site.json,False,dwd_core_ensemble,dwd_core_ensemble/csvs_dwd_core_ensemble,MIROC-MIROC5,CLMcom-CCLM4-8-17,rcp26,r1i1p1,v1,2067-01-01,2068-12-31,False,False,True,True,True,False,False,True,False,True,False,False,False,,,1.0,165_225_395_180_330_25,prediction_runs,,crop_WW_2068_100_25832_etrs89-utm32n.asc,,DroughtStressThreshold,0.9,1,
706,True,fixed,auto,WW_sfix_hauto,sim_projection_avgyield.json,crop.json,,site.json,False,dwd_core_ensemble,dwd_core_ensemble/csvs_dwd_core_ensemble,MIROC-MIROC5,GERICS-REMO2015,rcp85,r1i1p1,v1,2067-01-01,2068-12-31,False,False,True,True,True,False,False,True,False,True,False,False,False,,,1.0,165_225_395_180_330_25,prediction_runs,,crop_WW_2068_100_25832_etrs89-utm32n.asc,,DroughtStressThreshold,0.9,1,
707,True,fixed,auto,WW_sfix_hauto,sim_projection_avgyield.json,crop.json,,site.json,False,dwd_core_ensemble,dwd_core_ensemble/csvs_dwd_core_ensemble,MOHC-HadGEM2-ES,CLMcom-CCLM4-8-17,rcp45,r1i1p1,v1,2067-01-01,2068-12-31,False,False,True,True,True,False,False,True,False,True,False,False,False,,,1.0,165_225_395_180_330_25,prediction_runs,,crop_WW_2068_100_25832_etrs89-utm32n.asc,,DroughtStressThreshold,0.9,1,
708,True,fixed,auto,WW_sfix_hauto,sim_projection_avgyield.json,crop.json,,site.json,False,dwd_core_ensemble,dwd_core_ensemble/csvs_dwd_core_ensemble,MOHC-HadGEM2-ES,CLMcom-CCLM4-8-17,rcp85,r1i1p1,v1,2067-01-01,2068-12-31,False,False,True,True,True,False,False,True,False,True,False,False,False,,,1.0,165_225_395_180_330_25,prediction_runs,,crop_WW_2068_100_25832_etrs89-utm32n.asc,,DroughtStressThreshold,0.9,1,
709,True,fixed,auto,WW_sfix_hauto,sim_projection_avgyield.json,crop.json,,site.json,False,dwd_core_ensemble,dwd_core_ensemble/csvs_dwd_core_ensemble,MOHC-HadGEM2-ES,KNMI-RACMO22E,rcp26,r1i1p1,v2,2067-01-01,2068-12-31,False,False,True,True,True,False,False,True,False,True,False,False,False,,,1.0,165_225_395_180_330_25,prediction_runs,,crop_WW_2068_100_25832_etrs89-utm32n.asc,,DroughtStressThreshold,0.9,1,
710,True,fixed,auto,WW_sfix_hauto,sim_projection_avgyield.json,crop.json,,site.json,False,dwd_core_ensemble,dwd_core_ensemble/csvs_dwd_core_ensemble,MPI-M-MPI-ESM-LR,MPI-CSC-REMO2009,rcp26,r2i1p1,v1,2067-01-01,2068-12-31,False,False,True,True,True,False,False,True,False,True,False,False,False,,,1.0,165_225_395_180_330_25,prediction_runs,,crop_WW_2068_100_25832_etrs89-utm32n.asc,,DroughtStressThreshold,0.9,1,
711,True,fixed,auto,WW_sfix_hauto,sim_projection_avgyield.json,crop.json,,site.json,False,dwd_core_ensemble,dwd_core_ensemble/csvs_dwd_core_ensemble,MPI-M-MPI-ESM-LR,MPI-CSC-REMO2009,rcp45,r1i1p1,v1,2067-01-01,2068-12-31,False,False,True,True,True,False,False,True,False,True,False,False,False,,,1.0,165_225_395_180_330_25,prediction_runs,,crop_WW_2068_100_25832_etrs89-utm32n.asc,,DroughtStressThreshold,0.9,1,
712,True,fixed,auto,WW_sfix_hauto,sim_projection_avgyield.json,crop.json,,site.json,False,dwd_core_ensemble,dwd_core_ensemble/csvs_dwd_core_ensemble,MPI-M-MPI-ESM-LR,MPI-CSC-REMO2009,rcp45,r2i1p1,v1,2067-01-01,2068-12-31,False,False,True,True,True,False,False,True,False,True,False,False,False,,,1.0,165_225_395_180_330_25,prediction_runs,,crop_WW_2068_100_25832_etrs89-utm32n.asc,,DroughtStressThreshold,0.9,1,
713,True,fixed,auto,WW_sfix_hauto,sim_projection_avgyield.json,crop.json,,site.json,False,dwd_core_ensemble,dwd_core_ensemble/csvs_dwd_core_ensemble,MPI-M-MPI-ESM-LR,MPI-CSC-REMO2009,rcp85,r2i1p1,v1,2067-01-01,2068-12-31,False,False,True,True,True,False,False,True,False,True,False,False,False,,,1.0,165_225_395_180_330_25,prediction_runs,,crop_WW_2068_100_25832_etrs89-utm32n.asc,,DroughtStressThreshold,0.9,1,
714,True,fixed,auto,WW_sfix_hauto,sim_projection_avgyield.json,crop.json,,site.json,False,dwd_core_ensemble,dwd_core_ensemble/csvs_dwd_core_ensemble,MPI-M-MPI-ESM-LR,UHOH-WRF361H,rcp85,r1i1p1,v1,2067-01-01,2068-12-31,False,False,True,True,True,False,False,True,False,True,False,False,False,,,1.0,165_225_395_180_330_25,prediction_runs,,crop_WW_2068_100_25832_etrs89-utm32n.asc,,DroughtStressThreshold,0.9,1,
715,True,fixed,auto,WW_sfix_hauto,sim_projection_avgyield.json,crop.json,,site.json,False,dwd_core_ensemble,dwd_core_ensemble/csvs_dwd_core_ensemble,CCCma-CanESM2,CLMcom-CCLM4-8-17,rcp85,r1i1p1,v1,2068-01-01,2069-12-31,False,False,True,True,True,False,False,True,False,True,False,False,False,,,1.0,165_225_395_180_330_25,prediction_runs,,crop_WW_2069_100_25832_etrs89-utm32n.asc,,DroughtStressThreshold,0.9,1,
716,True,fixed,auto,WW_sfix_hauto,sim_projection_avgyield.json,crop.json,,site.json,False,dwd_core_ensemble,dwd_core_ensemble/csvs_dwd_core_ensemble,ICHEC-EC-EARTH,CLMcom-CCLM4-8-17,rcp26,r12i1p1,v1,2068-01-01,2069-12-31,False,False,True,True,True,False,False,True,False,True,False,False,False,,,1.0,165_225_395_180_330_25,prediction_runs,,crop_WW_2069_100_25832_etrs89-utm32n.asc,,DroughtStressThreshold,0.9,1,
717,True,fixed,auto,WW_sfix_hauto,sim_projection_avgyield.json,crop.json,,site.json,False,dwd_core_ensemble,dwd_core_ensemble/csvs_dwd_core_ensemble,ICHEC-EC-EARTH,KNMI-RACMO22E,rcp26,r12i1p1,v1,2068-01-01,2069-12-31,False,False,True,True,True,False,False,True,False,True,False,False,False,,,1.0,165_225_395_180_330_25,prediction_runs,,crop_WW_2069_100_25832_etrs89-utm32n.asc,,DroughtStressThreshold,0.9,1,
718,True,fixed,auto,WW_sfix_hauto,sim_projection_avgyield.json,crop.json,,site.json,False,dwd_core_ensemble,dwd_core_ensemble/csvs_dwd_core_ensemble,ICHEC-EC-EARTH,KNMI-RACMO22E,rcp45,r1i1p1,v1,2068-01-01,2069-12-31,False,False,True,True,True,False,False,True,False,True,False,False,False,,,1.0,165_225_395_180_330_25,prediction_runs,,crop_WW_2069_100_25832_etrs89-utm32n.asc,,DroughtStressThreshold,0.9,1,
719,True,fixed,auto,WW_sfix_hauto,sim_projection_avgyield.json,crop.json,,site.json,False,dwd_core_ensemble,dwd_core_ensemble/csvs_dwd_core_ensemble,ICHEC-EC-EARTH,KNMI-RACMO22E,rcp45,r12i1p1,v1,2068-01-01,2069-12-31,False,False,True,True,True,False,False,True,False,True,False,False,False,,,1.0,165_225_395_180_330_25,prediction_runs,,crop_WW_2069_100_25832_etrs89-utm32n.asc,,DroughtStressThreshold,0.9,1,
720,True,fixed,auto,WW_sfix_hauto,sim_projection_avgyield.json,crop.json,,site.json,False,dwd_core_ensemble,dwd_core_ensemble/csvs_dwd_core_ensemble,ICHEC-EC-EARTH,KNMI-RACMO22E,rcp85,r1i1p1,v1,2068-01-01,2069-12-31,False,False,True,True,True,False,False,True,False,True,False,False,False,,,1.0,165_225_395_180_330_25,prediction_runs,,crop_WW_2069_100_25832_etrs89-utm32n.asc,,DroughtStressThreshold,0.9,1,
721,True,fixed,auto,WW_sfix_hauto,sim_projection_avgyield.json,crop.json,,site.json,False,dwd_core_ensemble,dwd_core_ensemble/csvs_dwd_core_ensemble,ICHEC-EC-EARTH,SMHI-RCA4,rcp45,r12i1p1,v1,2068-01-01,2069-12-31,False,False,True,True,True,False,False,True,False,True,False,False,False,,,1.0,165_225_395_180_330_25,prediction_runs,,crop_WW_2069_100_25832_etrs89-utm32n.asc,,DroughtStressThreshold,0.9,1,
722,True,fixed,auto,WW_sfix_hauto,sim_projection_avgyield.json,crop.json,,site.json,False,dwd_core_ensemble,dwd_core_ensemble/csvs_dwd_core_ensemble,MIROC-MIROC5,CLMcom-CCLM4-8-17,rcp26,r1i1p1,v1,2068-01-01,2069-12-31,False,False,True,True,True,False,False,True,False,True,False,False,False,,,1.0,165_225_395_180_330_25,prediction_runs,,crop_WW_2069_100_25832_etrs89-utm32n.asc,,DroughtStressThreshold,0.9,1,
723,True,fixed,auto,WW_sfix_hauto,sim_projection_avgyield.json,crop.json,,site.json,False,dwd_core_ensemble,dwd_core_ensemble/csvs_dwd_core_ensemble,MIROC-MIROC5,GERICS-REMO2015,rcp85,r1i1p1,v1,2068-01-01,2069-12-31,False,False,True,True,True,False,False,True,False,True,False,False,False,,,1.0,165_225_395_180_330_25,prediction_runs,,crop_WW_2069_100_25832_etrs89-utm32n.asc,,DroughtStressThreshold,0.9,1,
724,True,fixed,auto,WW_sfix_hauto,sim_projection_avgyield.json,crop.json,,site.json,False,dwd_core_ensemble,dwd_core_ensemble/csvs_dwd_core_ensemble,MOHC-HadGEM2-ES,CLMcom-CCLM4-8-17,rcp45,r1i1p1,v1,2068-01-01,2069-12-31,False,False,True,True,True,False,False,True,False,True,False,False,False,,,1.0,165_225_395_180_330_25,prediction_runs,,crop_WW_2069_100_25832_etrs89-utm32n.asc,,DroughtStressThreshold,0.9,1,
725,True,fixed,auto,WW_sfix_hauto,sim_projection_avgyield.json,crop.json,,site.json,False,dwd_core_ensemble,dwd_core_ensemble/csvs_dwd_core_ensemble,MOHC-HadGEM2-ES,CLMcom-CCLM4-8-17,rcp85,r1i1p1,v1,2068-01-01,2069-12-31,False,False,True,True,True,False,False,True,False,True,False,False,False,,,1.0,165_225_395_180_330_25,prediction_runs,,crop_WW_2069_100_25832_etrs89-utm32n.asc,,DroughtStressThreshold,0.9,1,
726,True,fixed,auto,WW_sfix_hauto,sim_projection_avgyield.json,crop.json,,site.json,False,dwd_core_ensemble,dwd_core_ensemble/csvs_dwd_core_ensemble,MOHC-HadGEM2-ES,KNMI-RACMO22E,rcp26,r1i1p1,v2,2068-01-01,2069-12-31,False,False,True,True,True,False,False,True,False,True,False,False,False,,,1.0,165_225_395_180_330_25,prediction_runs,,crop_WW_2069_100_25832_etrs89-utm32n.asc,,DroughtStressThreshold,0.9,1,
727,True,fixed,auto,WW_sfix_hauto,sim_projection_avgyield.json,crop.json,,site.json,False,dwd_core_ensemble,dwd_core_ensemble/csvs_dwd_core_ensemble,MPI-M-MPI-ESM-LR,MPI-CSC-REMO2009,rcp26,r2i1p1,v1,2068-01-01,2069-12-31,False,False,True,True,True,False,False,True,False,True,False,False,False,,,1.0,165_225_395_180_330_25,prediction_runs,,crop_WW_2069_100_25832_etrs89-utm32n.asc,,DroughtStressThreshold,0.9,1,
728,True,fixed,auto,WW_sfix_hauto,sim_projection_avgyield.json,crop.json,,site.json,False,dwd_core_ensemble,dwd_core_ensemble/csvs_dwd_core_ensemble,MPI-M-MPI-ESM-LR,MPI-CSC-REMO2009,rcp45,r1i1p1,v1,2068-01-01,2069-12-31,False,False,True,True,True,False,False,True,False,True,False,False,False,,,1.0,165_225_395_180_330_25,prediction_runs,,crop_WW_2069_100_25832_etrs89-utm32n.asc,,DroughtStressThreshold,0.9,1,
729,True,fixed,auto,WW_sfix_hauto,sim_projection_avgyield.json,crop.json,,site.json,False,dwd_core_ensemble,dwd_core_ensemble/csvs_dwd_core_ensemble,MPI-M-MPI-ESM-LR,MPI-CSC-REMO2009,rcp45,r2i1p1,v1,2068-01-01,2069-12-31,False,False,True,True,True,False,False,True,False,True,False,False,False,,,1.0,165_225_395_180_330_25,prediction_runs,,crop_WW_2069_100_25832_etrs89-utm32n.asc,,DroughtStressThreshold,0.9,1,
730,True,fixed,auto,WW_sfix_hauto,sim_projection_avgyield.json,crop.json,,site.json,False,dwd_core_ensemble,dwd_core_ensemble/csvs_dwd_core_ensemble,MPI-M-MPI-ESM-LR,MPI-CSC-REMO2009,rcp85,r2i1p1,v1,2068-01-01,2069-12-31,False,False,True,True,True,False,False,True,False,True,False,False,False,,,1.0,165_225_395_180_330_25,prediction_runs,,crop_WW_2069_100_25832_etrs89-utm32n.asc,,DroughtStressThreshold,0.9,1,
731,True,fixed,auto,WW_sfix_hauto,sim_projection_avgyield.json,crop.json,,site.json,False,dwd_core_ensemble,dwd_core_ensemble/csvs_dwd_core_ensemble,MPI-M-MPI-ESM-LR,UHOH-WRF361H,rcp85,r1i1p1,v1,2068-01-01,2069-12-31,False,False,True,True,True,False,False,True,False,True,False,False,False,,,1.0,165_225_395_180_330_25,prediction_runs,,crop_WW_2069_100_25832_etrs89-utm32n.asc,,DroughtStressThreshold,0.9,1,
732,True,fixed,auto,SM_sfix_hauto,sim_projection_avgyield.json,crop.json,,site.json,False,dwd_core_ensemble,dwd_core_ensemble/csvs_dwd_core_ensemble,CCCma-CanESM2,CLMcom-CCLM4-8-17,rcp85,r1i1p1,v1,2027-01-01,2027-12-31,False,False,True,True,True,False,False,True,False,True,False,False,False,,,0.98,100_220_390_120_330_140_25,prediction_runs,,crop_MS_2027_100_25832_etrs89-utm32n.asc,,DroughtStressThreshold,0.5,1,
733,True,fixed,auto,SM_sfix_hauto,sim_projection_avgyield.json,crop.json,,site.json,False,dwd_core_ensemble,dwd_core_ensemble/csvs_dwd_core_ensemble,ICHEC-EC-EARTH,CLMcom-CCLM4-8-17,rcp26,r12i1p1,v1,2027-01-01,2027-12-31,False,False,True,True,True,False,False,True,False,True,False,False,False,,,0.98,100_220_390_120_330_140_25,prediction_runs,,crop_MS_2027_100_25832_etrs89-utm32n.asc,,DroughtStressThreshold,0.5,1,
734,True,fixed,auto,SM_sfix_hauto,sim_projection_avgyield.json,crop.json,,site.json,False,dwd_core_ensemble,dwd_core_ensemble/csvs_dwd_core_ensemble,ICHEC-EC-EARTH,KNMI-RACMO22E,rcp26,r12i1p1,v1,2027-01-01,2027-12-31,False,False,True,True,True,False,False,True,False,True,False,False,False,,,0.98,100_220_390_120_330_140_25,prediction_runs,,crop_MS_2027_100_25832_etrs89-utm32n.asc,,DroughtStressThreshold,0.5,1,
735,True,fixed,auto,SM_sfix_hauto,sim_projection_avgyield.json,crop.json,,site.json,False,dwd_core_ensemble,dwd_core_ensemble/csvs_dwd_core_ensemble,ICHEC-EC-EARTH,KNMI-RACMO22E,rcp45,r1i1p1,v1,2027-01-01,2027-12-31,False,False,True,True,True,False,False,True,False,True,False,False,False,,,0.98,100_220_390_120_330_140_25,prediction_runs,,crop_MS_2027_100_25832_etrs89-utm32n.asc,,DroughtStressThreshold,0.5,1,
736,True,fixed,auto,SM_sfix_hauto,sim_projection_avgyield.json,crop.json,,site.json,False,dwd_core_ensemble,dwd_core_ensemble/csvs_dwd_core_ensemble,ICHEC-EC-EARTH,KNMI-RACMO22E,rcp45,r12i1p1,v1,2027-01-01,2027-12-31,False,False,True,True,True,False,False,True,False,True,False,False,False,,,0.98,100_220_390_120_330_140_25,prediction_runs,,crop_MS_2027_100_25832_etrs89-utm32n.asc,,DroughtStressThreshold,0.5,1,
737,True,fixed,auto,SM_sfix_hauto,sim_projection_avgyield.json,crop.json,,site.json,False,dwd_core_ensemble,dwd_core_ensemble/csvs_dwd_core_ensemble,ICHEC-EC-EARTH,KNMI-RACMO22E,rcp85,r1i1p1,v1,2027-01-01,2027-12-31,False,False,True,True,True,False,False,True,False,True,False,False,False,,,0.98,100_220_390_120_330_140_25,prediction_runs,,crop_MS_2027_100_25832_etrs89-utm32n.asc,,DroughtStressThreshold,0.5,1,
738,True,fixed,auto,SM_sfix_hauto,sim_projection_avgyield.json,crop.json,,site.json,False,dwd_core_ensemble,dwd_core_ensemble/csvs_dwd_core_ensemble,ICHEC-EC-EARTH,SMHI-RCA4,rcp45,r12i1p1,v1,2027-01-01,2027-12-31,False,False,True,True,True,False,False,True,False,True,False,False,False,,,0.98,100_220_390_120_330_140_25,prediction_runs,,crop_MS_2027_100_25832_etrs89-utm32n.asc,,DroughtStressThreshold,0.5,1,
739,True,fixed,auto,SM_sfix_hauto,sim_projection_avgyield.json,crop.json,,site.json,False,dwd_core_ensemble,dwd_core_ensemble/csvs_dwd_core_ensemble,MIROC-MIROC5,CLMcom-CCLM4-8-17,rcp26,r1i1p1,v1,2027-01-01,2027-12-31,False,False,True,True,True,False,False,True,False,True,False,False,False,,,0.98,100_220_390_120_330_140_25,prediction_runs,,crop_MS_2027_100_25832_etrs89-utm32n.asc,,DroughtStressThreshold,0.5,1,
740,True,fixed,auto,SM_sfix_hauto,sim_projection_avgyield.json,crop.json,,site.json,False,dwd_core_ensemble,dwd_core_ensemble/csvs_dwd_core_ensemble,MIROC-MIROC5,GERICS-REMO2015,rcp85,r1i1p1,v1,2027-01-01,2027-12-31,False,False,True,True,True,False,False,True,False,True,False,False,False,,,0.98,100_220_390_120_330_140_25,prediction_runs,,crop_MS_2027_100_25832_etrs89-utm32n.asc,,DroughtStressThreshold,0.5,1,
741,True,fixed,auto,SM_sfix_hauto,sim_projection_avgyield.json,crop.json,,site.json,False,dwd_core_ensemble,dwd_core_ensemble/csvs_dwd_core_ensemble,MOHC-HadGEM2-ES,CLMcom-CCLM4-8-17,rcp45,r1i1p1,v1,2027-01-01,2027-12-31,False,False,True,True,True,False,False,True,False,True,False,False,False,,,0.98,100_220_390_120_330_140_25,prediction_runs,,crop_MS_2027_100_25832_etrs89-utm32n.asc,,DroughtStressThreshold,0.5,1,
742,True,fixed,auto,SM_sfix_hauto,sim_projection_avgyield.json,crop.json,,site.json,False,dwd_core_ensemble,dwd_core_ensemble/csvs_dwd_core_ensemble,MOHC-HadGEM2-ES,CLMcom-CCLM4-8-17,rcp85,r1i1p1,v1,2027-01-01,2027-12-31,False,False,True,True,True,False,False,True,False,True,False,False,False,,,0.98,100_220_390_120_330_140_25,prediction_runs,,crop_MS_2027_100_25832_etrs89-utm32n.asc,,DroughtStressThreshold,0.5,1,
743,True,fixed,auto,SM_sfix_hauto,sim_projection_avgyield.json,crop.json,,site.json,False,dwd_core_ensemble,dwd_core_ensemble/csvs_dwd_core_ensemble,MOHC-HadGEM2-ES,KNMI-RACMO22E,rcp26,r1i1p1,v2,2027-01-01,2027-12-31,False,False,True,True,True,False,False,True,False,True,False,False,False,,,0.98,100_220_390_120_330_140_25,prediction_runs,,crop_MS_2027_100_25832_etrs89-utm32n.asc,,DroughtStressThreshold,0.5,1,
744,True,fixed,auto,SM_sfix_hauto,sim_projection_avgyield.json,crop.json,,site.json,False,dwd_core_ensemble,dwd_core_ensemble/csvs_dwd_core_ensemble,MPI-M-MPI-ESM-LR,MPI-CSC-REMO2009,rcp26,r2i1p1,v1,2027-01-01,2027-12-31,False,False,True,True,True,False,False,True,False,True,False,False,False,,,0.98,100_220_390_120_330_140_25,prediction_runs,,crop_MS_2027_100_25832_etrs89-utm32n.asc,,DroughtStressThreshold,0.5,1,
745,True,fixed,auto,SM_sfix_hauto,sim_projection_avgyield.json,crop.json,,site.json,False,dwd_core_ensemble,dwd_core_ensemble/csvs_dwd_core_ensemble,MPI-M-MPI-ESM-LR,MPI-CSC-REMO2009,rcp45,r1i1p1,v1,2027-01-01,2027-12-31,False,False,True,True,True,False,False,True,False,True,False,False,False,,,0.98,100_220_390_120_330_140_25,prediction_runs,,crop_MS_2027_100_25832_etrs89-utm32n.asc,,DroughtStressThreshold,0.5,1,
746,True,fixed,auto,SM_sfix_hauto,sim_projection_avgyield.json,crop.json,,site.json,False,dwd_core_ensemble,dwd_core_ensemble/csvs_dwd_core_ensemble,MPI-M-MPI-ESM-LR,MPI-CSC-REMO2009,rcp45,r2i1p1,v1,2027-01-01,2027-12-31,False,False,True,True,True,False,False,True,False,True,False,False,False,,,0.98,100_220_390_120_330_140_25,prediction_runs,,crop_MS_2027_100_25832_etrs89-utm32n.asc,,DroughtStressThreshold,0.5,1,
747,True,fixed,auto,SM_sfix_hauto,sim_projection_avgyield.json,crop.json,,site.json,False,dwd_core_ensemble,dwd_core_ensemble/csvs_dwd_core_ensemble,MPI-M-MPI-ESM-LR,MPI-CSC-REMO2009,rcp85,r2i1p1,v1,2027-01-01,2027-12-31,False,False,True,True,True,False,False,True,False,True,False,False,False,,,0.98,100_220_390_120_330_140_25,prediction_runs,,crop_MS_2027_100_25832_etrs89-utm32n.asc,,DroughtStressThreshold,0.5,1,
748,True,fixed,auto,SM_sfix_hauto,sim_projection_avgyield.json,crop.json,,site.json,False,dwd_core_ensemble,dwd_core_ensemble/csvs_dwd_core_ensemble,MPI-M-MPI-ESM-LR,UHOH-WRF361H,rcp85,r1i1p1,v1,2027-01-01,2027-12-31,False,False,True,True,True,False,False,True,False,True,False,False,False,,,0.98,100_220_390_120_330_140_25,prediction_runs,,crop_MS_2027_100_25832_etrs89-utm32n.asc,,DroughtStressThreshold,0.5,1,
749,True,fixed,auto,SM_sfix_hauto,sim_projection_avgyield.json,crop.json,,site.json,False,dwd_core_ensemble,dwd_core_ensemble/csvs_dwd_core_ensemble,CCCma-CanESM2,CLMcom-CCLM4-8-17,rcp85,r1i1p1,v1,2028-01-01,2028-12-31,False,False,True,True,True,False,False,True,False,True,False,False,False,,,0.98,100_220_390_120_330_140_25,prediction_runs,,crop_MS_2028_100_25832_etrs89-utm32n.asc,,DroughtStressThreshold,0.5,1,
750,True,fixed,auto,SM_sfix_hauto,sim_projection_avgyield.json,crop.json,,site.json,False,dwd_core_ensemble,dwd_core_ensemble/csvs_dwd_core_ensemble,ICHEC-EC-EARTH,CLMcom-CCLM4-8-17,rcp26,r12i1p1,v1,2028-01-01,2028-12-31,False,False,True,True,True,False,False,True,False,True,False,False,False,,,0.98,100_220_390_120_330_140_25,prediction_runs,,crop_MS_2028_100_25832_etrs89-utm32n.asc,,DroughtStressThreshold,0.5,1,
751,True,fixed,auto,SM_sfix_hauto,sim_projection_avgyield.json,crop.json,,site.json,False,dwd_core_ensemble,dwd_core_ensemble/csvs_dwd_core_ensemble,ICHEC-EC-EARTH,KNMI-RACMO22E,rcp26,r12i1p1,v1,2028-01-01,2028-12-31,False,False,True,True,True,False,False,True,False,True,False,False,False,,,0.98,100_220_390_120_330_140_25,prediction_runs,,crop_MS_2028_100_25832_etrs89-utm32n.asc,,DroughtStressThreshold,0.5,1,
752,True,fixed,auto,SM_sfix_hauto,sim_projection_avgyield.json,crop.json,,site.json,False,dwd_core_ensemble,dwd_core_ensemble/csvs_dwd_core_ensemble,ICHEC-EC-EARTH,KNMI-RACMO22E,rcp45,r1i1p1,v1,2028-01-01,2028-12-31,False,False,True,True,True,False,False,True,False,True,False,False,False,,,0.98,100_220_390_120_330_140_25,prediction_runs,,crop_MS_2028_100_25832_etrs89-utm32n.asc,,DroughtStressThreshold,0.5,1,
753,True,fixed,auto,SM_sfix_hauto,sim_projection_avgyield.json,crop.json,,site.json,False,dwd_core_ensemble,dwd_core_ensemble/csvs_dwd_core_ensemble,ICHEC-EC-EARTH,KNMI-RACMO22E,rcp45,r12i1p1,v1,2028-01-01,2028-12-31,False,False,True,True,True,False,False,True,False,True,False,False,False,,,0.98,100_220_390_120_330_140_25,prediction_runs,,crop_MS_2028_100_25832_etrs89-utm32n.asc,,DroughtStressThreshold,0.5,1,
754,True,fixed,auto,SM_sfix_hauto,sim_projection_avgyield.json,crop.json,,site.json,False,dwd_core_ensemble,dwd_core_ensemble/csvs_dwd_core_ensemble,ICHEC-EC-EARTH,KNMI-RACMO22E,rcp85,r1i1p1,v1,2028-01-01,2028-12-31,False,False,True,True,True,False,False,True,False,True,False,False,False,,,0.98,100_220_390_120_330_140_25,prediction_runs,,crop_MS_2028_100_25832_etrs89-utm32n.asc,,DroughtStressThreshold,0.5,1,
755,True,fixed,auto,SM_sfix_hauto,sim_projection_avgyield.json,crop.json,,site.json,False,dwd_core_ensemble,dwd_core_ensemble/csvs_dwd_core_ensemble,ICHEC-EC-EARTH,SMHI-RCA4,rcp45,r12i1p1,v1,2028-01-01,2028-12-31,False,False,True,True,True,False,False,True,False,True,False,False,False,,,0.98,100_220_390_120_330_140_25,prediction_runs,,crop_MS_2028_100_25832_etrs89-utm32n.asc,,DroughtStressThreshold,0.5,1,
756,True,fixed,auto,SM_sfix_hauto,sim_projection_avgyield.json,crop.json,,site.json,False,dwd_core_ensemble,dwd_core_ensemble/csvs_dwd_core_ensemble,MIROC-MIROC5,CLMcom-CCLM4-8-17,rcp26,r1i1p1,v1,2028-01-01,2028-12-31,False,False,True,True,True,False,False,True,False,True,False,False,False,,,0.98,100_220_390_120_330_140_25,prediction_runs,,crop_MS_2028_100_25832_etrs89-utm32n.asc,,DroughtStressThreshold,0.5,1,
757,True,fixed,auto,SM_sfix_hauto,sim_projection_avgyield.json,crop.json,,site.json,False,dwd_core_ensemble,dwd_core_ensemble/csvs_dwd_core_ensemble,MIROC-MIROC5,GERICS-REMO2015,rcp85,r1i1p1,v1,2028-01-01,2028-12-31,False,False,True,True,True,False,False,True,False,True,False,False,False,,,0.98,100_220_390_120_330_140_25,prediction_runs,,crop_MS_2028_100_25832_etrs89-utm32n.asc,,DroughtStressThreshold,0.5,1,
758,True,fixed,auto,SM_sfix_hauto,sim_projection_avgyield.json,crop.json,,site.json,False,dwd_core_ensemble,dwd_core_ensemble/csvs_dwd_core_ensemble,MOHC-HadGEM2-ES,CLMcom-CCLM4-8-17,rcp45,r1i1p1,v1,2028-01-01,2028-12-31,False,False,True,True,True,False,False,True,False,True,False,False,False,,,0.98,100_220_390_120_330_140_25,prediction_runs,,crop_MS_2028_100_25832_etrs89-utm32n.asc,,DroughtStressThreshold,0.5,1,
759,True,fixed,auto,SM_sfix_hauto,sim_projection_avgyield.json,crop.json,,site.json,False,dwd_core_ensemble,dwd_core_ensemble/csvs_dwd_core_ensemble,MOHC-HadGEM2-ES,CLMcom-CCLM4-8-17,rcp85,r1i1p1,v1,2028-01-01,2028-12-31,False,False,True,True,True,False,False,True,False,True,False,False,False,,,0.98,100_220_390_120_330_140_25,prediction_runs,,crop_MS_2028_100_25832_etrs89-utm32n.asc,,DroughtStressThreshold,0.5,1,
760,True,fixed,auto,SM_sfix_hauto,sim_projection_avgyield.json,crop.json,,site.json,False,dwd_core_ensemble,dwd_core_ensemble/csvs_dwd_core_ensemble,MOHC-HadGEM2-ES,KNMI-RACMO22E,rcp26,r1i1p1,v2,2028-01-01,2028-12-31,False,False,True,True,True,False,False,True,False,True,False,False,False,,,0.98,100_220_390_120_330_140_25,prediction_runs,,crop_MS_2028_100_25832_etrs89-utm32n.asc,,DroughtStressThreshold,0.5,1,
761,True,fixed,auto,SM_sfix_hauto,sim_projection_avgyield.json,crop.json,,site.json,False,dwd_core_ensemble,dwd_core_ensemble/csvs_dwd_core_ensemble,MPI-M-MPI-ESM-LR,MPI-CSC-REMO2009,rcp26,r2i1p1,v1,2028-01-01,2028-12-31,False,False,True,True,True,False,False,True,False,True,False,False,False,,,0.98,100_220_390_120_330_140_25,prediction_runs,,crop_MS_2028_100_25832_etrs89-utm32n.asc,,DroughtStressThreshold,0.5,1,
762,True,fixed,auto,SM_sfix_hauto,sim_projection_avgyield.json,crop.json,,site.json,False,dwd_core_ensemble,dwd_core_ensemble/csvs_dwd_core_ensemble,MPI-M-MPI-ESM-LR,MPI-CSC-REMO2009,rcp45,r1i1p1,v1,2028-01-01,2028-12-31,False,False,True,True,True,False,False,True,False,True,False,False,False,,,0.98,100_220_390_120_330_140_25,prediction_runs,,crop_MS_2028_100_25832_etrs89-utm32n.asc,,DroughtStressThreshold,0.5,1,
763,True,fixed,auto,SM_sfix_hauto,sim_projection_avgyield.json,crop.json,,site.json,False,dwd_core_ensemble,dwd_core_ensemble/csvs_dwd_core_ensemble,MPI-M-MPI-ESM-LR,MPI-CSC-REMO2009,rcp45,r2i1p1,v1,2028-01-01,2028-12-31,False,False,True,True,True,False,False,True,False,True,False,False,False,,,0.98,100_220_390_120_330_140_25,prediction_runs,,crop_MS_2028_100_25832_etrs89-utm32n.asc,,DroughtStressThreshold,0.5,1,
764,True,fixed,auto,SM_sfix_hauto,sim_projection_avgyield.json,crop.json,,site.json,False,dwd_core_ensemble,dwd_core_ensemble/csvs_dwd_core_ensemble,MPI-M-MPI-ESM-LR,MPI-CSC-REMO2009,rcp85,r2i1p1,v1,2028-01-01,2028-12-31,False,False,True,True,True,False,False,True,False,True,False,False,False,,,0.98,100_220_390_120_330_140_25,prediction_runs,,crop_MS_2028_100_25832_etrs89-utm32n.asc,,DroughtStressThreshold,0.5,1,
765,True,fixed,auto,SM_sfix_hauto,sim_projection_avgyield.json,crop.json,,site.json,False,dwd_core_ensemble,dwd_core_ensemble/csvs_dwd_core_ensemble,MPI-M-MPI-ESM-LR,UHOH-WRF361H,rcp85,r1i1p1,v1,2028-01-01,2028-12-31,False,False,True,True,True,False,False,True,False,True,False,False,False,,,0.98,100_220_390_120_330_140_25,prediction_runs,,crop_MS_2028_100_25832_etrs89-utm32n.asc,,DroughtStressThreshold,0.5,1,
766,True,fixed,auto,SM_sfix_hauto,sim_projection_avgyield.json,crop.json,,site.json,False,dwd_core_ensemble,dwd_core_ensemble/csvs_dwd_core_ensemble,CCCma-CanESM2,CLMcom-CCLM4-8-17,rcp85,r1i1p1,v1,2029-01-01,2029-12-31,False,False,True,True,True,False,False,True,False,True,False,False,False,,,0.98,100_220_390_120_330_140_25,prediction_runs,,crop_MS_2029_100_25832_etrs89-utm32n.asc,,DroughtStressThreshold,0.5,1,
767,True,fixed,auto,SM_sfix_hauto,sim_projection_avgyield.json,crop.json,,site.json,False,dwd_core_ensemble,dwd_core_ensemble/csvs_dwd_core_ensemble,ICHEC-EC-EARTH,CLMcom-CCLM4-8-17,rcp26,r12i1p1,v1,2029-01-01,2029-12-31,False,False,True,True,True,False,False,True,False,True,False,False,False,,,0.98,100_220_390_120_330_140_25,prediction_runs,,crop_MS_2029_100_25832_etrs89-utm32n.asc,,DroughtStressThreshold,0.5,1,
768,True,fixed,auto,SM_sfix_hauto,sim_projection_avgyield.json,crop.json,,site.json,False,dwd_core_ensemble,dwd_core_ensemble/csvs_dwd_core_ensemble,ICHEC-EC-EARTH,KNMI-RACMO22E,rcp26,r12i1p1,v1,2029-01-01,2029-12-31,False,False,True,True,True,False,False,True,False,True,False,False,False,,,0.98,100_220_390_120_330_140_25,prediction_runs,,crop_MS_2029_100_25832_etrs89-utm32n.asc,,DroughtStressThreshold,0.5,1,
769,True,fixed,auto,SM_sfix_hauto,sim_projection_avgyield.json,crop.json,,site.json,False,dwd_core_ensemble,dwd_core_ensemble/csvs_dwd_core_ensemble,ICHEC-EC-EARTH,KNMI-RACMO22E,rcp45,r1i1p1,v1,2029-01-01,2029-12-31,False,False,True,True,True,False,False,True,False,True,False,False,False,,,0.98,100_220_390_120_330_140_25,prediction_runs,,crop_MS_2029_100_25832_etrs89-utm32n.asc,,DroughtStressThreshold,0.5,1,
770,True,fixed,auto,SM_sfix_hauto,sim_projection_avgyield.json,crop.json,,site.json,False,dwd_core_ensemble,dwd_core_ensemble/csvs_dwd_core_ensemble,ICHEC-EC-EARTH,KNMI-RACMO22E,rcp45,r12i1p1,v1,2029-01-01,2029-12-31,False,False,True,True,True,False,False,True,False,True,False,False,False,,,0.98,100_220_390_120_330_140_25,prediction_runs,,crop_MS_2029_100_25832_etrs89-utm32n.asc,,DroughtStressThreshold,0.5,1,
771,True,fixed,auto,SM_sfix_hauto,sim_projection_avgyield.json,crop.json,,site.json,False,dwd_core_ensemble,dwd_core_ensemble/csvs_dwd_core_ensemble,ICHEC-EC-EARTH,KNMI-RACMO22E,rcp85,r1i1p1,v1,2029-01-01,2029-12-31,False,False,True,True,True,False,False,True,False,True,False,False,False,,,0.98,100_220_390_120_330_140_25,prediction_runs,,crop_MS_2029_100_25832_etrs89-utm32n.asc,,DroughtStressThreshold,0.5,1,
772,True,fixed,auto,SM_sfix_hauto,sim_projection_avgyield.json,crop.json,,site.json,False,dwd_core_ensemble,dwd_core_ensemble/csvs_dwd_core_ensemble,ICHEC-EC-EARTH,SMHI-RCA4,rcp45,r12i1p1,v1,2029-01-01,2029-12-31,False,False,True,True,True,False,False,True,False,True,False,False,False,,,0.98,100_220_390_120_330_140_25,prediction_runs,,crop_MS_2029_100_25832_etrs89-utm32n.asc,,DroughtStressThreshold,0.5,1,
773,True,fixed,auto,SM_sfix_hauto,sim_projection_avgyield.json,crop.json,,site.json,False,dwd_core_ensemble,dwd_core_ensemble/csvs_dwd_core_ensemble,MIROC-MIROC5,CLMcom-CCLM4-8-17,rcp26,r1i1p1,v1,2029-01-01,2029-12-31,False,False,True,True,True,False,False,True,False,True,False,False,False,,,0.98,100_220_390_120_330_140_25,prediction_runs,,crop_MS_2029_100_25832_etrs89-utm32n.asc,,DroughtStressThreshold,0.5,1,
774,True,fixed,auto,SM_sfix_hauto,sim_projection_avgyield.json,crop.json,,site.json,False,dwd_core_ensemble,dwd_core_ensemble/csvs_dwd_core_ensemble,MIROC-MIROC5,GERICS-REMO2015,rcp85,r1i1p1,v1,2029-01-01,2029-12-31,False,False,True,True,True,False,False,True,False,True,False,False,False,,,0.98,100_220_390_120_330_140_25,prediction_runs,,crop_MS_2029_100_25832_etrs89-utm32n.asc,,DroughtStressThreshold,0.5,1,
775,True,fixed,auto,SM_sfix_hauto,sim_projection_avgyield.json,crop.json,,site.json,False,dwd_core_ensemble,dwd_core_ensemble/csvs_dwd_core_ensemble,MOHC-HadGEM2-ES,CLMcom-CCLM4-8-17,rcp45,r1i1p1,v1,2029-01-01,2029-12-31,False,False,True,True,True,False,False,True,False,True,False,False,False,,,0.98,100_220_390_120_330_140_25,prediction_runs,,crop_MS_2029_100_25832_etrs89-utm32n.asc,,DroughtStressThreshold,0.5,1,
776,True,fixed,auto,SM_sfix_hauto,sim_projection_avgyield.json,crop.json,,site.json,False,dwd_core_ensemble,dwd_core_ensemble/csvs_dwd_core_ensemble,MOHC-HadGEM2-ES,CLMcom-CCLM4-8-17,rcp85,r1i1p1,v1,2029-01-01,2029-12-31,False,False,True,True,True,False,False,True,False,True,False,False,False,,,0.98,100_220_390_120_330_140_25,prediction_runs,,crop_MS_2029_100_25832_etrs89-utm32n.asc,,DroughtStressThreshold,0.5,1,
777,True,fixed,auto,SM_sfix_hauto,sim_projection_avgyield.json,crop.json,,site.json,False,dwd_core_ensemble,dwd_core_ensemble/csvs_dwd_core_ensemble,MOHC-HadGEM2-ES,KNMI-RACMO22E,rcp26,r1i1p1,v2,2029-01-01,2029-12-31,False,False,True,True,True,False,False,True,False,True,False,False,False,,,0.98,100_220_390_120_330_140_25,prediction_runs,,crop_MS_2029_100_25832_etrs89-utm32n.asc,,DroughtStressThreshold,0.5,1,
778,True,fixed,auto,SM_sfix_hauto,sim_projection_avgyield.json,crop.json,,site.json,False,dwd_core_ensemble,dwd_core_ensemble/csvs_dwd_core_ensemble,MPI-M-MPI-ESM-LR,MPI-CSC-REMO2009,rcp26,r2i1p1,v1,2029-01-01,2029-12-31,False,False,True,True,True,False,False,True,False,True,False,False,False,,,0.98,100_220_390_120_330_140_25,prediction_runs,,crop_MS_2029_100_25832_etrs89-utm32n.asc,,DroughtStressThreshold,0.5,1,
779,True,fixed,auto,SM_sfix_hauto,sim_projection_avgyield.json,crop.json,,site.json,False,dwd_core_ensemble,dwd_core_ensemble/csvs_dwd_core_ensemble,MPI-M-MPI-ESM-LR,MPI-CSC-REMO2009,rcp45,r1i1p1,v1,2029-01-01,2029-12-31,False,False,True,True,True,False,False,True,False,True,False,False,False,,,0.98,100_220_390_120_330_140_25,prediction_runs,,crop_MS_2029_100_25832_etrs89-utm32n.asc,,DroughtStressThreshold,0.5,1,
780,True,fixed,auto,SM_sfix_hauto,sim_projection_avgyield.json,crop.json,,site.json,False,dwd_core_ensemble,dwd_core_ensemble/csvs_dwd_core_ensemble,MPI-M-MPI-ESM-LR,MPI-CSC-REMO2009,rcp45,r2i1p1,v1,2029-01-01,2029-12-31,False,False,True,True,True,False,False,True,False,True,False,False,False,,,0.98,100_220_390_120_330_140_25,prediction_runs,,crop_MS_2029_100_25832_etrs89-utm32n.asc,,DroughtStressThreshold,0.5,1,
781,True,fixed,auto,SM_sfix_hauto,sim_projection_avgyield.json,crop.json,,site.json,False,dwd_core_ensemble,dwd_core_ensemble/csvs_dwd_core_ensemble,MPI-M-MPI-ESM-LR,MPI-CSC-REMO2009,rcp85,r2i1p1,v1,2029-01-01,2029-12-31,False,False,True,True,True,False,False,True,False,True,False,False,False,,,0.98,100_220_390_120_330_140_25,prediction_runs,,crop_MS_2029_100_25832_etrs89-utm32n.asc,,DroughtStressThreshold,0.5,1,
782,True,fixed,auto,SM_sfix_hauto,sim_projection_avgyield.json,crop.json,,site.json,False,dwd_core_ensemble,dwd_core_ensemble/csvs_dwd_core_ensemble,MPI-M-MPI-ESM-LR,UHOH-WRF361H,rcp85,r1i1p1,v1,2029-01-01,2029-12-31,False,False,True,True,True,False,False,True,False,True,False,False,False,,,0.98,100_220_390_120_330_140_25,prediction_runs,,crop_MS_2029_100_25832_etrs89-utm32n.asc,,DroughtStressThreshold,0.5,1,
783,True,fixed,auto,SM_sfix_hauto,sim_projection_avgyield.json,crop.json,,site.json,False,dwd_core_ensemble,dwd_core_ensemble/csvs_dwd_core_ensemble,CCCma-CanESM2,CLMcom-CCLM4-8-17,rcp85,r1i1p1,v1,2030-01-01,2030-12-31,False,False,True,True,True,False,False,True,False,True,False,False,False,,,0.98,100_220_390_120_330_140_25,prediction_runs,,crop_MS_2030_100_25832_etrs89-utm32n.asc,,DroughtStressThreshold,0.5,1,
784,True,fixed,auto,SM_sfix_hauto,sim_projection_avgyield.json,crop.json,,site.json,False,dwd_core_ensemble,dwd_core_ensemble/csvs_dwd_core_ensemble,ICHEC-EC-EARTH,CLMcom-CCLM4-8-17,rcp26,r12i1p1,v1,2030-01-01,2030-12-31,False,False,True,True,True,False,False,True,False,True,False,False,False,,,0.98,100_220_390_120_330_140_25,prediction_runs,,crop_MS_2030_100_25832_etrs89-utm32n.asc,,DroughtStressThreshold,0.5,1,
785,True,fixed,auto,SM_sfix_hauto,sim_projection_avgyield.json,crop.json,,site.json,False,dwd_core_ensemble,dwd_core_ensemble/csvs_dwd_core_ensemble,ICHEC-EC-EARTH,KNMI-RACMO22E,rcp26,r12i1p1,v1,2030-01-01,2030-12-31,False,False,True,True,True,False,False,True,False,True,False,False,False,,,0.98,100_220_390_120_330_140_25,prediction_runs,,crop_MS_2030_100_25832_etrs89-utm32n.asc,,DroughtStressThreshold,0.5,1,
786,True,fixed,auto,SM_sfix_hauto,sim_projection_avgyield.json,crop.json,,site.json,False,dwd_core_ensemble,dwd_core_ensemble/csvs_dwd_core_ensemble,ICHEC-EC-EARTH,KNMI-RACMO22E,rcp45,r1i1p1,v1,2030-01-01,2030-12-31,False,False,True,True,True,False,False,True,False,True,False,False,False,,,0.98,100_220_390_120_330_140_25,prediction_runs,,crop_MS_2030_100_25832_etrs89-utm32n.asc,,DroughtStressThreshold,0.5,1,
787,True,fixed,auto,SM_sfix_hauto,sim_projection_avgyield.json,crop.json,,site.json,False,dwd_core_ensemble,dwd_core_ensemble/csvs_dwd_core_ensemble,ICHEC-EC-EARTH,KNMI-RACMO22E,rcp45,r12i1p1,v1,2030-01-01,2030-12-31,False,False,True,True,True,False,False,True,False,True,False,False,False,,,0.98,100_220_390_120_330_140_25,prediction_runs,,crop_MS_2030_100_25832_etrs89-utm32n.asc,,DroughtStressThreshold,0.5,1,
788,True,fixed,auto,SM_sfix_hauto,sim_projection_avgyield.json,crop.json,,site.json,False,dwd_core_ensemble,dwd_core_ensemble/csvs_dwd_core_ensemble,ICHEC-EC-EARTH,KNMI-RACMO22E,rcp85,r1i1p1,v1,2030-01-01,2030-12-31,False,False,True,True,True,False,False,True,False,True,False,False,False,,,0.98,100_220_390_120_330_140_25,prediction_runs,,crop_MS_2030_100_25832_etrs89-utm32n.asc,,DroughtStressThreshold,0.5,1,
789,True,fixed,auto,SM_sfix_hauto,sim_projection_avgyield.json,crop.json,,site.json,False,dwd_core_ensemble,dwd_core_ensemble/csvs_dwd_core_ensemble,ICHEC-EC-EARTH,SMHI-RCA4,rcp45,r12i1p1,v1,2030-01-01,2030-12-31,False,False,True,True,True,False,False,True,False,True,False,False,False,,,0.98,100_220_390_120_330_140_25,prediction_runs,,crop_MS_2030_100_25832_etrs89-utm32n.asc,,DroughtStressThreshold,0.5,1,
790,True,fixed,auto,SM_sfix_hauto,sim_projection_avgyield.json,crop.json,,site.json,False,dwd_core_ensemble,dwd_core_ensemble/csvs_dwd_core_ensemble,MIROC-MIROC5,CLMcom-CCLM4-8-17,rcp26,r1i1p1,v1,2030-01-01,2030-12-31,False,False,True,True,True,False,False,True,False,True,False,False,False,,,0.98,100_220_390_120_330_140_25,prediction_runs,,crop_MS_2030_100_25832_etrs89-utm32n.asc,,DroughtStressThreshold,0.5,1,
791,True,fixed,auto,SM_sfix_hauto,sim_projection_avgyield.json,crop.json,,site.json,False,dwd_core_ensemble,dwd_core_ensemble/csvs_dwd_core_ensemble,MIROC-MIROC5,GERICS-REMO2015,rcp85,r1i1p1,v1,2030-01-01,2030-12-31,False,False,True,True,True,False,False,True,False,True,False,False,False,,,0.98,100_220_390_120_330_140_25,prediction_runs,,crop_MS_2030_100_25832_etrs89-utm32n.asc,,DroughtStressThreshold,0.5,1,
792,True,fixed,auto,SM_sfix_hauto,sim_projection_avgyield.json,crop.json,,site.json,False,dwd_core_ensemble,dwd_core_ensemble/csvs_dwd_core_ensemble,MOHC-HadGEM2-ES,CLMcom-CCLM4-8-17,rcp45,r1i1p1,v1,2030-01-01,2030-12-31,False,False,True,True,True,False,False,True,False,True,False,False,False,,,0.98,100_220_390_120_330_140_25,prediction_runs,,crop_MS_2030_100_25832_etrs89-utm32n.asc,,DroughtStressThreshold,0.5,1,
793,True,fixed,auto,SM_sfix_hauto,sim_projection_avgyield.json,crop.json,,site.json,False,dwd_core_ensemble,dwd_core_ensemble/csvs_dwd_core_ensemble,MOHC-HadGEM2-ES,CLMcom-CCLM4-8-17,rcp85,r1i1p1,v1,2030-01-01,2030-12-31,False,False,True,True,True,False,False,True,False,True,False,False,False,,,0.98,100_220_390_120_330_140_25,prediction_runs,,crop_MS_2030_100_25832_etrs89-utm32n.asc,,DroughtStressThreshold,0.5,1,
794,True,fixed,auto,SM_sfix_hauto,sim_projection_avgyield.json,crop.json,,site.json,False,dwd_core_ensemble,dwd_core_ensemble/csvs_dwd_core_ensemble,MOHC-HadGEM2-ES,KNMI-RACMO22E,rcp26,r1i1p1,v2,2030-01-01,2030-12-31,False,False,True,True,True,False,False,True,False,True,False,False,False,,,0.98,100_220_390_120_330_140_25,prediction_runs,,crop_MS_2030_100_25832_etrs89-utm32n.asc,,DroughtStressThreshold,0.5,1,
795,True,fixed,auto,SM_sfix_hauto,sim_projection_avgyield.json,crop.json,,site.json,False,dwd_core_ensemble,dwd_core_ensemble/csvs_dwd_core_ensemble,MPI-M-MPI-ESM-LR,MPI-CSC-REMO2009,rcp26,r2i1p1,v1,2030-01-01,2030-12-31,False,False,True,True,True,False,False,True,False,True,False,False,False,,,0.98,100_220_390_120_330_140_25,prediction_runs,,crop_MS_2030_100_25832_etrs89-utm32n.asc,,DroughtStressThreshold,0.5,1,
796,True,fixed,auto,SM_sfix_hauto,sim_projection_avgyield.json,crop.json,,site.json,False,dwd_core_ensemble,dwd_core_ensemble/csvs_dwd_core_ensemble,MPI-M-MPI-ESM-LR,MPI-CSC-REMO2009,rcp45,r1i1p1,v1,2030-01-01,2030-12-31,False,False,True,True,True,False,False,True,False,True,False,False,False,,,0.98,100_220_390_120_330_140_25,prediction_runs,,crop_MS_2030_100_25832_etrs89-utm32n.asc,,DroughtStressThreshold,0.5,1,
797,True,fixed,auto,SM_sfix_hauto,sim_projection_avgyield.json,crop.json,,site.json,False,dwd_core_ensemble,dwd_core_ensemble/csvs_dwd_core_ensemble,MPI-M-MPI-ESM-LR,MPI-CSC-REMO2009,rcp45,r2i1p1,v1,2030-01-01,2030-12-31,False,False,True,True,True,False,False,True,False,True,False,False,False,,,0.98,100_220_390_120_330_140_25,prediction_runs,,crop_MS_2030_100_25832_etrs89-utm32n.asc,,DroughtStressThreshold,0.5,1,
798,True,fixed,auto,SM_sfix_hauto,sim_projection_avgyield.json,crop.json,,site.json,False,dwd_core_ensemble,dwd_core_ensemble/csvs_dwd_core_ensemble,MPI-M-MPI-ESM-LR,MPI-CSC-REMO2009,rcp85,r2i1p1,v1,2030-01-01,2030-12-31,False,False,True,True,True,False,False,True,False,True,False,False,False,,,0.98,100_220_390_120_330_140_25,prediction_runs,,crop_MS_2030_100_25832_etrs89-utm32n.asc,,DroughtStressThreshold,0.5,1,
799,True,fixed,auto,SM_sfix_hauto,sim_projection_avgyield.json,crop.json,,site.json,False,dwd_core_ensemble,dwd_core_ensemble/csvs_dwd_core_ensemble,MPI-M-MPI-ESM-LR,UHOH-WRF361H,rcp85,r1i1p1,v1,2030-01-01,2030-12-31,False,False,True,True,True,False,False,True,False,True,False,False,False,,,0.98,100_220_390_120_330_140_25,prediction_runs,,crop_MS_2030_100_25832_etrs89-utm32n.asc,,DroughtStressThreshold,0.5,1,
800,True,fixed,auto,SM_sfix_hauto,sim_projection_avgyield.json,crop.json,,site.json,False,dwd_core_ensemble,dwd_core_ensemble/csvs_dwd_core_ensemble,CCCma-CanESM2,CLMcom-CCLM4-8-17,rcp85,r1i1p1,v1,2031-01-01,2031-12-31,False,False,True,True,True,False,False,True,False,True,False,False,False,,,0.98,100_220_390_120_330_140_25,prediction_runs,,crop_MS_2031_100_25832_etrs89-utm32n.asc,,DroughtStressThreshold,0.5,1,
801,True,fixed,auto,SM_sfix_hauto,sim_projection_avgyield.json,crop.json,,site.json,False,dwd_core_ensemble,dwd_core_ensemble/csvs_dwd_core_ensemble,ICHEC-EC-EARTH,CLMcom-CCLM4-8-17,rcp26,r12i1p1,v1,2031-01-01,2031-12-31,False,False,True,True,True,False,False,True,False,True,False,False,False,,,0.98,100_220_390_120_330_140_25,prediction_runs,,crop_MS_2031_100_25832_etrs89-utm32n.asc,,DroughtStressThreshold,0.5,1,
802,True,fixed,auto,SM_sfix_hauto,sim_projection_avgyield.json,crop.json,,site.json,False,dwd_core_ensemble,dwd_core_ensemble/csvs_dwd_core_ensemble,ICHEC-EC-EARTH,KNMI-RACMO22E,rcp26,r12i1p1,v1,2031-01-01,2031-12-31,False,False,True,True,True,False,False,True,False,True,False,False,False,,,0.98,100_220_390_120_330_140_25,prediction_runs,,crop_MS_2031_100_25832_etrs89-utm32n.asc,,DroughtStressThreshold,0.5,1,
803,True,fixed,auto,SM_sfix_hauto,sim_projection_avgyield.json,crop.json,,site.json,False,dwd_core_ensemble,dwd_core_ensemble/csvs_dwd_core_ensemble,ICHEC-EC-EARTH,KNMI-RACMO22E,rcp45,r1i1p1,v1,2031-01-01,2031-12-31,False,False,True,True,True,False,False,True,False,True,False,False,False,,,0.98,100_220_390_120_330_140_25,prediction_runs,,crop_MS_2031_100_25832_etrs89-utm32n.asc,,DroughtStressThreshold,0.5,1,
804,True,fixed,auto,SM_sfix_hauto,sim_projection_avgyield.json,crop.json,,site.json,False,dwd_core_ensemble,dwd_core_ensemble/csvs_dwd_core_ensemble,ICHEC-EC-EARTH,KNMI-RACMO22E,rcp45,r12i1p1,v1,2031-01-01,2031-12-31,False,False,True,True,True,False,False,True,False,True,False,False,False,,,0.98,100_220_390_120_330_140_25,prediction_runs,,crop_MS_2031_100_25832_etrs89-utm32n.asc,,DroughtStressThreshold,0.5,1,
805,True,fixed,auto,SM_sfix_hauto,sim_projection_avgyield.json,crop.json,,site.json,False,dwd_core_ensemble,dwd_core_ensemble/csvs_dwd_core_ensemble,ICHEC-EC-EARTH,KNMI-RACMO22E,rcp85,r1i1p1,v1,2031-01-01,2031-12-31,False,False,True,True,True,False,False,True,False,True,False,False,False,,,0.98,100_220_390_120_330_140_25,prediction_runs,,crop_MS_2031_100_25832_etrs89-utm32n.asc,,DroughtStressThreshold,0.5,1,
806,True,fixed,auto,SM_sfix_hauto,sim_projection_avgyield.json,crop.json,,site.json,False,dwd_core_ensemble,dwd_core_ensemble/csvs_dwd_core_ensemble,ICHEC-EC-EARTH,SMHI-RCA4,rcp45,r12i1p1,v1,2031-01-01,2031-12-31,False,False,True,True,True,False,False,True,False,True,False,False,False,,,0.98,100_220_390_120_330_140_25,prediction_runs,,crop_MS_2031_100_25832_etrs89-utm32n.asc,,DroughtStressThreshold,0.5,1,
807,True,fixed,auto,SM_sfix_hauto,sim_projection_avgyield.json,crop.json,,site.json,False,dwd_core_ensemble,dwd_core_ensemble/csvs_dwd_core_ensemble,MIROC-MIROC5,CLMcom-CCLM4-8-17,rcp26,r1i1p1,v1,2031-01-01,2031-12-31,False,False,True,True,True,False,False,True,False,True,False,False,False,,,0.98,100_220_390_120_330_140_25,prediction_runs,,crop_MS_2031_100_25832_etrs89-utm32n.asc,,DroughtStressThreshold,0.5,1,
808,True,fixed,auto,SM_sfix_hauto,sim_projection_avgyield.json,crop.json,,site.json,False,dwd_core_ensemble,dwd_core_ensemble/csvs_dwd_core_ensemble,MIROC-MIROC5,GERICS-REMO2015,rcp85,r1i1p1,v1,2031-01-01,2031-12-31,False,False,True,True,True,False,False,True,False,True,False,False,False,,,0.98,100_220_390_120_330_140_25,prediction_runs,,crop_MS_2031_100_25832_etrs89-utm32n.asc,,DroughtStressThreshold,0.5,1,
809,True,fixed,auto,SM_sfix_hauto,sim_projection_avgyield.json,crop.json,,site.json,False,dwd_core_ensemble,dwd_core_ensemble/csvs_dwd_core_ensemble,MOHC-HadGEM2-ES,CLMcom-CCLM4-8-17,rcp45,r1i1p1,v1,2031-01-01,2031-12-31,False,False,True,True,True,False,False,True,False,True,False,False,False,,,0.98,100_220_390_120_330_140_25,prediction_runs,,crop_MS_2031_100_25832_etrs89-utm32n.asc,,DroughtStressThreshold,0.5,1,
810,True,fixed,auto,SM_sfix_hauto,sim_projection_avgyield.json,crop.json,,site.json,False,dwd_core_ensemble,dwd_core_ensemble/csvs_dwd_core_ensemble,MOHC-HadGEM2-ES,CLMcom-CCLM4-8-17,rcp85,r1i1p1,v1,2031-01-01,2031-12-31,False,False,True,True,True,False,False,True,False,True,False,False,False,,,0.98,100_220_390_120_330_140_25,prediction_runs,,crop_MS_2031_100_25832_etrs89-utm32n.asc,,DroughtStressThreshold,0.5,1,
811,True,fixed,auto,SM_sfix_hauto,sim_projection_avgyield.json,crop.json,,site.json,False,dwd_core_ensemble,dwd_core_ensemble/csvs_dwd_core_ensemble,MOHC-HadGEM2-ES,KNMI-RACMO22E,rcp26,r1i1p1,v2,2031-01-01,2031-12-31,False,False,True,True,True,False,False,True,False,True,False,False,False,,,0.98,100_220_390_120_330_140_25,prediction_runs,,crop_MS_2031_100_25832_etrs89-utm32n.asc,,DroughtStressThreshold,0.5,1,
812,True,fixed,auto,SM_sfix_hauto,sim_projection_avgyield.json,crop.json,,site.json,False,dwd_core_ensemble,dwd_core_ensemble/csvs_dwd_core_ensemble,MPI-M-MPI-ESM-LR,MPI-CSC-REMO2009,rcp26,r2i1p1,v1,2031-01-01,2031-12-31,False,False,True,True,True,False,False,True,False,True,False,False,False,,,0.98,100_220_390_120_330_140_25,prediction_runs,,crop_MS_2031_100_25832_etrs89-utm32n.asc,,DroughtStressThreshold,0.5,1,
813,True,fixed,auto,SM_sfix_hauto,sim_projection_avgyield.json,crop.json,,site.json,False,dwd_core_ensemble,dwd_core_ensemble/csvs_dwd_core_ensemble,MPI-M-MPI-ESM-LR,MPI-CSC-REMO2009,rcp45,r1i1p1,v1,2031-01-01,2031-12-31,False,False,True,True,True,False,False,True,False,True,False,False,False,,,0.98,100_220_390_120_330_140_25,prediction_runs,,crop_MS_2031_100_25832_etrs89-utm32n.asc,,DroughtStressThreshold,0.5,1,
814,True,fixed,auto,SM_sfix_hauto,sim_projection_avgyield.json,crop.json,,site.json,False,dwd_core_ensemble,dwd_core_ensemble/csvs_dwd_core_ensemble,MPI-M-MPI-ESM-LR,MPI-CSC-REMO2009,rcp45,r2i1p1,v1,2031-01-01,2031-12-31,False,False,True,True,True,False,False,True,False,True,False,False,False,,,0.98,100_220_390_120_330_140_25,prediction_runs,,crop_MS_2031_100_25832_etrs89-utm32n.asc,,DroughtStressThreshold,0.5,1,
815,True,fixed,auto,SM_sfix_hauto,sim_projection_avgyield.json,crop.json,,site.json,False,dwd_core_ensemble,dwd_core_ensemble/csvs_dwd_core_ensemble,MPI-M-MPI-ESM-LR,MPI-CSC-REMO2009,rcp85,r2i1p1,v1,2031-01-01,2031-12-31,False,False,True,True,True,False,False,True,False,True,False,False,False,,,0.98,100_220_390_120_330_140_25,prediction_runs,,crop_MS_2031_100_25832_etrs89-utm32n.asc,,DroughtStressThreshold,0.5,1,
816,True,fixed,auto,SM_sfix_hauto,sim_projection_avgyield.json,crop.json,,site.json,False,dwd_core_ensemble,dwd_core_ensemble/csvs_dwd_core_ensemble,MPI-M-MPI-ESM-LR,UHOH-WRF361H,rcp85,r1i1p1,v1,2031-01-01,2031-12-31,False,False,True,True,True,False,False,True,False,True,False,False,False,,,0.98,100_220_390_120_330_140_25,prediction_runs,,crop_MS_2031_100_25832_etrs89-utm32n.asc,,DroughtStressThreshold,0.5,1,
817,True,fixed,auto,SM_sfix_hauto,sim_projection_avgyield.json,crop.json,,site.json,False,dwd_core_ensemble,dwd_core_ensemble/csvs_dwd_core_ensemble,CCCma-CanESM2,CLMcom-CCLM4-8-17,rcp85,r1i1p1,v1,2032-01-01,2032-12-31,False,False,True,True,True,False,False,True,False,True,False,False,False,,,0.98,100_220_390_120_330_140_25,prediction_runs,,crop_MS_2032_100_25832_etrs89-utm32n.asc,,DroughtStressThreshold,0.5,1,
818,True,fixed,auto,SM_sfix_hauto,sim_projection_avgyield.json,crop.json,,site.json,False,dwd_core_ensemble,dwd_core_ensemble/csvs_dwd_core_ensemble,ICHEC-EC-EARTH,CLMcom-CCLM4-8-17,rcp26,r12i1p1,v1,2032-01-01,2032-12-31,False,False,True,True,True,False,False,True,False,True,False,False,False,,,0.98,100_220_390_120_330_140_25,prediction_runs,,crop_MS_2032_100_25832_etrs89-utm32n.asc,,DroughtStressThreshold,0.5,1,
819,True,fixed,auto,SM_sfix_hauto,sim_projection_avgyield.json,crop.json,,site.json,False,dwd_core_ensemble,dwd_core_ensemble/csvs_dwd_core_ensemble,ICHEC-EC-EARTH,KNMI-RACMO22E,rcp26,r12i1p1,v1,2032-01-01,2032-12-31,False,False,True,True,True,False,False,True,False,True,False,False,False,,,0.98,100_220_390_120_330_140_25,prediction_runs,,crop_MS_2032_100_25832_etrs89-utm32n.asc,,DroughtStressThreshold,0.5,1,
820,True,fixed,auto,SM_sfix_hauto,sim_projection_avgyield.json,crop.json,,site.json,False,dwd_core_ensemble,dwd_core_ensemble/csvs_dwd_core_ensemble,ICHEC-EC-EARTH,KNMI-RACMO22E,rcp45,r1i1p1,v1,2032-01-01,2032-12-31,False,False,True,True,True,False,False,True,False,True,False,False,False,,,0.98,100_220_390_120_330_140_25,prediction_runs,,crop_MS_2032_100_25832_etrs89-utm32n.asc,,DroughtStressThreshold,0.5,1,
821,True,fixed,auto,SM_sfix_hauto,sim_projection_avgyield.json,crop.json,,site.json,False,dwd_core_ensemble,dwd_core_ensemble/csvs_dwd_core_ensemble,ICHEC-EC-EARTH,KNMI-RACMO22E,rcp45,r12i1p1,v1,2032-01-01,2032-12-31,False,False,True,True,True,False,False,True,False,True,False,False,False,,,0.98,100_220_390_120_330_140_25,prediction_runs,,crop_MS_2032_100_25832_etrs89-utm32n.asc,,DroughtStressThreshold,0.5,1,
822,True,fixed,auto,SM_sfix_hauto,sim_projection_avgyield.json,crop.json,,site.json,False,dwd_core_ensemble,dwd_core_ensemble/csvs_dwd_core_ensemble,ICHEC-EC-EARTH,KNMI-RACMO22E,rcp85,r1i1p1,v1,2032-01-01,2032-12-31,False,False,True,True,True,False,False,True,False,True,False,False,False,,,0.98,100_220_390_120_330_140_25,prediction_runs,,crop_MS_2032_100_25832_etrs89-utm32n.asc,,DroughtStressThreshold,0.5,1,
823,True,fixed,auto,SM_sfix_hauto,sim_projection_avgyield.json,crop.json,,site.json,False,dwd_core_ensemble,dwd_core_ensemble/csvs_dwd_core_ensemble,ICHEC-EC-EARTH,SMHI-RCA4,rcp45,r12i1p1,v1,2032-01-01,2032-12-31,False,False,True,True,True,False,False,True,False,True,False,False,False,,,0.98,100_220_390_120_330_140_25,prediction_runs,,crop_MS_2032_100_25832_etrs89-utm32n.asc,,DroughtStressThreshold,0.5,1,
824,True,fixed,auto,SM_sfix_hauto,sim_projection_avgyield.json,crop.json,,site.json,False,dwd_core_ensemble,dwd_core_ensemble/csvs_dwd_core_ensemble,MIROC-MIROC5,CLMcom-CCLM4-8-17,rcp26,r1i1p1,v1,2032-01-01,2032-12-31,False,False,True,True,True,False,False,True,False,True,False,False,False,,,0.98,100_220_390_120_330_140_25,prediction_runs,,crop_MS_2032_100_25832_etrs89-utm32n.asc,,DroughtStressThreshold,0.5,1,
825,True,fixed,auto,SM_sfix_hauto,sim_projection_avgyield.json,crop.json,,site.json,False,dwd_core_ensemble,dwd_core_ensemble/csvs_dwd_core_ensemble,MIROC-MIROC5,GERICS-REMO2015,rcp85,r1i1p1,v1,2032-01-01,2032-12-31,False,False,True,True,True,False,False,True,False,True,False,False,False,,,0.98,100_220_390_120_330_140_25,prediction_runs,,crop_MS_2032_100_25832_etrs89-utm32n.asc,,DroughtStressThreshold,0.5,1,
826,True,fixed,auto,SM_sfix_hauto,sim_projection_avgyield.json,crop.json,,site.json,False,dwd_core_ensemble,dwd_core_ensemble/csvs_dwd_core_ensemble,MOHC-HadGEM2-ES,CLMcom-CCLM4-8-17,rcp45,r1i1p1,v1,2032-01-01,2032-12-31,False,False,True,True,True,False,False,True,False,True,False,False,False,,,0.98,100_220_390_120_330_140_25,prediction_runs,,crop_MS_2032_100_25832_etrs89-utm32n.asc,,DroughtStressThreshold,0.5,1,
827,True,fixed,auto,SM_sfix_hauto,sim_projection_avgyield.json,crop.json,,site.json,False,dwd_core_ensemble,dwd_core_ensemble/csvs_dwd_core_ensemble,MOHC-HadGEM2-ES,CLMcom-CCLM4-8-17,rcp85,r1i1p1,v1,2032-01-01,2032-12-31,False,False,True,True,True,False,False,True,False,True,False,False,False,,,0.98,100_220_390_120_330_140_25,prediction_runs,,crop_MS_2032_100_25832_etrs89-utm32n.asc,,DroughtStressThreshold,0.5,1,
828,True,fixed,auto,SM_sfix_hauto,sim_projection_avgyield.json,crop.json,,site.json,False,dwd_core_ensemble,dwd_core_ensemble/csvs_dwd_core_ensemble,MOHC-HadGEM2-ES,KNMI-RACMO22E,rcp26,r1i1p1,v2,2032-01-01,2032-12-31,False,False,True,True,True,False,False,True,False,True,False,False,False,,,0.98,100_220_390_120_330_140_25,prediction_runs,,crop_MS_2032_100_25832_etrs89-utm32n.asc,,DroughtStressThreshold,0.5,1,
829,True,fixed,auto,SM_sfix_hauto,sim_projection_avgyield.json,crop.json,,site.json,False,dwd_core_ensemble,dwd_core_ensemble/csvs_dwd_core_ensemble,MPI-M-MPI-ESM-LR,MPI-CSC-REMO2009,rcp26,r2i1p1,v1,2032-01-01,2032-12-31,False,False,True,True,True,False,False,True,False,True,False,False,False,,,0.98,100_220_390_120_330_140_25,prediction_runs,,crop_MS_2032_100_25832_etrs89-utm32n.asc,,DroughtStressThreshold,0.5,1,
830,True,fixed,auto,SM_sfix_hauto,sim_projection_avgyield.json,crop.json,,site.json,False,dwd_core_ensemble,dwd_core_ensemble/csvs_dwd_core_ensemble,MPI-M-MPI-ESM-LR,MPI-CSC-REMO2009,rcp45,r1i1p1,v1,2032-01-01,2032-12-31,False,False,True,True,True,False,False,True,False,True,False,False,False,,,0.98,100_220_390_120_330_140_25,prediction_runs,,crop_MS_2032_100_25832_etrs89-utm32n.asc,,DroughtStressThreshold,0.5,1,
831,True,fixed,auto,SM_sfix_hauto,sim_projection_avgyield.json,crop.json,,site.json,False,dwd_core_ensemble,dwd_core_ensemble/csvs_dwd_core_ensemble,MPI-M-MPI-ESM-LR,MPI-CSC-REMO2009,rcp45,r2i1p1,v1,2032-01-01,2032-12-31,False,False,True,True,True,False,False,True,False,True,False,False,False,,,0.98,100_220_390_120_330_140_25,prediction_runs,,crop_MS_2032_100_25832_etrs89-utm32n.asc,,DroughtStressThreshold,0.5,1,
832,True,fixed,auto,SM_sfix_hauto,sim_projection_avgyield.json,crop.json,,site.json,False,dwd_core_ensemble,dwd_core_ensemble/csvs_dwd_core_ensemble,MPI-M-MPI-ESM-LR,MPI-CSC-REMO2009,rcp85,r2i1p1,v1,2032-01-01,2032-12-31,False,False,True,True,True,False,False,True,False,True,False,False,False,,,0.98,100_220_390_120_330_140_25,prediction_runs,,crop_MS_2032_100_25832_etrs89-utm32n.asc,,DroughtStressThreshold,0.5,1,
833,True,fixed,auto,SM_sfix_hauto,sim_projection_avgyield.json,crop.json,,site.json,False,dwd_core_ensemble,dwd_core_ensemble/csvs_dwd_core_ensemble,MPI-M-MPI-ESM-LR,UHOH-WRF361H,rcp85,r1i1p1,v1,2032-01-01,2032-12-31,False,False,True,True,True,False,False,True,False,True,False,False,False,,,0.98,100_220_390_120_330_140_25,prediction_runs,,crop_MS_2032_100_25832_etrs89-utm32n.asc,,DroughtStressThreshold,0.5,1,
834,True,fixed,auto,SM_sfix_hauto,sim_projection_avgyield.json,crop.json,,site.json,False,dwd_core_ensemble,dwd_core_ensemble/csvs_dwd_core_ensemble,CCCma-CanESM2,CLMcom-CCLM4-8-17,rcp85,r1i1p1,v1,2033-01-01,2033-12-31,False,False,True,True,True,False,False,True,False,True,False,False,False,,,0.98,100_220_390_120_330_140_25,prediction_runs,,crop_MS_2033_100_25832_etrs89-utm32n.asc,,DroughtStressThreshold,0.5,1,
835,True,fixed,auto,SM_sfix_hauto,sim_projection_avgyield.json,crop.json,,site.json,False,dwd_core_ensemble,dwd_core_ensemble/csvs_dwd_core_ensemble,ICHEC-EC-EARTH,CLMcom-CCLM4-8-17,rcp26,r12i1p1,v1,2033-01-01,2033-12-31,False,False,True,True,True,False,False,True,False,True,False,False,False,,,0.98,100_220_390_120_330_140_25,prediction_runs,,crop_MS_2033_100_25832_etrs89-utm32n.asc,,DroughtStressThreshold,0.5,1,
836,True,fixed,auto,SM_sfix_hauto,sim_projection_avgyield.json,crop.json,,site.json,False,dwd_core_ensemble,dwd_core_ensemble/csvs_dwd_core_ensemble,ICHEC-EC-EARTH,KNMI-RACMO22E,rcp26,r12i1p1,v1,2033-01-01,2033-12-31,False,False,True,True,True,False,False,True,False,True,False,False,False,,,0.98,100_220_390_120_330_140_25,prediction_runs,,crop_MS_2033_100_25832_etrs89-utm32n.asc,,DroughtStressThreshold,0.5,1,
837,True,fixed,auto,SM_sfix_hauto,sim_projection_avgyield.json,crop.json,,site.json,False,dwd_core_ensemble,dwd_core_ensemble/csvs_dwd_core_ensemble,ICHEC-EC-EARTH,KNMI-RACMO22E,rcp45,r1i1p1,v1,2033-01-01,2033-12-31,False,False,True,True,True,False,False,True,False,True,False,False,False,,,0.98,100_220_390_120_330_140_25,prediction_runs,,crop_MS_2033_100_25832_etrs89-utm32n.asc,,DroughtStressThreshold,0.5,1,
838,True,fixed,auto,SM_sfix_hauto,sim_projection_avgyield.json,crop.json,,site.json,False,dwd_core_ensemble,dwd_core_ensemble/csvs_dwd_core_ensemble,ICHEC-EC-EARTH,KNMI-RACMO22E,rcp45,r12i1p1,v1,2033-01-01,2033-12-31,False,False,True,True,True,False,False,True,False,True,False,False,False,,,0.98,100_220_390_120_330_140_25,prediction_runs,,crop_MS_2033_100_25832_etrs89-utm32n.asc,,DroughtStressThreshold,0.5,1,
839,True,fixed,auto,SM_sfix_hauto,sim_projection_avgyield.json,crop.json,,site.json,False,dwd_core_ensemble,dwd_core_ensemble/csvs_dwd_core_ensemble,ICHEC-EC-EARTH,KNMI-RACMO22E,rcp85,r1i1p1,v1,2033-01-01,2033-12-31,False,False,True,True,True,False,False,True,False,True,False,False,False,,,0.98,100_220_390_120_330_140_25,prediction_runs,,crop_MS_2033_100_25832_etrs89-utm32n.asc,,DroughtStressThreshold,0.5,1,
840,True,fixed,auto,SM_sfix_hauto,sim_projection_avgyield.json,crop.json,,site.json,False,dwd_core_ensemble,dwd_core_ensemble/csvs_dwd_core_ensemble,ICHEC-EC-EARTH,SMHI-RCA4,rcp45,r12i1p1,v1,2033-01-01,2033-12-31,False,False,True,True,True,False,False,True,False,True,False,False,False,,,0.98,100_220_390_120_330_140_25,prediction_runs,,crop_MS_2033_100_25832_etrs89-utm32n.asc,,DroughtStressThreshold,0.5,1,
841,True,fixed,auto,SM_sfix_hauto,sim_projection_avgyield.json,crop.json,,site.json,False,dwd_core_ensemble,dwd_core_ensemble/csvs_dwd_core_ensemble,MIROC-MIROC5,CLMcom-CCLM4-8-17,rcp26,r1i1p1,v1,2033-01-01,2033-12-31,False,False,True,True,True,False,False,True,False,True,False,False,False,,,0.98,100_220_390_120_330_140_25,prediction_runs,,crop_MS_2033_100_25832_etrs89-utm32n.asc,,DroughtStressThreshold,0.5,1,
842,True,fixed,auto,SM_sfix_hauto,sim_projection_avgyield.json,crop.json,,site.json,False,dwd_core_ensemble,dwd_core_ensemble/csvs_dwd_core_ensemble,MIROC-MIROC5,GERICS-REMO2015,rcp85,r1i1p1,v1,2033-01-01,2033-12-31,False,False,True,True,True,False,False,True,False,True,False,False,False,,,0.98,100_220_390_120_330_140_25,prediction_runs,,crop_MS_2033_100_25832_etrs89-utm32n.asc,,DroughtStressThreshold,0.5,1,
843,True,fixed,auto,SM_sfix_hauto,sim_projection_avgyield.json,crop.json,,site.json,False,dwd_core_ensemble,dwd_core_ensemble/csvs_dwd_core_ensemble,MOHC-HadGEM2-ES,CLMcom-CCLM4-8-17,rcp45,r1i1p1,v1,2033-01-01,2033-12-31,False,False,True,True,True,False,False,True,False,True,False,False,False,,,0.98,100_220_390_120_330_140_25,prediction_runs,,crop_MS_2033_100_25832_etrs89-utm32n.asc,,DroughtStressThreshold,0.5,1,
844,True,fixed,auto,SM_sfix_hauto,sim_projection_avgyield.json,crop.json,,site.json,False,dwd_core_ensemble,dwd_core_ensemble/csvs_dwd_core_ensemble,MOHC-HadGEM2-ES,CLMcom-CCLM4-8-17,rcp85,r1i1p1,v1,2033-01-01,2033-12-31,False,False,True,True,True,False,False,True,False,True,False,False,False,,,0.98,100_220_390_120_330_140_25,prediction_runs,,crop_MS_2033_100_25832_etrs89-utm32n.asc,,DroughtStressThreshold,0.5,1,
845,True,fixed,auto,SM_sfix_hauto,sim_projection_avgyield.json,crop.json,,site.json,False,dwd_core_ensemble,dwd_core_ensemble/csvs_dwd_core_ensemble,MOHC-HadGEM2-ES,KNMI-RACMO22E,rcp26,r1i1p1,v2,2033-01-01,2033-12-31,False,False,True,True,True,False,False,True,False,True,False,False,False,,,0.98,100_220_390_120_330_140_25,prediction_runs,,crop_MS_2033_100_25832_etrs89-utm32n.asc,,DroughtStressThreshold,0.5,1,
846,True,fixed,auto,SM_sfix_hauto,sim_projection_avgyield.json,crop.json,,site.json,False,dwd_core_ensemble,dwd_core_ensemble/csvs_dwd_core_ensemble,MPI-M-MPI-ESM-LR,MPI-CSC-REMO2009,rcp26,r2i1p1,v1,2033-01-01,2033-12-31,False,False,True,True,True,False,False,True,False,True,False,False,False,,,0.98,100_220_390_120_330_140_25,prediction_runs,,crop_MS_2033_100_25832_etrs89-utm32n.asc,,DroughtStressThreshold,0.5,1,
847,True,fixed,auto,SM_sfix_hauto,sim_projection_avgyield.json,crop.json,,site.json,False,dwd_core_ensemble,dwd_core_ensemble/csvs_dwd_core_ensemble,MPI-M-MPI-ESM-LR,MPI-CSC-REMO2009,rcp45,r1i1p1,v1,2033-01-01,2033-12-31,False,False,True,True,True,False,False,True,False,True,False,False,False,,,0.98,100_220_390_120_330_140_25,prediction_runs,,crop_MS_2033_100_25832_etrs89-utm32n.asc,,DroughtStressThreshold,0.5,1,
848,True,fixed,auto,SM_sfix_hauto,sim_projection_avgyield.json,crop.json,,site.json,False,dwd_core_ensemble,dwd_core_ensemble/csvs_dwd_core_ensemble,MPI-M-MPI-ESM-LR,MPI-CSC-REMO2009,rcp45,r2i1p1,v1,2033-01-01,2033-12-31,False,False,True,True,True,False,False,True,False,True,False,False,False,,,0.98,100_220_390_120_330_140_25,prediction_runs,,crop_MS_2033_100_25832_etrs89-utm32n.asc,,DroughtStressThreshold,0.5,1,
849,True,fixed,auto,SM_sfix_hauto,sim_projection_avgyield.json,crop.json,,site.json,False,dwd_core_ensemble,dwd_core_ensemble/csvs_dwd_core_ensemble,MPI-M-MPI-ESM-LR,MPI-CSC-REMO2009,rcp85,r2i1p1,v1,2033-01-01,2033-12-31,False,False,True,True,True,False,False,True,False,True,False,False,False,,,0.98,100_220_390_120_330_140_25,prediction_runs,,crop_MS_2033_100_25832_etrs89-utm32n.asc,,DroughtStressThreshold,0.5,1,
850,True,fixed,auto,SM_sfix_hauto,sim_projection_avgyield.json,crop.json,,site.json,False,dwd_core_ensemble,dwd_core_ensemble/csvs_dwd_core_ensemble,MPI-M-MPI-ESM-LR,UHOH-WRF361H,rcp85,r1i1p1,v1,2033-01-01,2033-12-31,False,False,True,True,True,False,False,True,False,True,False,False,False,,,0.98,100_220_390_120_330_140_25,prediction_runs,,crop_MS_2033_100_25832_etrs89-utm32n.asc,,DroughtStressThreshold,0.5,1,
851,True,fixed,auto,SM_sfix_hauto,sim_projection_avgyield.json,crop.json,,site.json,False,dwd_core_ensemble,dwd_core_ensemble/csvs_dwd_core_ensemble,CCCma-CanESM2,CLMcom-CCLM4-8-17,rcp85,r1i1p1,v1,2034-01-01,2034-12-31,False,False,True,True,True,False,False,True,False,True,False,False,False,,,0.98,100_220_390_120_330_140_25,prediction_runs,,crop_MS_2034_100_25832_etrs89-utm32n.asc,,DroughtStressThreshold,0.5,1,
852,True,fixed,auto,SM_sfix_hauto,sim_projection_avgyield.json,crop.json,,site.json,False,dwd_core_ensemble,dwd_core_ensemble/csvs_dwd_core_ensemble,ICHEC-EC-EARTH,CLMcom-CCLM4-8-17,rcp26,r12i1p1,v1,2034-01-01,2034-12-31,False,False,True,True,True,False,False,True,False,True,False,False,False,,,0.98,100_220_390_120_330_140_25,prediction_runs,,crop_MS_2034_100_25832_etrs89-utm32n.asc,,DroughtStressThreshold,0.5,1,
853,True,fixed,auto,SM_sfix_hauto,sim_projection_avgyield.json,crop.json,,site.json,False,dwd_core_ensemble,dwd_core_ensemble/csvs_dwd_core_ensemble,ICHEC-EC-EARTH,KNMI-RACMO22E,rcp26,r12i1p1,v1,2034-01-01,2034-12-31,False,False,True,True,True,False,False,True,False,True,False,False,False,,,0.98,100_220_390_120_330_140_25,prediction_runs,,crop_MS_2034_100_25832_etrs89-utm32n.asc,,DroughtStressThreshold,0.5,1,
854,True,fixed,auto,SM_sfix_hauto,sim_projection_avgyield.json,crop.json,,site.json,False,dwd_core_ensemble,dwd_core_ensemble/csvs_dwd_core_ensemble,ICHEC-EC-EARTH,KNMI-RACMO22E,rcp45,r1i1p1,v1,2034-01-01,2034-12-31,False,False,True,True,True,False,False,True,False,True,False,False,False,,,0.98,100_220_390_120_330_140_25,prediction_runs,,crop_MS_2034_100_25832_etrs89-utm32n.asc,,DroughtStressThreshold,0.5,1,
855,True,fixed,auto,SM_sfix_hauto,sim_projection_avgyield.json,crop.json,,site.json,False,dwd_core_ensemble,dwd_core_ensemble/csvs_dwd_core_ensemble,ICHEC-EC-EARTH,KNMI-RACMO22E,rcp45,r12i1p1,v1,2034-01-01,2034-12-31,False,False,True,True,True,False,False,True,False,True,False,False,False,,,0.98,100_220_390_120_330_140_25,prediction_runs,,crop_MS_2034_100_25832_etrs89-utm32n.asc,,DroughtStressThreshold,0.5,1,
856,True,fixed,auto,SM_sfix_hauto,sim_projection_avgyield.json,crop.json,,site.json,False,dwd_core_ensemble,dwd_core_ensemble/csvs_dwd_core_ensemble,ICHEC-EC-EARTH,KNMI-RACMO22E,rcp85,r1i1p1,v1,2034-01-01,2034-12-31,False,False,True,True,True,False,False,True,False,True,False,False,False,,,0.98,100_220_390_120_330_140_25,prediction_runs,,crop_MS_2034_100_25832_etrs89-utm32n.asc,,DroughtStressThreshold,0.5,1,
857,True,fixed,auto,SM_sfix_hauto,sim_projection_avgyield.json,crop.json,,site.json,False,dwd_core_ensemble,dwd_core_ensemble/csvs_dwd_core_ensemble,ICHEC-EC-EARTH,SMHI-RCA4,rcp45,r12i1p1,v1,2034-01-01,2034-12-31,False,False,True,True,True,False,False,True,False,True,False,False,False,,,0.98,100_220_390_120_330_140_25,prediction_runs,,crop_MS_2034_100_25832_etrs89-utm32n.asc,,DroughtStressThreshold,0.5,1,
858,True,fixed,auto,SM_sfix_hauto,sim_projection_avgyield.json,crop.json,,site.json,False,dwd_core_ensemble,dwd_core_ensemble/csvs_dwd_core_ensemble,MIROC-MIROC5,CLMcom-CCLM4-8-17,rcp26,r1i1p1,v1,2034-01-01,2034-12-31,False,False,True,True,True,False,False,True,False,True,False,False,False,,,0.98,100_220_390_120_330_140_25,prediction_runs,,crop_MS_2034_100_25832_etrs89-utm32n.asc,,DroughtStressThreshold,0.5,1,
859,True,fixed,auto,SM_sfix_hauto,sim_projection_avgyield.json,crop.json,,site.json,False,dwd_core_ensemble,dwd_core_ensemble/csvs_dwd_core_ensemble,MIROC-MIROC5,GERICS-REMO2015,rcp85,r1i1p1,v1,2034-01-01,2034-12-31,False,False,True,True,True,False,False,True,False,True,False,False,False,,,0.98,100_220_390_120_330_140_25,prediction_runs,,crop_MS_2034_100_25832_etrs89-utm32n.asc,,DroughtStressThreshold,0.5,1,
860,True,fixed,auto,SM_sfix_hauto,sim_projection_avgyield.json,crop.json,,site.json,False,dwd_core_ensemble,dwd_core_ensemble/csvs_dwd_core_ensemble,MOHC-HadGEM2-ES,CLMcom-CCLM4-8-17,rcp45,r1i1p1,v1,2034-01-01,2034-12-31,False,False,True,True,True,False,False,True,False,True,False,False,False,,,0.98,100_220_390_120_330_140_25,prediction_runs,,crop_MS_2034_100_25832_etrs89-utm32n.asc,,DroughtStressThreshold,0.5,1,
861,True,fixed,auto,SM_sfix_hauto,sim_projection_avgyield.json,crop.json,,site.json,False,dwd_core_ensemble,dwd_core_ensemble/csvs_dwd_core_ensemble,MOHC-HadGEM2-ES,CLMcom-CCLM4-8-17,rcp85,r1i1p1,v1,2034-01-01,2034-12-31,False,False,True,True,True,False,False,True,False,True,False,False,False,,,0.98,100_220_390_120_330_140_25,prediction_runs,,crop_MS_2034_100_25832_etrs89-utm32n.asc,,DroughtStressThreshold,0.5,1,
862,True,fixed,auto,SM_sfix_hauto,sim_projection_avgyield.json,crop.json,,site.json,False,dwd_core_ensemble,dwd_core_ensemble/csvs_dwd_core_ensemble,MOHC-HadGEM2-ES,KNMI-RACMO22E,rcp26,r1i1p1,v2,2034-01-01,2034-12-31,False,False,True,True,True,False,False,True,False,True,False,False,False,,,0.98,100_220_390_120_330_140_25,prediction_runs,,crop_MS_2034_100_25832_etrs89-utm32n.asc,,DroughtStressThreshold,0.5,1,
863,True,fixed,auto,SM_sfix_hauto,sim_projection_avgyield.json,crop.json,,site.json,False,dwd_core_ensemble,dwd_core_ensemble/csvs_dwd_core_ensemble,MPI-M-MPI-ESM-LR,MPI-CSC-REMO2009,rcp26,r2i1p1,v1,2034-01-01,2034-12-31,False,False,True,True,True,False,False,True,False,True,False,False,False,,,0.98,100_220_390_120_330_140_25,prediction_runs,,crop_MS_2034_100_25832_etrs89-utm32n.asc,,DroughtStressThreshold,0.5,1,
864,True,fixed,auto,SM_sfix_hauto,sim_projection_avgyield.json,crop.json,,site.json,False,dwd_core_ensemble,dwd_core_ensemble/csvs_dwd_core_ensemble,MPI-M-MPI-ESM-LR,MPI-CSC-REMO2009,rcp45,r1i1p1,v1,2034-01-01,2034-12-31,False,False,True,True,True,False,False,True,False,True,False,False,False,,,0.98,100_220_390_120_330_140_25,prediction_runs,,crop_MS_2034_100_25832_etrs89-utm32n.asc,,DroughtStressThreshold,0.5,1,
865,True,fixed,auto,SM_sfix_hauto,sim_projection_avgyield.json,crop.json,,site.json,False,dwd_core_ensemble,dwd_core_ensemble/csvs_dwd_core_ensemble,MPI-M-MPI-ESM-LR,MPI-CSC-REMO2009,rcp45,r2i1p1,v1,2034-01-01,2034-12-31,False,False,True,True,True,False,False,True,False,True,False,False,False,,,0.98,100_220_390_120_330_140_25,prediction_runs,,crop_MS_2034_100_25832_etrs89-utm32n.asc,,DroughtStressThreshold,0.5,1,
866,True,fixed,auto,SM_sfix_hauto,sim_projection_avgyield.json,crop.json,,site.json,False,dwd_core_ensemble,dwd_core_ensemble/csvs_dwd_core_ensemble,MPI-M-MPI-ESM-LR,MPI-CSC-REMO2009,rcp85,r2i1p1,v1,2034-01-01,2034-12-31,False,False,True,True,True,False,False,True,False,True,False,False,False,,,0.98,100_220_390_120_330_140_25,prediction_runs,,crop_MS_2034_100_25832_etrs89-utm32n.asc,,DroughtStressThreshold,0.5,1,
867,True,fixed,auto,SM_sfix_hauto,sim_projection_avgyield.json,crop.json,,site.json,False,dwd_core_ensemble,dwd_core_ensemble/csvs_dwd_core_ensemble,MPI-M-MPI-ESM-LR,UHOH-WRF361H,rcp85,r1i1p1,v1,2034-01-01,2034-12-31,False,False,True,True,True,False,False,True,False,True,False,False,False,,,0.98,100_220_390_120_330_140_25,prediction_runs,,crop_MS_2034_100_25832_etrs89-utm32n.asc,,DroughtStressThreshold,0.5,1,
868,True,fixed,auto,SM_sfix_hauto,sim_projection_avgyield.json,crop.json,,site.json,False,dwd_core_ensemble,dwd_core_ensemble/csvs_dwd_core_ensemble,CCCma-CanESM2,CLMcom-CCLM4-8-17,rcp85,r1i1p1,v1,2035-01-01,2035-12-31,False,False,True,True,True,False,False,True,False,True,False,False,False,,,0.98,100_220_390_120_330_140_25,prediction_runs,,crop_MS_2035_100_25832_etrs89-utm32n.asc,,DroughtStressThreshold,0.5,1,
869,True,fixed,auto,SM_sfix_hauto,sim_projection_avgyield.json,crop.json,,site.json,False,dwd_core_ensemble,dwd_core_ensemble/csvs_dwd_core_ensemble,ICHEC-EC-EARTH,CLMcom-CCLM4-8-17,rcp26,r12i1p1,v1,2035-01-01,2035-12-31,False,False,True,True,True,False,False,True,False,True,False,False,False,,,0.98,100_220_390_120_330_140_25,prediction_runs,,crop_MS_2035_100_25832_etrs89-utm32n.asc,,DroughtStressThreshold,0.5,1,
870,True,fixed,auto,SM_sfix_hauto,sim_projection_avgyield.json,crop.json,,site.json,False,dwd_core_ensemble,dwd_core_ensemble/csvs_dwd_core_ensemble,ICHEC-EC-EARTH,KNMI-RACMO22E,rcp26,r12i1p1,v1,2035-01-01,2035-12-31,False,False,True,True,True,False,False,True,False,True,False,False,False,,,0.98,100_220_390_120_330_140_25,prediction_runs,,crop_MS_2035_100_25832_etrs89-utm32n.asc,,DroughtStressThreshold,0.5,1,
871,True,fixed,auto,SM_sfix_hauto,sim_projection_avgyield.json,crop.json,,site.json,False,dwd_core_ensemble,dwd_core_ensemble/csvs_dwd_core_ensemble,ICHEC-EC-EARTH,KNMI-RACMO22E,rcp45,r1i1p1,v1,2035-01-01,2035-12-31,False,False,True,True,True,False,False,True,False,True,False,False,False,,,0.98,100_220_390_120_330_140_25,prediction_runs,,crop_MS_2035_100_25832_etrs89-utm32n.asc,,DroughtStressThreshold,0.5,1,
872,True,fixed,auto,SM_sfix_hauto,sim_projection_avgyield.json,crop.json,,site.json,False,dwd_core_ensemble,dwd_core_ensemble/csvs_dwd_core_ensemble,ICHEC-EC-EARTH,KNMI-RACMO22E,rcp45,r12i1p1,v1,2035-01-01,2035-12-31,False,False,True,True,True,False,False,True,False,True,False,False,False,,,0.98,100_220_390_120_330_140_25,prediction_runs,,crop_MS_2035_100_25832_etrs89-utm32n.asc,,DroughtStressThreshold,0.5,1,
873,True,fixed,auto,SM_sfix_hauto,sim_projection_avgyield.json,crop.json,,site.json,False,dwd_core_ensemble,dwd_core_ensemble/csvs_dwd_core_ensemble,ICHEC-EC-EARTH,KNMI-RACMO22E,rcp85,r1i1p1,v1,2035-01-01,2035-12-31,False,False,True,True,True,False,False,True,False,True,False,False,False,,,0.98,100_220_390_120_330_140_25,prediction_runs,,crop_MS_2035_100_25832_etrs89-utm32n.asc,,DroughtStressThreshold,0.5,1,
874,True,fixed,auto,SM_sfix_hauto,sim_projection_avgyield.json,crop.json,,site.json,False,dwd_core_ensemble,dwd_core_ensemble/csvs_dwd_core_ensemble,ICHEC-EC-EARTH,SMHI-RCA4,rcp45,r12i1p1,v1,2035-01-01,2035-12-31,False,False,True,True,True,False,False,True,False,True,False,False,False,,,0.98,100_220_390_120_330_140_25,prediction_runs,,crop_MS_2035_100_25832_etrs89-utm32n.asc,,DroughtStressThreshold,0.5,1,
875,True,fixed,auto,SM_sfix_hauto,sim_projection_avgyield.json,crop.json,,site.json,False,dwd_core_ensemble,dwd_core_ensemble/csvs_dwd_core_ensemble,MIROC-MIROC5,CLMcom-CCLM4-8-17,rcp26,r1i1p1,v1,2035-01-01,2035-12-31,False,False,True,True,True,False,False,True,False,True,False,False,False,,,0.98,100_220_390_120_330_140_25,prediction_runs,,crop_MS_2035_100_25832_etrs89-utm32n.asc,,DroughtStressThreshold,0.5,1,
876,True,fixed,auto,SM_sfix_hauto,sim_projection_avgyield.json,crop.json,,site.json,False,dwd_core_ensemble,dwd_core_ensemble/csvs_dwd_core_ensemble,MIROC-MIROC5,GERICS-REMO2015,rcp85,r1i1p1,v1,2035-01-01,2035-12-31,False,False,True,True,True,False,False,True,False,True,False,False,False,,,0.98,100_220_390_120_330_140_25,prediction_runs,,crop_MS_2035_100_25832_etrs89-utm32n.asc,,DroughtStressThreshold,0.5,1,
877,True,fixed,auto,SM_sfix_hauto,sim_projection_avgyield.json,crop.json,,site.json,False,dwd_core_ensemble,dwd_core_ensemble/csvs_dwd_core_ensemble,MOHC-HadGEM2-ES,CLMcom-CCLM4-8-17,rcp45,r1i1p1,v1,2035-01-01,2035-12-31,False,False,True,True,True,False,False,True,False,True,False,False,False,,,0.98,100_220_390_120_330_140_25,prediction_runs,,crop_MS_2035_100_25832_etrs89-utm32n.asc,,DroughtStressThreshold,0.5,1,
878,True,fixed,auto,SM_sfix_hauto,sim_projection_avgyield.json,crop.json,,site.json,False,dwd_core_ensemble,dwd_core_ensemble/csvs_dwd_core_ensemble,MOHC-HadGEM2-ES,CLMcom-CCLM4-8-17,rcp85,r1i1p1,v1,2035-01-01,2035-12-31,False,False,True,True,True,False,False,True,False,True,False,False,False,,,0.98,100_220_390_120_330_140_25,prediction_runs,,crop_MS_2035_100_25832_etrs89-utm32n.asc,,DroughtStressThreshold,0.5,1,
879,True,fixed,auto,SM_sfix_hauto,sim_projection_avgyield.json,crop.json,,site.json,False,dwd_core_ensemble,dwd_core_ensemble/csvs_dwd_core_ensemble,MOHC-HadGEM2-ES,KNMI-RACMO22E,rcp26,r1i1p1,v2,2035-01-01,2035-12-31,False,False,True,True,True,False,False,True,False,True,False,False,False,,,0.98,100_220_390_120_330_140_25,prediction_runs,,crop_MS_2035_100_25832_etrs89-utm32n.asc,,DroughtStressThreshold,0.5,1,
880,True,fixed,auto,SM_sfix_hauto,sim_projection_avgyield.json,crop.json,,site.json,False,dwd_core_ensemble,dwd_core_ensemble/csvs_dwd_core_ensemble,MPI-M-MPI-ESM-LR,MPI-CSC-REMO2009,rcp26,r2i1p1,v1,2035-01-01,2035-12-31,False,False,True,True,True,False,False,True,False,True,False,False,False,,,0.98,100_220_390_120_330_140_25,prediction_runs,,crop_MS_2035_100_25832_etrs89-utm32n.asc,,DroughtStressThreshold,0.5,1,
881,True,fixed,auto,SM_sfix_hauto,sim_projection_avgyield.json,crop.json,,site.json,False,dwd_core_ensemble,dwd_core_ensemble/csvs_dwd_core_ensemble,MPI-M-MPI-ESM-LR,MPI-CSC-REMO2009,rcp45,r1i1p1,v1,2035-01-01,2035-12-31,False,False,True,True,True,False,False,True,False,True,False,False,False,,,0.98,100_220_390_120_330_140_25,prediction_runs,,crop_MS_2035_100_25832_etrs89-utm32n.asc,,DroughtStressThreshold,0.5,1,
882,True,fixed,auto,SM_sfix_hauto,sim_projection_avgyield.json,crop.json,,site.json,False,dwd_core_ensemble,dwd_core_ensemble/csvs_dwd_core_ensemble,MPI-M-MPI-ESM-LR,MPI-CSC-REMO2009,rcp45,r2i1p1,v1,2035-01-01,2035-12-31,False,False,True,True,True,False,False,True,False,True,False,False,False,,,0.98,100_220_390_120_330_140_25,prediction_runs,,crop_MS_2035_100_25832_etrs89-utm32n.asc,,DroughtStressThreshold,0.5,1,
883,True,fixed,auto,SM_sfix_hauto,sim_projection_avgyield.json,crop.json,,site.json,False,dwd_core_ensemble,dwd_core_ensemble/csvs_dwd_core_ensemble,MPI-M-MPI-ESM-LR,MPI-CSC-REMO2009,rcp85,r2i1p1,v1,2035-01-01,2035-12-31,False,False,True,True,True,False,False,True,False,True,False,False,False,,,0.98,100_220_390_120_330_140_25,prediction_runs,,crop_MS_2035_100_25832_etrs89-utm32n.asc,,DroughtStressThreshold,0.5,1,
884,True,fixed,auto,SM_sfix_hauto,sim_projection_avgyield.json,crop.json,,site.json,False,dwd_core_ensemble,dwd_core_ensemble/csvs_dwd_core_ensemble,MPI-M-MPI-ESM-LR,UHOH-WRF361H,rcp85,r1i1p1,v1,2035-01-01,2035-12-31,False,False,True,True,True,False,False,True,False,True,False,False,False,,,0.98,100_220_390_120_330_140_25,prediction_runs,,crop_MS_2035_100_25832_etrs89-utm32n.asc,,DroughtStressThreshold,0.5,1,
885,True,fixed,auto,SM_sfix_hauto,sim_projection_avgyield.json,crop.json,,site.json,False,dwd_core_ensemble,dwd_core_ensemble/csvs_dwd_core_ensemble,CCCma-CanESM2,CLMcom-CCLM4-8-17,rcp85,r1i1p1,v1,2036-01-01,2036-12-31,False,False,True,True,True,False,False,True,False,True,False,False,False,,,0.98,100_220_390_120_330_140_25,prediction_runs,,crop_MS_2036_100_25832_etrs89-utm32n.asc,,DroughtStressThreshold,0.5,1,
886,True,fixed,auto,SM_sfix_hauto,sim_projection_avgyield.json,crop.json,,site.json,False,dwd_core_ensemble,dwd_core_ensemble/csvs_dwd_core_ensemble,ICHEC-EC-EARTH,CLMcom-CCLM4-8-17,rcp26,r12i1p1,v1,2036-01-01,2036-12-31,False,False,True,True,True,False,False,True,False,True,False,False,False,,,0.98,100_220_390_120_330_140_25,prediction_runs,,crop_MS_2036_100_25832_etrs89-utm32n.asc,,DroughtStressThreshold,0.5,1,
887,True,fixed,auto,SM_sfix_hauto,sim_projection_avgyield.json,crop.json,,site.json,False,dwd_core_ensemble,dwd_core_ensemble/csvs_dwd_core_ensemble,ICHEC-EC-EARTH,KNMI-RACMO22E,rcp26,r12i1p1,v1,2036-01-01,2036-12-31,False,False,True,True,True,False,False,True,False,True,False,False,False,,,0.98,100_220_390_120_330_140_25,prediction_runs,,crop_MS_2036_100_25832_etrs89-utm32n.asc,,DroughtStressThreshold,0.5,1,
888,True,fixed,auto,SM_sfix_hauto,sim_projection_avgyield.json,crop.json,,site.json,False,dwd_core_ensemble,dwd_core_ensemble/csvs_dwd_core_ensemble,ICHEC-EC-EARTH,KNMI-RACMO22E,rcp45,r1i1p1,v1,2036-01-01,2036-12-31,False,False,True,True,True,False,False,True,False,True,False,False,False,,,0.98,100_220_390_120_330_140_25,prediction_runs,,crop_MS_2036_100_25832_etrs89-utm32n.asc,,DroughtStressThreshold,0.5,1,
889,True,fixed,auto,SM_sfix_hauto,sim_projection_avgyield.json,crop.json,,site.json,False,dwd_core_ensemble,dwd_core_ensemble/csvs_dwd_core_ensemble,ICHEC-EC-EARTH,KNMI-RACMO22E,rcp45,r12i1p1,v1,2036-01-01,2036-12-31,False,False,True,True,True,False,False,True,False,True,False,False,False,,,0.98,100_220_390_120_330_140_25,prediction_runs,,crop_MS_2036_100_25832_etrs89-utm32n.asc,,DroughtStressThreshold,0.5,1,
890,True,fixed,auto,SM_sfix_hauto,sim_projection_avgyield.json,crop.json,,site.json,False,dwd_core_ensemble,dwd_core_ensemble/csvs_dwd_core_ensemble,ICHEC-EC-EARTH,KNMI-RACMO22E,rcp85,r1i1p1,v1,2036-01-01,2036-12-31,False,False,True,True,True,False,False,True,False,True,False,False,False,,,0.98,100_220_390_120_330_140_25,prediction_runs,,crop_MS_2036_100_25832_etrs89-utm32n.asc,,DroughtStressThreshold,0.5,1,
891,True,fixed,auto,SM_sfix_hauto,sim_projection_avgyield.json,crop.json,,site.json,False,dwd_core_ensemble,dwd_core_ensemble/csvs_dwd_core_ensemble,ICHEC-EC-EARTH,SMHI-RCA4,rcp45,r12i1p1,v1,2036-01-01,2036-12-31,False,False,True,True,True,False,False,True,False,True,False,False,False,,,0.98,100_220_390_120_330_140_25,prediction_runs,,crop_MS_2036_100_25832_etrs89-utm32n.asc,,DroughtStressThreshold,0.5,1,
892,True,fixed,auto,SM_sfix_hauto,sim_projection_avgyield.json,crop.json,,site.json,False,dwd_core_ensemble,dwd_core_ensemble/csvs_dwd_core_ensemble,MIROC-MIROC5,CLMcom-CCLM4-8-17,rcp26,r1i1p1,v1,2036-01-01,2036-12-31,False,False,True,True,True,False,False,True,False,True,False,False,False,,,0.98,100_220_390_120_330_140_25,prediction_runs,,crop_MS_2036_100_25832_etrs89-utm32n.asc,,DroughtStressThreshold,0.5,1,
893,True,fixed,auto,SM_sfix_hauto,sim_projection_avgyield.json,crop.json,,site.json,False,dwd_core_ensemble,dwd_core_ensemble/csvs_dwd_core_ensemble,MIROC-MIROC5,GERICS-REMO2015,rcp85,r1i1p1,v1,2036-01-01,2036-12-31,False,False,True,True,True,False,False,True,False,True,False,False,False,,,0.98,100_220_390_120_330_140_25,prediction_runs,,crop_MS_2036_100_25832_etrs89-utm32n.asc,,DroughtStressThreshold,0.5,1,
894,True,fixed,auto,SM_sfix_hauto,sim_projection_avgyield.json,crop.json,,site.json,False,dwd_core_ensemble,dwd_core_ensemble/csvs_dwd_core_ensemble,MOHC-HadGEM2-ES,CLMcom-CCLM4-8-17,rcp45,r1i1p1,v1,2036-01-01,2036-12-31,False,False,True,True,True,False,False,True,False,True,False,False,False,,,0.98,100_220_390_120_330_140_25,prediction_runs,,crop_MS_2036_100_25832_etrs89-utm32n.asc,,DroughtStressThreshold,0.5,1,
895,True,fixed,auto,SM_sfix_hauto,sim_projection_avgyield.json,crop.json,,site.json,False,dwd_core_ensemble,dwd_core_ensemble/csvs_dwd_core_ensemble,MOHC-HadGEM2-ES,CLMcom-CCLM4-8-17,rcp85,r1i1p1,v1,2036-01-01,2036-12-31,False,False,True,True,True,False,False,True,False,True,False,False,False,,,0.98,100_220_390_120_330_140_25,prediction_runs,,crop_MS_2036_100_25832_etrs89-utm32n.asc,,DroughtStressThreshold,0.5,1,
896,True,fixed,auto,SM_sfix_hauto,sim_projection_avgyield.json,crop.json,,site.json,False,dwd_core_ensemble,dwd_core_ensemble/csvs_dwd_core_ensemble,MOHC-HadGEM2-ES,KNMI-RACMO22E,rcp26,r1i1p1,v2,2036-01-01,2036-12-31,False,False,True,True,True,False,False,True,False,True,False,False,False,,,0.98,100_220_390_120_330_140_25,prediction_runs,,crop_MS_2036_100_25832_etrs89-utm32n.asc,,DroughtStressThreshold,0.5,1,
897,True,fixed,auto,SM_sfix_hauto,sim_projection_avgyield.json,crop.json,,site.json,False,dwd_core_ensemble,dwd_core_ensemble/csvs_dwd_core_ensemble,MPI-M-MPI-ESM-LR,MPI-CSC-REMO2009,rcp26,r2i1p1,v1,2036-01-01,2036-12-31,False,False,True,True,True,False,False,True,False,True,False,False,False,,,0.98,100_220_390_120_330_140_25,prediction_runs,,crop_MS_2036_100_25832_etrs89-utm32n.asc,,DroughtStressThreshold,0.5,1,
898,True,fixed,auto,SM_sfix_hauto,sim_projection_avgyield.json,crop.json,,site.json,False,dwd_core_ensemble,dwd_core_ensemble/csvs_dwd_core_ensemble,MPI-M-MPI-ESM-LR,MPI-CSC-REMO2009,rcp45,r1i1p1,v1,2036-01-01,2036-12-31,False,False,True,True,True,False,False,True,False,True,False,False,False,,,0.98,100_220_390_120_330_140_25,prediction_runs,,crop_MS_2036_100_25832_etrs89-utm32n.asc,,DroughtStressThreshold,0.5,1,
899,True,fixed,auto,SM_sfix_hauto,sim_projection_avgyield.json,crop.json,,site.json,False,dwd_core_ensemble,dwd_core_ensemble/csvs_dwd_core_ensemble,MPI-M-MPI-ESM-LR,MPI-CSC-REMO2009,rcp45,r2i1p1,v1,2036-01-01,2036-12-31,False,False,True,True,True,False,False,True,False,True,False,False,False,,,0.98,100_220_390_120_330_140_25,prediction_runs,,crop_MS_2036_100_25832_etrs89-utm32n.asc,,DroughtStressThreshold,0.5,1,
900,True,fixed,auto,SM_sfix_hauto,sim_projection_avgyield.json,crop.json,,site.json,False,dwd_core_ensemble,dwd_core_ensemble/csvs_dwd_core_ensemble,MPI-M-MPI-ESM-LR,MPI-CSC-REMO2009,rcp85,r2i1p1,v1,2036-01-01,2036-12-31,False,False,True,True,True,False,False,True,False,True,False,False,False,,,0.98,100_220_390_120_330_140_25,prediction_runs,,crop_MS_2036_100_25832_etrs89-utm32n.asc,,DroughtStressThreshold,0.5,1,
901,True,fixed,auto,SM_sfix_hauto,sim_projection_avgyield.json,crop.json,,site.json,False,dwd_core_ensemble,dwd_core_ensemble/csvs_dwd_core_ensemble,MPI-M-MPI-ESM-LR,UHOH-WRF361H,rcp85,r1i1p1,v1,2036-01-01,2036-12-31,False,False,True,True,True,False,False,True,False,True,False,False,False,,,0.98,100_220_390_120_330_140_25,prediction_runs,,crop_MS_2036_100_25832_etrs89-utm32n.asc,,DroughtStressThreshold,0.5,1,
902,True,fixed,auto,SM_sfix_hauto,sim_projection_avgyield.json,crop.json,,site.json,False,dwd_core_ensemble,dwd_core_ensemble/csvs_dwd_core_ensemble,CCCma-CanESM2,CLMcom-CCLM4-8-17,rcp85,r1i1p1,v1,2037-01-01,2037-12-31,False,False,True,True,True,False,False,True,False,True,False,False,False,,,0.98,100_220_390_120_330_140_25,prediction_runs,,crop_MS_2037_100_25832_etrs89-utm32n.asc,,DroughtStressThreshold,0.5,1,
903,True,fixed,auto,SM_sfix_hauto,sim_projection_avgyield.json,crop.json,,site.json,False,dwd_core_ensemble,dwd_core_ensemble/csvs_dwd_core_ensemble,ICHEC-EC-EARTH,CLMcom-CCLM4-8-17,rcp26,r12i1p1,v1,2037-01-01,2037-12-31,False,False,True,True,True,False,False,True,False,True,False,False,False,,,0.98,100_220_390_120_330_140_25,prediction_runs,,crop_MS_2037_100_25832_etrs89-utm32n.asc,,DroughtStressThreshold,0.5,1,
904,True,fixed,auto,SM_sfix_hauto,sim_projection_avgyield.json,crop.json,,site.json,False,dwd_core_ensemble,dwd_core_ensemble/csvs_dwd_core_ensemble,ICHEC-EC-EARTH,KNMI-RACMO22E,rcp26,r12i1p1,v1,2037-01-01,2037-12-31,False,False,True,True,True,False,False,True,False,True,False,False,False,,,0.98,100_220_390_120_330_140_25,prediction_runs,,crop_MS_2037_100_25832_etrs89-utm32n.asc,,DroughtStressThreshold,0.5,1,
905,True,fixed,auto,SM_sfix_hauto,sim_projection_avgyield.json,crop.json,,site.json,False,dwd_core_ensemble,dwd_core_ensemble/csvs_dwd_core_ensemble,ICHEC-EC-EARTH,KNMI-RACMO22E,rcp45,r1i1p1,v1,2037-01-01,2037-12-31,False,False,True,True,True,False,False,True,False,True,False,False,False,,,0.98,100_220_390_120_330_140_25,prediction_runs,,crop_MS_2037_100_25832_etrs89-utm32n.asc,,DroughtStressThreshold,0.5,1,
906,True,fixed,auto,SM_sfix_hauto,sim_projection_avgyield.json,crop.json,,site.json,False,dwd_core_ensemble,dwd_core_ensemble/csvs_dwd_core_ensemble,ICHEC-EC-EARTH,KNMI-RACMO22E,rcp45,r12i1p1,v1,2037-01-01,2037-12-31,False,False,True,True,True,False,False,True,False,True,False,False,False,,,0.98,100_220_390_120_330_140_25,prediction_runs,,crop_MS_2037_100_25832_etrs89-utm32n.asc,,DroughtStressThreshold,0.5,1,
907,True,fixed,auto,SM_sfix_hauto,sim_projection_avgyield.json,crop.json,,site.json,False,dwd_core_ensemble,dwd_core_ensemble/csvs_dwd_core_ensemble,ICHEC-EC-EARTH,KNMI-RACMO22E,rcp85,r1i1p1,v1,2037-01-01,2037-12-31,False,False,True,True,True,False,False,True,False,True,False,False,False,,,0.98,100_220_390_120_330_140_25,prediction_runs,,crop_MS_2037_100_25832_etrs89-utm32n.asc,,DroughtStressThreshold,0.5,1,
908,True,fixed,auto,SM_sfix_hauto,sim_projection_avgyield.json,crop.json,,site.json,False,dwd_core_ensemble,dwd_core_ensemble/csvs_dwd_core_ensemble,ICHEC-EC-EARTH,SMHI-RCA4,rcp45,r12i1p1,v1,2037-01-01,2037-12-31,False,False,True,True,True,False,False,True,False,True,False,False,False,,,0.98,100_220_390_120_330_140_25,prediction_runs,,crop_MS_2037_100_25832_etrs89-utm32n.asc,,DroughtStressThreshold,0.5,1,
909,True,fixed,auto,SM_sfix_hauto,sim_projection_avgyield.json,crop.json,,site.json,False,dwd_core_ensemble,dwd_core_ensemble/csvs_dwd_core_ensemble,MIROC-MIROC5,CLMcom-CCLM4-8-17,rcp26,r1i1p1,v1,2037-01-01,2037-12-31,False,False,True,True,True,False,False,True,False,True,False,False,False,,,0.98,100_220_390_120_330_140_25,prediction_runs,,crop_MS_2037_100_25832_etrs89-utm32n.asc,,DroughtStressThreshold,0.5,1,
910,True,fixed,auto,SM_sfix_hauto,sim_projection_avgyield.json,crop.json,,site.json,False,dwd_core_ensemble,dwd_core_ensemble/csvs_dwd_core_ensemble,MIROC-MIROC5,GERICS-REMO2015,rcp85,r1i1p1,v1,2037-01-01,2037-12-31,False,False,True,True,True,False,False,True,False,True,False,False,False,,,0.98,100_220_390_120_330_140_25,prediction_runs,,crop_MS_2037_100_25832_etrs89-utm32n.asc,,DroughtStressThreshold,0.5,1,
911,True,fixed,auto,SM_sfix_hauto,sim_projection_avgyield.json,crop.json,,site.json,False,dwd_core_ensemble,dwd_core_ensemble/csvs_dwd_core_ensemble,MOHC-HadGEM2-ES,CLMcom-CCLM4-8-17,rcp45,r1i1p1,v1,2037-01-01,2037-12-31,False,False,True,True,True,False,False,True,False,True,False,False,False,,,0.98,100_220_390_120_330_140_25,prediction_runs,,crop_MS_2037_100_25832_etrs89-utm32n.asc,,DroughtStressThreshold,0.5,1,
912,True,fixed,auto,SM_sfix_hauto,sim_projection_avgyield.json,crop.json,,site.json,False,dwd_core_ensemble,dwd_core_ensemble/csvs_dwd_core_ensemble,MOHC-HadGEM2-ES,CLMcom-CCLM4-8-17,rcp85,r1i1p1,v1,2037-01-01,2037-12-31,False,False,True,True,True,False,False,True,False,True,False,False,False,,,0.98,100_220_390_120_330_140_25,prediction_runs,,crop_MS_2037_100_25832_etrs89-utm32n.asc,,DroughtStressThreshold,0.5,1,
913,True,fixed,auto,SM_sfix_hauto,sim_projection_avgyield.json,crop.json,,site.json,False,dwd_core_ensemble,dwd_core_ensemble/csvs_dwd_core_ensemble,MOHC-HadGEM2-ES,KNMI-RACMO22E,rcp26,r1i1p1,v2,2037-01-01,2037-12-31,False,False,True,True,True,False,False,True,False,True,False,False,False,,,0.98,100_220_390_120_330_140_25,prediction_runs,,crop_MS_2037_100_25832_etrs89-utm32n.asc,,DroughtStressThreshold,0.5,1,
914,True,fixed,auto,SM_sfix_hauto,sim_projection_avgyield.json,crop.json,,site.json,False,dwd_core_ensemble,dwd_core_ensemble/csvs_dwd_core_ensemble,MPI-M-MPI-ESM-LR,MPI-CSC-REMO2009,rcp26,r2i1p1,v1,2037-01-01,2037-12-31,False,False,True,True,True,False,False,True,False,True,False,False,False,,,0.98,100_220_390_120_330_140_25,prediction_runs,,crop_MS_2037_100_25832_etrs89-utm32n.asc,,DroughtStressThreshold,0.5,1,
915,True,fixed,auto,SM_sfix_hauto,sim_projection_avgyield.json,crop.json,,site.json,False,dwd_core_ensemble,dwd_core_ensemble/csvs_dwd_core_ensemble,MPI-M-MPI-ESM-LR,MPI-CSC-REMO2009,rcp45,r1i1p1,v1,2037-01-01,2037-12-31,False,False,True,True,True,False,False,True,False,True,False,False,False,,,0.98,100_220_390_120_330_140_25,prediction_runs,,crop_MS_2037_100_25832_etrs89-utm32n.asc,,DroughtStressThreshold,0.5,1,
916,True,fixed,auto,SM_sfix_hauto,sim_projection_avgyield.json,crop.json,,site.json,False,dwd_core_ensemble,dwd_core_ensemble/csvs_dwd_core_ensemble,MPI-M-MPI-ESM-LR,MPI-CSC-REMO2009,rcp45,r2i1p1,v1,2037-01-01,2037-12-31,False,False,True,True,True,False,False,True,False,True,False,False,False,,,0.98,100_220_390_120_330_140_25,prediction_runs,,crop_MS_2037_100_25832_etrs89-utm32n.asc,,DroughtStressThreshold,0.5,1,
917,True,fixed,auto,SM_sfix_hauto,sim_projection_avgyield.json,crop.json,,site.json,False,dwd_core_ensemble,dwd_core_ensemble/csvs_dwd_core_ensemble,MPI-M-MPI-ESM-LR,MPI-CSC-REMO2009,rcp85,r2i1p1,v1,2037-01-01,2037-12-31,False,False,True,True,True,False,False,True,False,True,False,False,False,,,0.98,100_220_390_120_330_140_25,prediction_runs,,crop_MS_2037_100_25832_etrs89-utm32n.asc,,DroughtStressThreshold,0.5,1,
918,True,fixed,auto,SM_sfix_hauto,sim_projection_avgyield.json,crop.json,,site.json,False,dwd_core_ensemble,dwd_core_ensemble/csvs_dwd_core_ensemble,MPI-M-MPI-ESM-LR,UHOH-WRF361H,rcp85,r1i1p1,v1,2037-01-01,2037-12-31,False,False,True,True,True,False,False,True,False,True,False,False,False,,,0.98,100_220_390_120_330_140_25,prediction_runs,,crop_MS_2037_100_25832_etrs89-utm32n.asc,,DroughtStressThreshold,0.5,1,
919,True,fixed,auto,SM_sfix_hauto,sim_projection_avgyield.json,crop.json,,site.json,False,dwd_core_ensemble,dwd_core_ensemble/csvs_dwd_core_ensemble,CCCma-CanESM2,CLMcom-CCLM4-8-17,rcp85,r1i1p1,v1,2038-01-01,2038-12-31,False,False,True,True,True,False,False,True,False,True,False,False,False,,,0.98,100_220_390_120_330_140_25,prediction_runs,,crop_MS_2038_100_25832_etrs89-utm32n.asc,,DroughtStressThreshold,0.5,1,
920,True,fixed,auto,SM_sfix_hauto,sim_projection_avgyield.json,crop.json,,site.json,False,dwd_core_ensemble,dwd_core_ensemble/csvs_dwd_core_ensemble,ICHEC-EC-EARTH,CLMcom-CCLM4-8-17,rcp26,r12i1p1,v1,2038-01-01,2038-12-31,False,False,True,True,True,False,False,True,False,True,False,False,False,,,0.98,100_220_390_120_330_140_25,prediction_runs,,crop_MS_2038_100_25832_etrs89-utm32n.asc,,DroughtStressThreshold,0.5,1,
921,True,fixed,auto,SM_sfix_hauto,sim_projection_avgyield.json,crop.json,,site.json,False,dwd_core_ensemble,dwd_core_ensemble/csvs_dwd_core_ensemble,ICHEC-EC-EARTH,KNMI-RACMO22E,rcp26,r12i1p1,v1,2038-01-01,2038-12-31,False,False,True,True,True,False,False,True,False,True,False,False,False,,,0.98,100_220_390_120_330_140_25,prediction_runs,,crop_MS_2038_100_25832_etrs89-utm32n.asc,,DroughtStressThreshold,0.5,1,
922,True,fixed,auto,SM_sfix_hauto,sim_projection_avgyield.json,crop.json,,site.json,False,dwd_core_ensemble,dwd_core_ensemble/csvs_dwd_core_ensemble,ICHEC-EC-EARTH,KNMI-RACMO22E,rcp45,r1i1p1,v1,2038-01-01,2038-12-31,False,False,True,True,True,False,False,True,False,True,False,False,False,,,0.98,100_220_390_120_330_140_25,prediction_runs,,crop_MS_2038_100_25832_etrs89-utm32n.asc,,DroughtStressThreshold,0.5,1,
923,True,fixed,auto,SM_sfix_hauto,sim_projection_avgyield.json,crop.json,,site.json,False,dwd_core_ensemble,dwd_core_ensemble/csvs_dwd_core_ensemble,ICHEC-EC-EARTH,KNMI-RACMO22E,rcp45,r12i1p1,v1,2038-01-01,2038-12-31,False,False,True,True,True,False,False,True,False,True,False,False,False,,,0.98,100_220_390_120_330_140_25,prediction_runs,,crop_MS_2038_100_25832_etrs89-utm32n.asc,,DroughtStressThreshold,0.5,1,
924,True,fixed,auto,SM_sfix_hauto,sim_projection_avgyield.json,crop.json,,site.json,False,dwd_core_ensemble,dwd_core_ensemble/csvs_dwd_core_ensemble,ICHEC-EC-EARTH,KNMI-RACMO22E,rcp85,r1i1p1,v1,2038-01-01,2038-12-31,False,False,True,True,True,False,False,True,False,True,False,False,False,,,0.98,100_220_390_120_330_140_25,prediction_runs,,crop_MS_2038_100_25832_etrs89-utm32n.asc,,DroughtStressThreshold,0.5,1,
925,True,fixed,auto,SM_sfix_hauto,sim_projection_avgyield.json,crop.json,,site.json,False,dwd_core_ensemble,dwd_core_ensemble/csvs_dwd_core_ensemble,ICHEC-EC-EARTH,SMHI-RCA4,rcp45,r12i1p1,v1,2038-01-01,2038-12-31,False,False,True,True,True,False,False,True,False,True,False,False,False,,,0.98,100_220_390_120_330_140_25,prediction_runs,,crop_MS_2038_100_25832_etrs89-utm32n.asc,,DroughtStressThreshold,0.5,1,
926,True,fixed,auto,SM_sfix_hauto,sim_projection_avgyield.json,crop.json,,site.json,False,dwd_core_ensemble,dwd_core_ensemble/csvs_dwd_core_ensemble,MIROC-MIROC5,CLMcom-CCLM4-8-17,rcp26,r1i1p1,v1,2038-01-01,2038-12-31,False,False,True,True,True,False,False,True,False,True,False,False,False,,,0.98,100_220_390_120_330_140_25,prediction_runs,,crop_MS_2038_100_25832_etrs89-utm32n.asc,,DroughtStressThreshold,0.5,1,
927,True,fixed,auto,SM_sfix_hauto,sim_projection_avgyield.json,crop.json,,site.json,False,dwd_core_ensemble,dwd_core_ensemble/csvs_dwd_core_ensemble,MIROC-MIROC5,GERICS-REMO2015,rcp85,r1i1p1,v1,2038-01-01,2038-12-31,False,False,True,True,True,False,False,True,False,True,False,False,False,,,0.98,100_220_390_120_330_140_25,prediction_runs,,crop_MS_2038_100_25832_etrs89-utm32n.asc,,DroughtStressThreshold,0.5,1,
928,True,fixed,auto,SM_sfix_hauto,sim_projection_avgyield.json,crop.json,,site.json,False,dwd_core_ensemble,dwd_core_ensemble/csvs_dwd_core_ensemble,MOHC-HadGEM2-ES,CLMcom-CCLM4-8-17,rcp45,r1i1p1,v1,2038-01-01,2038-12-31,False,False,True,True,True,False,False,True,False,True,False,False,False,,,0.98,100_220_390_120_330_140_25,prediction_runs,,crop_MS_2038_100_25832_etrs89-utm32n.asc,,DroughtStressThreshold,0.5,1,
929,True,fixed,auto,SM_sfix_hauto,sim_projection_avgyield.json,crop.json,,site.json,False,dwd_core_ensemble,dwd_core_ensemble/csvs_dwd_core_ensemble,MOHC-HadGEM2-ES,CLMcom-CCLM4-8-17,rcp85,r1i1p1,v1,2038-01-01,2038-12-31,False,False,True,True,True,False,False,True,False,True,False,False,False,,,0.98,100_220_390_120_330_140_25,prediction_runs,,crop_MS_2038_100_25832_etrs89-utm32n.asc,,DroughtStressThreshold,0.5,1,
930,True,fixed,auto,SM_sfix_hauto,sim_projection_avgyield.json,crop.json,,site.json,False,dwd_core_ensemble,dwd_core_ensemble/csvs_dwd_core_ensemble,MOHC-HadGEM2-ES,KNMI-RACMO22E,rcp26,r1i1p1,v2,2038-01-01,2038-12-31,False,False,True,True,True,False,False,True,False,True,False,False,False,,,0.98,100_220_390_120_330_140_25,prediction_runs,,crop_MS_2038_100_25832_etrs89-utm32n.asc,,DroughtStressThreshold,0.5,1,
931,True,fixed,auto,SM_sfix_hauto,sim_projection_avgyield.json,crop.json,,site.json,False,dwd_core_ensemble,dwd_core_ensemble/csvs_dwd_core_ensemble,MPI-M-MPI-ESM-LR,MPI-CSC-REMO2009,rcp26,r2i1p1,v1,2038-01-01,2038-12-31,False,False,True,True,True,False,False,True,False,True,False,False,False,,,0.98,100_220_390_120_330_140_25,prediction_runs,,crop_MS_2038_100_25832_etrs89-utm32n.asc,,DroughtStressThreshold,0.5,1,
932,True,fixed,auto,SM_sfix_hauto,sim_projection_avgyield.json,crop.json,,site.json,False,dwd_core_ensemble,dwd_core_ensemble/csvs_dwd_core_ensemble,MPI-M-MPI-ESM-LR,MPI-CSC-REMO2009,rcp45,r1i1p1,v1,2038-01-01,2038-12-31,False,False,True,True,True,False,False,True,False,True,False,False,False,,,0.98,100_220_390_120_330_140_25,prediction_runs,,crop_MS_2038_100_25832_etrs89-utm32n.asc,,DroughtStressThreshold,0.5,1,
933,True,fixed,auto,SM_sfix_hauto,sim_projection_avgyield.json,crop.json,,site.json,False,dwd_core_ensemble,dwd_core_ensemble/csvs_dwd_core_ensemble,MPI-M-MPI-ESM-LR,MPI-CSC-REMO2009,rcp45,r2i1p1,v1,2038-01-01,2038-12-31,False,False,True,True,True,False,False,True,False,True,False,False,False,,,0.98,100_220_390_120_330_140_25,prediction_runs,,crop_MS_2038_100_25832_etrs89-utm32n.asc,,DroughtStressThreshold,0.5,1,
934,True,fixed,auto,SM_sfix_hauto,sim_projection_avgyield.json,crop.json,,site.json,False,dwd_core_ensemble,dwd_core_ensemble/csvs_dwd_core_ensemble,MPI-M-MPI-ESM-LR,MPI-CSC-REMO2009,rcp85,r2i1p1,v1,2038-01-01,2038-12-31,False,False,True,True,True,False,False,True,False,True,False,False,False,,,0.98,100_220_390_120_330_140_25,prediction_runs,,crop_MS_2038_100_25832_etrs89-utm32n.asc,,DroughtStressThreshold,0.5,1,
935,True,fixed,auto,SM_sfix_hauto,sim_projection_avgyield.json,crop.json,,site.json,False,dwd_core_ensemble,dwd_core_ensemble/csvs_dwd_core_ensemble,MPI-M-MPI-ESM-LR,UHOH-WRF361H,rcp85,r1i1p1,v1,2038-01-01,2038-12-31,False,False,True,True,True,False,False,True,False,True,False,False,False,,,0.98,100_220_390_120_330_140_25,prediction_runs,,crop_MS_2038_100_25832_etrs89-utm32n.asc,,DroughtStressThreshold,0.5,1,
936,True,fixed,auto,SM_sfix_hauto,sim_projection_avgyield.json,crop.json,,site.json,False,dwd_core_ensemble,dwd_core_ensemble/csvs_dwd_core_ensemble,CCCma-CanESM2,CLMcom-CCLM4-8-17,rcp85,r1i1p1,v1,2039-01-01,2039-12-31,False,False,True,True,True,False,False,True,False,True,False,False,False,,,0.98,100_220_390_120_330_140_25,prediction_runs,,crop_MS_2039_100_25832_etrs89-utm32n.asc,,DroughtStressThreshold,0.5,1,
937,True,fixed,auto,SM_sfix_hauto,sim_projection_avgyield.json,crop.json,,site.json,False,dwd_core_ensemble,dwd_core_ensemble/csvs_dwd_core_ensemble,ICHEC-EC-EARTH,CLMcom-CCLM4-8-17,rcp26,r12i1p1,v1,2039-01-01,2039-12-31,False,False,True,True,True,False,False,True,False,True,False,False,False,,,0.98,100_220_390_120_330_140_25,prediction_runs,,crop_MS_2039_100_25832_etrs89-utm32n.asc,,DroughtStressThreshold,0.5,1,
938,True,fixed,auto,SM_sfix_hauto,sim_projection_avgyield.json,crop.json,,site.json,False,dwd_core_ensemble,dwd_core_ensemble/csvs_dwd_core_ensemble,ICHEC-EC-EARTH,KNMI-RACMO22E,rcp26,r12i1p1,v1,2039-01-01,2039-12-31,False,False,True,True,True,False,False,True,False,True,False,False,False,,,0.98,100_220_390_120_330_140_25,prediction_runs,,crop_MS_2039_100_25832_etrs89-utm32n.asc,,DroughtStressThreshold,0.5,1,
939,True,fixed,auto,SM_sfix_hauto,sim_projection_avgyield.json,crop.json,,site.json,False,dwd_core_ensemble,dwd_core_ensemble/csvs_dwd_core_ensemble,ICHEC-EC-EARTH,KNMI-RACMO22E,rcp45,r1i1p1,v1,2039-01-01,2039-12-31,False,False,True,True,True,False,False,True,False,True,False,False,False,,,0.98,100_220_390_120_330_140_25,prediction_runs,,crop_MS_2039_100_25832_etrs89-utm32n.asc,,DroughtStressThreshold,0.5,1,
940,True,fixed,auto,SM_sfix_hauto,sim_projection_avgyield.json,crop.json,,site.json,False,dwd_core_ensemble,dwd_core_ensemble/csvs_dwd_core_ensemble,ICHEC-EC-EARTH,KNMI-RACMO22E,rcp45,r12i1p1,v1,2039-01-01,2039-12-31,False,False,True,True,True,False,False,True,False,True,False,False,False,,,0.98,100_220_390_120_330_140_25,prediction_runs,,crop_MS_2039_100_25832_etrs89-utm32n.asc,,DroughtStressThreshold,0.5,1,
941,True,fixed,auto,SM_sfix_hauto,sim_projection_avgyield.json,crop.json,,site.json,False,dwd_core_ensemble,dwd_core_ensemble/csvs_dwd_core_ensemble,ICHEC-EC-EARTH,KNMI-RACMO22E,rcp85,r1i1p1,v1,2039-01-01,2039-12-31,False,False,True,True,True,False,False,True,False,True,False,False,False,,,0.98,100_220_390_120_330_140_25,prediction_runs,,crop_MS_2039_100_25832_etrs89-utm32n.asc,,DroughtStressThreshold,0.5,1,
942,True,fixed,auto,SM_sfix_hauto,sim_projection_avgyield.json,crop.json,,site.json,False,dwd_core_ensemble,dwd_core_ensemble/csvs_dwd_core_ensemble,ICHEC-EC-EARTH,SMHI-RCA4,rcp45,r12i1p1,v1,2039-01-01,2039-12-31,False,False,True,True,True,False,False,True,False,True,False,False,False,,,0.98,100_220_390_120_330_140_25,prediction_runs,,crop_MS_2039_100_25832_etrs89-utm32n.asc,,DroughtStressThreshold,0.5,1,
943,True,fixed,auto,SM_sfix_hauto,sim_projection_avgyield.json,crop.json,,site.json,False,dwd_core_ensemble,dwd_core_ensemble/csvs_dwd_core_ensemble,MIROC-MIROC5,CLMcom-CCLM4-8-17,rcp26,r1i1p1,v1,2039-01-01,2039-12-31,False,False,True,True,True,False,False,True,False,True,False,False,False,,,0.98,100_220_390_120_330_140_25,prediction_runs,,crop_MS_2039_100_25832_etrs89-utm32n.asc,,DroughtStressThreshold,0.5,1,
944,True,fixed,auto,SM_sfix_hauto,sim_projection_avgyield.json,crop.json,,site.json,False,dwd_core_ensemble,dwd_core_ensemble/csvs_dwd_core_ensemble,MIROC-MIROC5,GERICS-REMO2015,rcp85,r1i1p1,v1,2039-01-01,2039-12-31,False,False,True,True,True,False,False,True,False,True,False,False,False,,,0.98,100_220_390_120_330_140_25,prediction_runs,,crop_MS_2039_100_25832_etrs89-utm32n.asc,,DroughtStressThreshold,0.5,1,
945,True,fixed,auto,SM_sfix_hauto,sim_projection_avgyield.json,crop.json,,site.json,False,dwd_core_ensemble,dwd_core_ensemble/csvs_dwd_core_ensemble,MOHC-HadGEM2-ES,CLMcom-CCLM4-8-17,rcp45,r1i1p1,v1,2039-01-01,2039-12-31,False,False,True,True,True,False,False,True,False,True,False,False,False,,,0.98,100_220_390_120_330_140_25,prediction_runs,,crop_MS_2039_100_25832_etrs89-utm32n.asc,,DroughtStressThreshold,0.5,1,
946,True,fixed,auto,SM_sfix_hauto,sim_projection_avgyield.json,crop.json,,site.json,False,dwd_core_ensemble,dwd_core_ensemble/csvs_dwd_core_ensemble,MOHC-HadGEM2-ES,CLMcom-CCLM4-8-17,rcp85,r1i1p1,v1,2039-01-01,2039-12-31,False,False,True,True,True,False,False,True,False,True,False,False,False,,,0.98,100_220_390_120_330_140_25,prediction_runs,,crop_MS_2039_100_25832_etrs89-utm32n.asc,,DroughtStressThreshold,0.5,1,
947,True,fixed,auto,SM_sfix_hauto,sim_projection_avgyield.json,crop.json,,site.json,False,dwd_core_ensemble,dwd_core_ensemble/csvs_dwd_core_ensemble,MOHC-HadGEM2-ES,KNMI-RACMO22E,rcp26,r1i1p1,v2,2039-01-01,2039-12-31,False,False,True,True,True,False,False,True,False,True,False,False,False,,,0.98,100_220_390_120_330_140_25,prediction_runs,,crop_MS_2039_100_25832_etrs89-utm32n.asc,,DroughtStressThreshold,0.5,1,
948,True,fixed,auto,SM_sfix_hauto,sim_projection_avgyield.json,crop.json,,site.json,False,dwd_core_ensemble,dwd_core_ensemble/csvs_dwd_core_ensemble,MPI-M-MPI-ESM-LR,MPI-CSC-REMO2009,rcp26,r2i1p1,v1,2039-01-01,2039-12-31,False,False,True,True,True,False,False,True,False,True,False,False,False,,,0.98,100_220_390_120_330_140_25,prediction_runs,,crop_MS_2039_100_25832_etrs89-utm32n.asc,,DroughtStressThreshold,0.5,1,
949,True,fixed,auto,SM_sfix_hauto,sim_projection_avgyield.json,crop.json,,site.json,False,dwd_core_ensemble,dwd_core_ensemble/csvs_dwd_core_ensemble,MPI-M-MPI-ESM-LR,MPI-CSC-REMO2009,rcp45,r1i1p1,v1,2039-01-01,2039-12-31,False,False,True,True,True,False,False,True,False,True,False,False,False,,,0.98,100_220_390_120_330_140_25,prediction_runs,,crop_MS_2039_100_25832_etrs89-utm32n.asc,,DroughtStressThreshold,0.5,1,
950,True,fixed,auto,SM_sfix_hauto,sim_projection_avgyield.json,crop.json,,site.json,False,dwd_core_ensemble,dwd_core_ensemble/csvs_dwd_core_ensemble,MPI-M-MPI-ESM-LR,MPI-CSC-REMO2009,rcp45,r2i1p1,v1,2039-01-01,2039-12-31,False,False,True,True,True,False,False,True,False,True,False,False,False,,,0.98,100_220_390_120_330_140_25,prediction_runs,,crop_MS_2039_100_25832_etrs89-utm32n.asc,,DroughtStressThreshold,0.5,1,
951,True,fixed,auto,SM_sfix_hauto,sim_projection_avgyield.json,crop.json,,site.json,False,dwd_core_ensemble,dwd_core_ensemble/csvs_dwd_core_ensemble,MPI-M-MPI-ESM-LR,MPI-CSC-REMO2009,rcp85,r2i1p1,v1,2039-01-01,2039-12-31,False,False,True,True,True,False,False,True,False,True,False,False,False,,,0.98,100_220_390_120_330_140_25,prediction_runs,,crop_MS_2039_100_25832_etrs89-utm32n.asc,,DroughtStressThreshold,0.5,1,
952,True,fixed,auto,SM_sfix_hauto,sim_projection_avgyield.json,crop.json,,site.json,False,dwd_core_ensemble,dwd_core_ensemble/csvs_dwd_core_ensemble,MPI-M-MPI-ESM-LR,UHOH-WRF361H,rcp85,r1i1p1,v1,2039-01-01,2039-12-31,False,False,True,True,True,False,False,True,False,True,False,False,False,,,0.98,100_220_390_120_330_140_25,prediction_runs,,crop_MS_2039_100_25832_etrs89-utm32n.asc,,DroughtStressThreshold,0.5,1,
953,True,fixed,auto,SM_sfix_hauto,sim_projection_avgyield.json,crop.json,,site.json,False,dwd_core_ensemble,dwd_core_ensemble/csvs_dwd_core_ensemble,CCCma-CanESM2,CLMcom-CCLM4-8-17,rcp85,r1i1p1,v1,2040-01-01,2040-12-31,False,False,True,True,True,False,False,True,False,True,False,False,False,,,0.98,100_220_390_120_330_140_25,prediction_runs,,crop_MS_2040_100_25832_etrs89-utm32n.asc,,DroughtStressThreshold,0.5,1,
954,True,fixed,auto,SM_sfix_hauto,sim_projection_avgyield.json,crop.json,,site.json,False,dwd_core_ensemble,dwd_core_ensemble/csvs_dwd_core_ensemble,ICHEC-EC-EARTH,CLMcom-CCLM4-8-17,rcp26,r12i1p1,v1,2040-01-01,2040-12-31,False,False,True,True,True,False,False,True,False,True,False,False,False,,,0.98,100_220_390_120_330_140_25,prediction_runs,,crop_MS_2040_100_25832_etrs89-utm32n.asc,,DroughtStressThreshold,0.5,1,
955,True,fixed,auto,SM_sfix_hauto,sim_projection_avgyield.json,crop.json,,site.json,False,dwd_core_ensemble,dwd_core_ensemble/csvs_dwd_core_ensemble,ICHEC-EC-EARTH,KNMI-RACMO22E,rcp26,r12i1p1,v1,2040-01-01,2040-12-31,False,False,True,True,True,False,False,True,False,True,False,False,False,,,0.98,100_220_390_120_330_140_25,prediction_runs,,crop_MS_2040_100_25832_etrs89-utm32n.asc,,DroughtStressThreshold,0.5,1,
956,True,fixed,auto,SM_sfix_hauto,sim_projection_avgyield.json,crop.json,,site.json,False,dwd_core_ensemble,dwd_core_ensemble/csvs_dwd_core_ensemble,ICHEC-EC-EARTH,KNMI-RACMO22E,rcp45,r1i1p1,v1,2040-01-01,2040-12-31,False,False,True,True,True,False,False,True,False,True,False,False,False,,,0.98,100_220_390_120_330_140_25,prediction_runs,,crop_MS_2040_100_25832_etrs89-utm32n.asc,,DroughtStressThreshold,0.5,1,
957,True,fixed,auto,SM_sfix_hauto,sim_projection_avgyield.json,crop.json,,site.json,False,dwd_core_ensemble,dwd_core_ensemble/csvs_dwd_core_ensemble,ICHEC-EC-EARTH,KNMI-RACMO22E,rcp45,r12i1p1,v1,2040-01-01,2040-12-31,False,False,True,True,True,False,False,True,False,True,False,False,False,,,0.98,100_220_390_120_330_140_25,prediction_runs,,crop_MS_2040_100_25832_etrs89-utm32n.asc,,DroughtStressThreshold,0.5,1,
958,True,fixed,auto,SM_sfix_hauto,sim_projection_avgyield.json,crop.json,,site.json,False,dwd_core_ensemble,dwd_core_ensemble/csvs_dwd_core_ensemble,ICHEC-EC-EARTH,KNMI-RACMO22E,rcp85,r1i1p1,v1,2040-01-01,2040-12-31,False,False,True,True,True,False,False,True,False,True,False,False,False,,,0.98,100_220_390_120_330_140_25,prediction_runs,,crop_MS_2040_100_25832_etrs89-utm32n.asc,,DroughtStressThreshold,0.5,1,
959,True,fixed,auto,SM_sfix_hauto,sim_projection_avgyield.json,crop.json,,site.json,False,dwd_core_ensemble,dwd_core_ensemble/csvs_dwd_core_ensemble,ICHEC-EC-EARTH,SMHI-RCA4,rcp45,r12i1p1,v1,2040-01-01,2040-12-31,False,False,True,True,True,False,False,True,False,True,False,False,False,,,0.98,100_220_390_120_330_140_25,prediction_runs,,crop_MS_2040_100_25832_etrs89-utm32n.asc,,DroughtStressThreshold,0.5,1,
960,True,fixed,auto,SM_sfix_hauto,sim_projection_avgyield.json,crop.json,,site.json,False,dwd_core_ensemble,dwd_core_ensemble/csvs_dwd_core_ensemble,MIROC-MIROC5,CLMcom-CCLM4-8-17,rcp26,r1i1p1,v1,2040-01-01,2040-12-31,False,False,True,True,True,False,False,True,False,True,False,False,False,,,0.98,100_220_390_120_330_140_25,prediction_runs,,crop_MS_2040_100_25832_etrs89-utm32n.asc,,DroughtStressThreshold,0.5,1,
961,True,fixed,auto,SM_sfix_hauto,sim_projection_avgyield.json,crop.json,,site.json,False,dwd_core_ensemble,dwd_core_ensemble/csvs_dwd_core_ensemble,MIROC-MIROC5,GERICS-REMO2015,rcp85,r1i1p1,v1,2040-01-01,2040-12-31,False,False,True,True,True,False,False,True,False,True,False,False,False,,,0.98,100_220_390_120_330_140_25,prediction_runs,,crop_MS_2040_100_25832_etrs89-utm32n.asc,,DroughtStressThreshold,0.5,1,
962,True,fixed,auto,SM_sfix_hauto,sim_projection_avgyield.json,crop.json,,site.json,False,dwd_core_ensemble,dwd_core_ensemble/csvs_dwd_core_ensemble,MOHC-HadGEM2-ES,CLMcom-CCLM4-8-17,rcp45,r1i1p1,v1,2040-01-01,2040-12-31,False,False,True,True,True,False,False,True,False,True,False,False,False,,,0.98,100_220_390_120_330_140_25,prediction_runs,,crop_MS_2040_100_25832_etrs89-utm32n.asc,,DroughtStressThreshold,0.5,1,
963,True,fixed,auto,SM_sfix_hauto,sim_projection_avgyield.json,crop.json,,site.json,False,dwd_core_ensemble,dwd_core_ensemble/csvs_dwd_core_ensemble,MOHC-HadGEM2-ES,CLMcom-CCLM4-8-17,rcp85,r1i1p1,v1,2040-01-01,2040-12-31,False,False,True,True,True,False,False,True,False,True,False,False,False,,,0.98,100_220_390_120_330_140_25,prediction_runs,,crop_MS_2040_100_25832_etrs89-utm32n.asc,,DroughtStressThreshold,0.5,1,
964,True,fixed,auto,SM_sfix_hauto,sim_projection_avgyield.json,crop.json,,site.json,False,dwd_core_ensemble,dwd_core_ensemble/csvs_dwd_core_ensemble,MOHC-HadGEM2-ES,KNMI-RACMO22E,rcp26,r1i1p1,v2,2040-01-01,2040-12-31,False,False,True,True,True,False,False,True,False,True,False,False,False,,,0.98,100_220_390_120_330_140_25,prediction_runs,,crop_MS_2040_100_25832_etrs89-utm32n.asc,,DroughtStressThreshold,0.5,1,
965,True,fixed,auto,SM_sfix_hauto,sim_projection_avgyield.json,crop.json,,site.json,False,dwd_core_ensemble,dwd_core_ensemble/csvs_dwd_core_ensemble,MPI-M-MPI-ESM-LR,MPI-CSC-REMO2009,rcp26,r2i1p1,v1,2040-01-01,2040-12-31,False,False,True,True,True,False,False,True,False,True,False,False,False,,,0.98,100_220_390_120_330_140_25,prediction_runs,,crop_MS_2040_100_25832_etrs89-utm32n.asc,,DroughtStressThreshold,0.5,1,
966,True,fixed,auto,SM_sfix_hauto,sim_projection_avgyield.json,crop.json,,site.json,False,dwd_core_ensemble,dwd_core_ensemble/csvs_dwd_core_ensemble,MPI-M-MPI-ESM-LR,MPI-CSC-REMO2009,rcp45,r1i1p1,v1,2040-01-01,2040-12-31,False,False,True,True,True,False,False,True,False,True,False,False,False,,,0.98,100_220_390_120_330_140_25,prediction_runs,,crop_MS_2040_100_25832_etrs89-utm32n.asc,,DroughtStressThreshold,0.5,1,
967,True,fixed,auto,SM_sfix_hauto,sim_projection_avgyield.json,crop.json,,site.json,False,dwd_core_ensemble,dwd_core_ensemble/csvs_dwd_core_ensemble,MPI-M-MPI-ESM-LR,MPI-CSC-REMO2009,rcp45,r2i1p1,v1,2040-01-01,2040-12-31,False,False,True,True,True,False,False,True,False,True,False,False,False,,,0.98,100_220_390_120_330_140_25,prediction_runs,,crop_MS_2040_100_25832_etrs89-utm32n.asc,,DroughtStressThreshold,0.5,1,
968,True,fixed,auto,SM_sfix_hauto,sim_projection_avgyield.json,crop.json,,site.json,False,dwd_core_ensemble,dwd_core_ensemble/csvs_dwd_core_ensemble,MPI-M-MPI-ESM-LR,MPI-CSC-REMO2009,rcp85,r2i1p1,v1,2040-01-01,2040-12-31,False,False,True,True,True,False,False,True,False,True,False,False,False,,,0.98,100_220_390_120_330_140_25,prediction_runs,,crop_MS_2040_100_25832_etrs89-utm32n.asc,,DroughtStressThreshold,0.5,1,
969,True,fixed,auto,SM_sfix_hauto,sim_projection_avgyield.json,crop.json,,site.json,False,dwd_core_ensemble,dwd_core_ensemble/csvs_dwd_core_ensemble,MPI-M-MPI-ESM-LR,UHOH-WRF361H,rcp85,r1i1p1,v1,2040-01-01,2040-12-31,False,False,True,True,True,False,False,True,False,True,False,False,False,,,0.98,100_220_390_120_330_140_25,prediction_runs,,crop_MS_2040_100_25832_etrs89-utm32n.asc,,DroughtStressThreshold,0.5,1,
970,True,fixed,auto,SM_sfix_hauto,sim_projection_avgyield.json,crop.json,,site.json,False,dwd_core_ensemble,dwd_core_ensemble/csvs_dwd_core_ensemble,CCCma-CanESM2,CLMcom-CCLM4-8-17,rcp85,r1i1p1,v1,2041-01-01,2041-12-31,False,False,True,True,True,False,False,True,False,True,False,False,False,,,0.98,100_220_390_120_330_140_25,prediction_runs,,crop_MS_2041_100_25832_etrs89-utm32n.asc,,DroughtStressThreshold,0.5,1,
971,True,fixed,auto,SM_sfix_hauto,sim_projection_avgyield.json,crop.json,,site.json,False,dwd_core_ensemble,dwd_core_ensemble/csvs_dwd_core_ensemble,ICHEC-EC-EARTH,CLMcom-CCLM4-8-17,rcp26,r12i1p1,v1,2041-01-01,2041-12-31,False,False,True,True,True,False,False,True,False,True,False,False,False,,,0.98,100_220_390_120_330_140_25,prediction_runs,,crop_MS_2041_100_25832_etrs89-utm32n.asc,,DroughtStressThreshold,0.5,1,
972,True,fixed,auto,SM_sfix_hauto,sim_projection_avgyield.json,crop.json,,site.json,False,dwd_core_ensemble,dwd_core_ensemble/csvs_dwd_core_ensemble,ICHEC-EC-EARTH,KNMI-RACMO22E,rcp26,r12i1p1,v1,2041-01-01,2041-12-31,False,False,True,True,True,False,False,True,False,True,False,False,False,,,0.98,100_220_390_120_330_140_25,prediction_runs,,crop_MS_2041_100_25832_etrs89-utm32n.asc,,DroughtStressThreshold,0.5,1,
973,True,fixed,auto,SM_sfix_hauto,sim_projection_avgyield.json,crop.json,,site.json,False,dwd_core_ensemble,dwd_core_ensemble/csvs_dwd_core_ensemble,ICHEC-EC-EARTH,KNMI-RACMO22E,rcp45,r1i1p1,v1,2041-01-01,2041-12-31,False,False,True,True,True,False,False,True,False,True,False,False,False,,,0.98,100_220_390_120_330_140_25,prediction_runs,,crop_MS_2041_100_25832_etrs89-utm32n.asc,,DroughtStressThreshold,0.5,1,
974,True,fixed,auto,SM_sfix_hauto,sim_projection_avgyield.json,crop.json,,site.json,False,dwd_core_ensemble,dwd_core_ensemble/csvs_dwd_core_ensemble,ICHEC-EC-EARTH,KNMI-RACMO22E,rcp45,r12i1p1,v1,2041-01-01,2041-12-31,False,False,True,True,True,False,False,True,False,True,False,False,False,,,0.98,100_220_390_120_330_140_25,prediction_runs,,crop_MS_2041_100_25832_etrs89-utm32n.asc,,DroughtStressThreshold,0.5,1,
975,True,fixed,auto,SM_sfix_hauto,sim_projection_avgyield.json,crop.json,,site.json,False,dwd_core_ensemble,dwd_core_ensemble/csvs_dwd_core_ensemble,ICHEC-EC-EARTH,KNMI-RACMO22E,rcp85,r1i1p1,v1,2041-01-01,2041-12-31,False,False,True,True,True,False,False,True,False,True,False,False,False,,,0.98,100_220_390_120_330_140_25,prediction_runs,,crop_MS_2041_100_25832_etrs89-utm32n.asc,,DroughtStressThreshold,0.5,1,
976,True,fixed,auto,SM_sfix_hauto,sim_projection_avgyield.json,crop.json,,site.json,False,dwd_core_ensemble,dwd_core_ensemble/csvs_dwd_core_ensemble,ICHEC-EC-EARTH,SMHI-RCA4,rcp45,r12i1p1,v1,2041-01-01,2041-12-31,False,False,True,True,True,False,False,True,False,True,False,False,False,,,0.98,100_220_390_120_330_140_25,prediction_runs,,crop_MS_2041_100_25832_etrs89-utm32n.asc,,DroughtStressThreshold,0.5,1,
977,True,fixed,auto,SM_sfix_hauto,sim_projection_avgyield.json,crop.json,,site.json,False,dwd_core_ensemble,dwd_core_ensemble/csvs_dwd_core_ensemble,MIROC-MIROC5,CLMcom-CCLM4-8-17,rcp26,r1i1p1,v1,2041-01-01,2041-12-31,False,False,True,True,True,False,False,True,False,True,False,False,False,,,0.98,100_220_390_120_330_140_25,prediction_runs,,crop_MS_2041_100_25832_etrs89-utm32n.asc,,DroughtStressThreshold,0.5,1,
978,True,fixed,auto,SM_sfix_hauto,sim_projection_avgyield.json,crop.json,,site.json,False,dwd_core_ensemble,dwd_core_ensemble/csvs_dwd_core_ensemble,MIROC-MIROC5,GERICS-REMO2015,rcp85,r1i1p1,v1,2041-01-01,2041-12-31,False,False,True,True,True,False,False,True,False,True,False,False,False,,,0.98,100_220_390_120_330_140_25,prediction_runs,,crop_MS_2041_100_25832_etrs89-utm32n.asc,,DroughtStressThreshold,0.5,1,
979,True,fixed,auto,SM_sfix_hauto,sim_projection_avgyield.json,crop.json,,site.json,False,dwd_core_ensemble,dwd_core_ensemble/csvs_dwd_core_ensemble,MOHC-HadGEM2-ES,CLMcom-CCLM4-8-17,rcp45,r1i1p1,v1,2041-01-01,2041-12-31,False,False,True,True,True,False,False,True,False,True,False,False,False,,,0.98,100_220_390_120_330_140_25,prediction_runs,,crop_MS_2041_100_25832_etrs89-utm32n.asc,,DroughtStressThreshold,0.5,1,
980,True,fixed,auto,SM_sfix_hauto,sim_projection_avgyield.json,crop.json,,site.json,False,dwd_core_ensemble,dwd_core_ensemble/csvs_dwd_core_ensemble,MOHC-HadGEM2-ES,CLMcom-CCLM4-8-17,rcp85,r1i1p1,v1,2041-01-01,2041-12-31,False,False,True,True,True,False,False,True,False,True,False,False,False,,,0.98,100_220_390_120_330_140_25,prediction_runs,,crop_MS_2041_100_25832_etrs89-utm32n.asc,,DroughtStressThreshold,0.5,1,
981,True,fixed,auto,SM_sfix_hauto,sim_projection_avgyield.json,crop.json,,site.json,False,dwd_core_ensemble,dwd_core_ensemble/csvs_dwd_core_ensemble,MOHC-HadGEM2-ES,KNMI-RACMO22E,rcp26,r1i1p1,v2,2041-01-01,2041-12-31,False,False,True,True,True,False,False,True,False,True,False,False,False,,,0.98,100_220_390_120_330_140_25,prediction_runs,,crop_MS_2041_100_25832_etrs89-utm32n.asc,,DroughtStressThreshold,0.5,1,
982,True,fixed,auto,SM_sfix_hauto,sim_projection_avgyield.json,crop.json,,site.json,False,dwd_core_ensemble,dwd_core_ensemble/csvs_dwd_core_ensemble,MPI-M-MPI-ESM-LR,MPI-CSC-REMO2009,rcp26,r2i1p1,v1,2041-01-01,2041-12-31,False,False,True,True,True,False,False,True,False,True,False,False,False,,,0.98,100_220_390_120_330_140_25,prediction_runs,,crop_MS_2041_100_25832_etrs89-utm32n.asc,,DroughtStressThreshold,0.5,1,
983,True,fixed,auto,SM_sfix_hauto,sim_projection_avgyield.json,crop.json,,site.json,False,dwd_core_ensemble,dwd_core_ensemble/csvs_dwd_core_ensemble,MPI-M-MPI-ESM-LR,MPI-CSC-REMO2009,rcp45,r1i1p1,v1,2041-01-01,2041-12-31,False,False,True,True,True,False,False,True,False,True,False,False,False,,,0.98,100_220_390_120_330_140_25,prediction_runs,,crop_MS_2041_100_25832_etrs89-utm32n.asc,,DroughtStressThreshold,0.5,1,
984,True,fixed,auto,SM_sfix_hauto,sim_projection_avgyield.json,crop.json,,site.json,False,dwd_core_ensemble,dwd_core_ensemble/csvs_dwd_core_ensemble,MPI-M-MPI-ESM-LR,MPI-CSC-REMO2009,rcp45,r2i1p1,v1,2041-01-01,2041-12-31,False,False,True,True,True,False,False,True,False,True,False,False,False,,,0.98,100_220_390_120_330_140_25,prediction_runs,,crop_MS_2041_100_25832_etrs89-utm32n.asc,,DroughtStressThreshold,0.5,1,
985,True,fixed,auto,SM_sfix_hauto,sim_projection_avgyield.json,crop.json,,site.json,False,dwd_core_ensemble,dwd_core_ensemble/csvs_dwd_core_ensemble,MPI-M-MPI-ESM-LR,MPI-CSC-REMO2009,rcp85,r2i1p1,v1,2041-01-01,2041-12-31,False,False,True,True,True,False,False,True,False,True,False,False,False,,,0.98,100_220_390_120_330_140_25,prediction_runs,,crop_MS_2041_100_25832_etrs89-utm32n.asc,,DroughtStressThreshold,0.5,1,
986,True,fixed,auto,SM_sfix_hauto,sim_projection_avgyield.json,crop.json,,site.json,False,dwd_core_ensemble,dwd_core_ensemble/csvs_dwd_core_ensemble,MPI-M-MPI-ESM-LR,UHOH-WRF361H,rcp85,r1i1p1,v1,2041-01-01,2041-12-31,False,False,True,True,True,False,False,True,False,True,False,False,False,,,0.98,100_220_390_120_330_140_25,prediction_runs,,crop_MS_2041_100_25832_etrs89-utm32n.asc,,DroughtStressThreshold,0.5,1,
987,True,fixed,auto,SM_sfix_hauto,sim_projection_avgyield.json,crop.json,,site.json,False,dwd_core_ensemble,dwd_core_ensemble/csvs_dwd_core_ensemble,CCCma-CanESM2,CLMcom-CCLM4-8-17,rcp85,r1i1p1,v1,2042-01-01,2042-12-31,False,False,True,True,True,False,False,True,False,True,False,False,False,,,0.98,100_220_390_120_330_140_25,prediction_runs,,crop_MS_2042_100_25832_etrs89-utm32n.asc,,DroughtStressThreshold,0.5,1,
988,True,fixed,auto,SM_sfix_hauto,sim_projection_avgyield.json,crop.json,,site.json,False,dwd_core_ensemble,dwd_core_ensemble/csvs_dwd_core_ensemble,ICHEC-EC-EARTH,CLMcom-CCLM4-8-17,rcp26,r12i1p1,v1,2042-01-01,2042-12-31,False,False,True,True,True,False,False,True,False,True,False,False,False,,,0.98,100_220_390_120_330_140_25,prediction_runs,,crop_MS_2042_100_25832_etrs89-utm32n.asc,,DroughtStressThreshold,0.5,1,
989,True,fixed,auto,SM_sfix_hauto,sim_projection_avgyield.json,crop.json,,site.json,False,dwd_core_ensemble,dwd_core_ensemble/csvs_dwd_core_ensemble,ICHEC-EC-EARTH,KNMI-RACMO22E,rcp26,r12i1p1,v1,2042-01-01,2042-12-31,False,False,True,True,True,False,False,True,False,True,False,False,False,,,0.98,100_220_390_120_330_140_25,prediction_runs,,crop_MS_2042_100_25832_etrs89-utm32n.asc,,DroughtStressThreshold,0.5,1,
990,True,fixed,auto,SM_sfix_hauto,sim_projection_avgyield.json,crop.json,,site.json,False,dwd_core_ensemble,dwd_core_ensemble/csvs_dwd_core_ensemble,ICHEC-EC-EARTH,KNMI-RACMO22E,rcp45,r1i1p1,v1,2042-01-01,2042-12-31,False,False,True,True,True,False,False,True,False,True,False,False,False,,,0.98,100_220_390_120_330_140_25,prediction_runs,,crop_MS_2042_100_25832_etrs89-utm32n.asc,,DroughtStressThreshold,0.5,1,
991,True,fixed,auto,SM_sfix_hauto,sim_projection_avgyield.json,crop.json,,site.json,False,dwd_core_ensemble,dwd_core_ensemble/csvs_dwd_core_ensemble,ICHEC-EC-EARTH,KNMI-RACMO22E,rcp45,r12i1p1,v1,2042-01-01,2042-12-31,False,False,True,True,True,False,False,True,False,True,False,False,False,,,0.98,100_220_390_120_330_140_25,prediction_runs,,crop_MS_2042_100_25832_etrs89-utm32n.asc,,DroughtStressThreshold,0.5,1,
992,True,fixed,auto,SM_sfix_hauto,sim_projection_avgyield.json,crop.json,,site.json,False,dwd_core_ensemble,dwd_core_ensemble/csvs_dwd_core_ensemble,ICHEC-EC-EARTH,KNMI-RACMO22E,rcp85,r1i1p1,v1,2042-01-01,2042-12-31,False,False,True,True,True,False,False,True,False,True,False,False,False,,,0.98,100_220_390_120_330_140_25,prediction_runs,,crop_MS_2042_100_25832_etrs89-utm32n.asc,,DroughtStressThreshold,0.5,1,
993,True,fixed,auto,SM_sfix_hauto,sim_projection_avgyield.json,crop.json,,site.json,False,dwd_core_ensemble,dwd_core_ensemble/csvs_dwd_core_ensemble,ICHEC-EC-EARTH,SMHI-RCA4,rcp45,r12i1p1,v1,2042-01-01,2042-12-31,False,False,True,True,True,False,False,True,False,True,False,False,False,,,0.98,100_220_390_120_330_140_25,prediction_runs,,crop_MS_2042_100_25832_etrs89-utm32n.asc,,DroughtStressThreshold,0.5,1,
994,True,fixed,auto,SM_sfix_hauto,sim_projection_avgyield.json,crop.json,,site.json,False,dwd_core_ensemble,dwd_core_ensemble/csvs_dwd_core_ensemble,MIROC-MIROC5,CLMcom-CCLM4-8-17,rcp26,r1i1p1,v1,2042-01-01,2042-12-31,False,False,True,True,True,False,False,True,False,True,False,False,False,,,0.98,100_220_390_120_330_140_25,prediction_runs,,crop_MS_2042_100_25832_etrs89-utm32n.asc,,DroughtStressThreshold,0.5,1,
995,True,fixed,auto,SM_sfix_hauto,sim_projection_avgyield.json,crop.json,,site.json,False,dwd_core_ensemble,dwd_core_ensemble/csvs_dwd_core_ensemble,MIROC-MIROC5,GERICS-REMO2015,rcp85,r1i1p1,v1,2042-01-01,2042-12-31,False,False,True,True,True,False,False,True,False,True,False,False,False,,,0.98,100_220_390_120_330_140_25,prediction_runs,,crop_MS_2042_100_25832_etrs89-utm32n.asc,,DroughtStressThreshold,0.5,1,
996,True,fixed,auto,SM_sfix_hauto,sim_projection_avgyield.json,crop.json,,site.json,False,dwd_core_ensemble,dwd_core_ensemble/csvs_dwd_core_ensemble,MOHC-HadGEM2-ES,CLMcom-CCLM4-8-17,rcp45,r1i1p1,v1,2042-01-01,2042-12-31,False,False,True,True,True,False,False,True,False,True,False,False,False,,,0.98,100_220_390_120_330_140_25,prediction_runs,,crop_MS_2042_100_25832_etrs89-utm32n.asc,,DroughtStressThreshold,0.5,1,
997,True,fixed,auto,SM_sfix_hauto,sim_projection_avgyield.json,crop.json,,site.json,False,dwd_core_ensemble,dwd_core_ensemble/csvs_dwd_core_ensemble,MOHC-HadGEM2-ES,CLMcom-CCLM4-8-17,rcp85,r1i1p1,v1,2042-01-01,2042-12-31,False,False,True,True,True,False,False,True,False,True,False,False,False,,,0.98,100_220_390_120_330_140_25,prediction_runs,,crop_MS_2042_100_25832_etrs89-utm32n.asc,,DroughtStressThreshold,0.5,1,
998,True,fixed,auto,SM_sfix_hauto,sim_projection_avgyield.json,crop.json,,site.json,False,dwd_core_ensemble,dwd_core_ensemble/csvs_dwd_core_ensemble,MOHC-HadGEM2-ES,KNMI-RACMO22E,rcp26,r1i1p1,v2,2042-01-01,2042-12-31,False,False,True,True,True,False,False,True,False,True,False,False,False,,,0.98,100_220_390_120_330_140_25,prediction_runs,,crop_MS_2042_100_25832_etrs89-utm32n.asc,,DroughtStressThreshold,0.5,1,
999,True,fixed,auto,SM_sfix_hauto,sim_projection_avgyield.json,crop.json,,site.json,False,dwd_core_ensemble,dwd_core_ensemble/csvs_dwd_core_ensemble,MPI-M-MPI-ESM-LR,MPI-CSC-REMO2009,rcp26,r2i1p1,v1,2042-01-01,2042-12-31,False,False,True,True,True,False,False,True,False,True,False,False,False,,,0.98,100_220_390_120_330_140_25,prediction_runs,,crop_MS_2042_100_25832_etrs89-utm32n.asc,,DroughtStressThreshold,0.5,1,
1000,True,fixed,auto,SM_sfix_hauto,sim_projection_avgyield.json,crop.json,,site.json,False,dwd_core_ensemble,dwd_core_ensemble/csvs_dwd_core_ensemble,MPI-M-MPI-ESM-LR,MPI-CSC-REMO2009,rcp45,r1i1p1,v1,2042-01-01,2042-12-31,False,False,True,True,True,False,False,True,False,True,False,False,False,,,0.98,100_220_390_120_330_140_25,prediction_runs,,crop_MS_2042_100_25832_etrs89-utm32n.asc,,DroughtStressThreshold,0.5,1,
1001,True,fixed,auto,SM_sfix_hauto,sim_projection_avgyield.json,crop.json,,site.json,False,dwd_core_ensemble,dwd_core_ensemble/csvs_dwd_core_ensemble,MPI-M-MPI-ESM-LR,MPI-CSC-REMO2009,rcp45,r2i1p1,v1,2042-01-01,2042-12-31,False,False,True,True,True,False,False,True,False,True,False,False,False,,,0.98,100_220_390_120_330_140_25,prediction_runs,,crop_MS_2042_100_25832_etrs89-utm32n.asc,,DroughtStressThreshold,0.5,1,
1002,True,fixed,auto,SM_sfix_hauto,sim_projection_avgyield.json,crop.json,,site.json,False,dwd_core_ensemble,dwd_core_ensemble/csvs_dwd_core_ensemble,MPI-M-MPI-ESM-LR,MPI-CSC-REMO2009,rcp85,r2i1p1,v1,2042-01-01,2042-12-31,False,False,True,True,True,False,False,True,False,True,False,False,False,,,0.98,100_220_390_120_330_140_25,prediction_runs,,crop_MS_2042_100_25832_etrs89-utm32n.asc,,DroughtStressThreshold,0.5,1,
1003,True,fixed,auto,SM_sfix_hauto,sim_projection_avgyield.json,crop.json,,site.json,False,dwd_core_ensemble,dwd_core_ensemble/csvs_dwd_core_ensemble,MPI-M-MPI-ESM-LR,UHOH-WRF361H,rcp85,r1i1p1,v1,2042-01-01,2042-12-31,False,False,True,True,True,False,False,True,False,True,False,False,False,,,0.98,100_220_390_120_330_140_25,prediction_runs,,crop_MS_2042_100_25832_etrs89-utm32n.asc,,DroughtStressThreshold,0.5,1,
1004,True,fixed,auto,SM_sfix_hauto,sim_projection_avgyield.json,crop.json,,site.json,False,dwd_core_ensemble,dwd_core_ensemble/csvs_dwd_core_ensemble,CCCma-CanESM2,CLMcom-CCLM4-8-17,rcp85,r1i1p1,v1,2043-01-01,2043-12-31,False,False,True,True,True,False,False,True,False,True,False,False,False,,,0.98,100_220_390_120_330_140_25,prediction_runs,,crop_MS_2043_100_25832_etrs89-utm32n.asc,,DroughtStressThreshold,0.5,1,
1005,True,fixed,auto,SM_sfix_hauto,sim_projection_avgyield.json,crop.json,,site.json,False,dwd_core_ensemble,dwd_core_ensemble/csvs_dwd_core_ensemble,ICHEC-EC-EARTH,CLMcom-CCLM4-8-17,rcp26,r12i1p1,v1,2043-01-01,2043-12-31,False,False,True,True,True,False,False,True,False,True,False,False,False,,,0.98,100_220_390_120_330_140_25,prediction_runs,,crop_MS_2043_100_25832_etrs89-utm32n.asc,,DroughtStressThreshold,0.5,1,
1006,True,fixed,auto,SM_sfix_hauto,sim_projection_avgyield.json,crop.json,,site.json,False,dwd_core_ensemble,dwd_core_ensemble/csvs_dwd_core_ensemble,ICHEC-EC-EARTH,KNMI-RACMO22E,rcp26,r12i1p1,v1,2043-01-01,2043-12-31,False,False,True,True,True,False,False,True,False,True,False,False,False,,,0.98,100_220_390_120_330_140_25,prediction_runs,,crop_MS_2043_100_25832_etrs89-utm32n.asc,,DroughtStressThreshold,0.5,1,
1007,True,fixed,auto,SM_sfix_hauto,sim_projection_avgyield.json,crop.json,,site.json,False,dwd_core_ensemble,dwd_core_ensemble/csvs_dwd_core_ensemble,ICHEC-EC-EARTH,KNMI-RACMO22E,rcp45,r1i1p1,v1,2043-01-01,2043-12-31,False,False,True,True,True,False,False,True,False,True,False,False,False,,,0.98,100_220_390_120_330_140_25,prediction_runs,,crop_MS_2043_100_25832_etrs89-utm32n.asc,,DroughtStressThreshold,0.5,1,
1008,True,fixed,auto,SM_sfix_hauto,sim_projection_avgyield.json,crop.json,,site.json,False,dwd_core_ensemble,dwd_core_ensemble/csvs_dwd_core_ensemble,ICHEC-EC-EARTH,KNMI-RACMO22E,rcp45,r12i1p1,v1,2043-01-01,2043-12-31,False,False,True,True,True,False,False,True,False,True,False,False,False,,,0.98,100_220_390_120_330_140_25,prediction_runs,,crop_MS_2043_100_25832_etrs89-utm32n.asc,,DroughtStressThreshold,0.5,1,
1009,True,fixed,auto,SM_sfix_hauto,sim_projection_avgyield.json,crop.json,,site.json,False,dwd_core_ensemble,dwd_core_ensemble/csvs_dwd_core_ensemble,ICHEC-EC-EARTH,KNMI-RACMO22E,rcp85,r1i1p1,v1,2043-01-01,2043-12-31,False,False,True,True,True,False,False,True,False,True,False,False,False,,,0.98,100_220_390_120_330_140_25,prediction_runs,,crop_MS_2043_100_25832_etrs89-utm32n.asc,,DroughtStressThreshold,0.5,1,
1010,True,fixed,auto,SM_sfix_hauto,sim_projection_avgyield.json,crop.json,,site.json,False,dwd_core_ensemble,dwd_core_ensemble/csvs_dwd_core_ensemble,ICHEC-EC-EARTH,SMHI-RCA4,rcp45,r12i1p1,v1,2043-01-01,2043-12-31,False,False,True,True,True,False,False,True,False,True,False,False,False,,,0.98,100_220_390_120_330_140_25,prediction_runs,,crop_MS_2043_100_25832_etrs89-utm32n.asc,,DroughtStressThreshold,0.5,1,
1011,True,fixed,auto,SM_sfix_hauto,sim_projection_avgyield.json,crop.json,,site.json,False,dwd_core_ensemble,dwd_core_ensemble/csvs_dwd_core_ensemble,MIROC-MIROC5,CLMcom-CCLM4-8-17,rcp26,r1i1p1,v1,2043-01-01,2043-12-31,False,False,True,True,True,False,False,True,False,True,False,False,False,,,0.98,100_220_390_120_330_140_25,prediction_runs,,crop_MS_2043_100_25832_etrs89-utm32n.asc,,DroughtStressThreshold,0.5,1,
1012,True,fixed,auto,SM_sfix_hauto,sim_projection_avgyield.json,crop.json,,site.json,False,dwd_core_ensemble,dwd_core_ensemble/csvs_dwd_core_ensemble,MIROC-MIROC5,GERICS-REMO2015,rcp85,r1i1p1,v1,2043-01-01,2043-12-31,False,False,True,True,True,False,False,True,False,True,False,False,False,,,0.98,100_220_390_120_330_140_25,prediction_runs,,crop_MS_2043_100_25832_etrs89-utm32n.asc,,DroughtStressThreshold,0.5,1,
1013,True,fixed,auto,SM_sfix_hauto,sim_projection_avgyield.json,crop.json,,site.json,False,dwd_core_ensemble,dwd_core_ensemble/csvs_dwd_core_ensemble,MOHC-HadGEM2-ES,CLMcom-CCLM4-8-17,rcp45,r1i1p1,v1,2043-01-01,2043-12-31,False,False,True,True,True,False,False,True,False,True,False,False,False,,,0.98,100_220_390_120_330_140_25,prediction_runs,,crop_MS_2043_100_25832_etrs89-utm32n.asc,,DroughtStressThreshold,0.5,1,
1014,True,fixed,auto,SM_sfix_hauto,sim_projection_avgyield.json,crop.json,,site.json,False,dwd_core_ensemble,dwd_core_ensemble/csvs_dwd_core_ensemble,MOHC-HadGEM2-ES,CLMcom-CCLM4-8-17,rcp85,r1i1p1,v1,2043-01-01,2043-12-31,False,False,True,True,True,False,False,True,False,True,False,False,False,,,0.98,100_220_390_120_330_140_25,prediction_runs,,crop_MS_2043_100_25832_etrs89-utm32n.asc,,DroughtStressThreshold,0.5,1,
1015,True,fixed,auto,SM_sfix_hauto,sim_projection_avgyield.json,crop.json,,site.json,False,dwd_core_ensemble,dwd_core_ensemble/csvs_dwd_core_ensemble,MOHC-HadGEM2-ES,KNMI-RACMO22E,rcp26,r1i1p1,v2,2043-01-01,2043-12-31,False,False,True,True,True,False,False,True,False,True,False,False,False,,,0.98,100_220_390_120_330_140_25,prediction_runs,,crop_MS_2043_100_25832_etrs89-utm32n.asc,,DroughtStressThreshold,0.5,1,
1016,True,fixed,auto,SM_sfix_hauto,sim_projection_avgyield.json,crop.json,,site.json,False,dwd_core_ensemble,dwd_core_ensemble/csvs_dwd_core_ensemble,MPI-M-MPI-ESM-LR,MPI-CSC-REMO2009,rcp26,r2i1p1,v1,2043-01-01,2043-12-31,False,False,True,True,True,False,False,True,False,True,False,False,False,,,0.98,100_220_390_120_330_140_25,prediction_runs,,crop_MS_2043_100_25832_etrs89-utm32n.asc,,DroughtStressThreshold,0.5,1,
1017,True,fixed,auto,SM_sfix_hauto,sim_projection_avgyield.json,crop.json,,site.json,False,dwd_core_ensemble,dwd_core_ensemble/csvs_dwd_core_ensemble,MPI-M-MPI-ESM-LR,MPI-CSC-REMO2009,rcp45,r1i1p1,v1,2043-01-01,2043-12-31,False,False,True,True,True,False,False,True,False,True,False,False,False,,,0.98,100_220_390_120_330_140_25,prediction_runs,,crop_MS_2043_100_25832_etrs89-utm32n.asc,,DroughtStressThreshold,0.5,1,
1018,True,fixed,auto,SM_sfix_hauto,sim_projection_avgyield.json,crop.json,,site.json,False,dwd_core_ensemble,dwd_core_ensemble/csvs_dwd_core_ensemble,MPI-M-MPI-ESM-LR,MPI-CSC-REMO2009,rcp45,r2i1p1,v1,2043-01-01,2043-12-31,False,False,True,True,True,False,False,True,False,True,False,False,False,,,0.98,100_220_390_120_330_140_25,prediction_runs,,crop_MS_2043_100_25832_etrs89-utm32n.asc,,DroughtStressThreshold,0.5,1,
1019,True,fixed,auto,SM_sfix_hauto,sim_projection_avgyield.json,crop.json,,site.json,False,dwd_core_ensemble,dwd_core_ensemble/csvs_dwd_core_ensemble,MPI-M-MPI-ESM-LR,MPI-CSC-REMO2009,rcp85,r2i1p1,v1,2043-01-01,2043-12-31,False,False,True,True,True,False,False,True,False,True,False,False,False,,,0.98,100_220_390_120_330_140_25,prediction_runs,,crop_MS_2043_100_25832_etrs89-utm32n.asc,,DroughtStressThreshold,0.5,1,
1020,True,fixed,auto,SM_sfix_hauto,sim_projection_avgyield.json,crop.json,,site.json,False,dwd_core_ensemble,dwd_core_ensemble/csvs_dwd_core_ensemble,MPI-M-MPI-ESM-LR,UHOH-WRF361H,rcp85,r1i1p1,v1,2043-01-01,2043-12-31,False,False,True,True,True,False,False,True,False,True,False,False,False,,,0.98,100_220_390_120_330_140_25,prediction_runs,,crop_MS_2043_100_25832_etrs89-utm32n.asc,,DroughtStressThreshold,0.5,1,
1021,True,fixed,auto,SM_sfix_hauto,sim_projection_avgyield.json,crop.json,,site.json,False,dwd_core_ensemble,dwd_core_ensemble/csvs_dwd_core_ensemble,CCCma-CanESM2,CLMcom-CCLM4-8-17,rcp85,r1i1p1,v1,2044-01-01,2044-12-31,False,False,True,True,True,False,False,True,False,True,False,False,False,,,0.98,100_220_390_120_330_140_25,prediction_runs,,crop_MS_2044_100_25832_etrs89-utm32n.asc,,DroughtStressThreshold,0.5,1,
1022,True,fixed,auto,SM_sfix_hauto,sim_projection_avgyield.json,crop.json,,site.json,False,dwd_core_ensemble,dwd_core_ensemble/csvs_dwd_core_ensemble,ICHEC-EC-EARTH,CLMcom-CCLM4-8-17,rcp26,r12i1p1,v1,2044-01-01,2044-12-31,False,False,True,True,True,False,False,True,False,True,False,False,False,,,0.98,100_220_390_120_330_140_25,prediction_runs,,crop_MS_2044_100_25832_etrs89-utm32n.asc,,DroughtStressThreshold,0.5,1,
1023,True,fixed,auto,SM_sfix_hauto,sim_projection_avgyield.json,crop.json,,site.json,False,dwd_core_ensemble,dwd_core_ensemble/csvs_dwd_core_ensemble,ICHEC-EC-EARTH,KNMI-RACMO22E,rcp26,r12i1p1,v1,2044-01-01,2044-12-31,False,False,True,True,True,False,False,True,False,True,False,False,False,,,0.98,100_220_390_120_330_140_25,prediction_runs,,crop_MS_2044_100_25832_etrs89-utm32n.asc,,DroughtStressThreshold,0.5,1,
1024,True,fixed,auto,SM_sfix_hauto,sim_projection_avgyield.json,crop.json,,site.json,False,dwd_core_ensemble,dwd_core_ensemble/csvs_dwd_core_ensemble,ICHEC-EC-EARTH,KNMI-RACMO22E,rcp45,r1i1p1,v1,2044-01-01,2044-12-31,False,False,True,True,True,False,False,True,False,True,False,False,False,,,0.98,100_220_390_120_330_140_25,prediction_runs,,crop_MS_2044_100_25832_etrs89-utm32n.asc,,DroughtStressThreshold,0.5,1,
1025,True,fixed,auto,SM_sfix_hauto,sim_projection_avgyield.json,crop.json,,site.json,False,dwd_core_ensemble,dwd_core_ensemble/csvs_dwd_core_ensemble,ICHEC-EC-EARTH,KNMI-RACMO22E,rcp45,r12i1p1,v1,2044-01-01,2044-12-31,False,False,True,True,True,False,False,True,False,True,False,False,False,,,0.98,100_220_390_120_330_140_25,prediction_runs,,crop_MS_2044_100_25832_etrs89-utm32n.asc,,DroughtStressThreshold,0.5,1,
1026,True,fixed,auto,SM_sfix_hauto,sim_projection_avgyield.json,crop.json,,site.json,False,dwd_core_ensemble,dwd_core_ensemble/csvs_dwd_core_ensemble,ICHEC-EC-EARTH,KNMI-RACMO22E,rcp85,r1i1p1,v1,2044-01-01,2044-12-31,False,False,True,True,True,False,False,True,False,True,False,False,False,,,0.98,100_220_390_120_330_140_25,prediction_runs,,crop_MS_2044_100_25832_etrs89-utm32n.asc,,DroughtStressThreshold,0.5,1,
1027,True,fixed,auto,SM_sfix_hauto,sim_projection_avgyield.json,crop.json,,site.json,False,dwd_core_ensemble,dwd_core_ensemble/csvs_dwd_core_ensemble,ICHEC-EC-EARTH,SMHI-RCA4,rcp45,r12i1p1,v1,2044-01-01,2044-12-31,False,False,True,True,True,False,False,True,False,True,False,False,False,,,0.98,100_220_390_120_330_140_25,prediction_runs,,crop_MS_2044_100_25832_etrs89-utm32n.asc,,DroughtStressThreshold,0.5,1,
1028,True,fixed,auto,SM_sfix_hauto,sim_projection_avgyield.json,crop.json,,site.json,False,dwd_core_ensemble,dwd_core_ensemble/csvs_dwd_core_ensemble,MIROC-MIROC5,CLMcom-CCLM4-8-17,rcp26,r1i1p1,v1,2044-01-01,2044-12-31,False,False,True,True,True,False,False,True,False,True,False,False,False,,,0.98,100_220_390_120_330_140_25,prediction_runs,,crop_MS_2044_100_25832_etrs89-utm32n.asc,,DroughtStressThreshold,0.5,1,
1029,True,fixed,auto,SM_sfix_hauto,sim_projection_avgyield.json,crop.json,,site.json,False,dwd_core_ensemble,dwd_core_ensemble/csvs_dwd_core_ensemble,MIROC-MIROC5,GERICS-REMO2015,rcp85,r1i1p1,v1,2044-01-01,2044-12-31,False,False,True,True,True,False,False,True,False,True,False,False,False,,,0.98,100_220_390_120_330_140_25,prediction_runs,,crop_MS_2044_100_25832_etrs89-utm32n.asc,,DroughtStressThreshold,0.5,1,
1030,True,fixed,auto,SM_sfix_hauto,sim_projection_avgyield.json,crop.json,,site.json,False,dwd_core_ensemble,dwd_core_ensemble/csvs_dwd_core_ensemble,MOHC-HadGEM2-ES,CLMcom-CCLM4-8-17,rcp45,r1i1p1,v1,2044-01-01,2044-12-31,False,False,True,True,True,False,False,True,False,True,False,False,False,,,0.98,100_220_390_120_330_140_25,prediction_runs,,crop_MS_2044_100_25832_etrs89-utm32n.asc,,DroughtStressThreshold,0.5,1,
1031,True,fixed,auto,SM_sfix_hauto,sim_projection_avgyield.json,crop.json,,site.json,False,dwd_core_ensemble,dwd_core_ensemble/csvs_dwd_core_ensemble,MOHC-HadGEM2-ES,CLMcom-CCLM4-8-17,rcp85,r1i1p1,v1,2044-01-01,2044-12-31,False,False,True,True,True,False,False,True,False,True,False,False,False,,,0.98,100_220_390_120_330_140_25,prediction_runs,,crop_MS_2044_100_25832_etrs89-utm32n.asc,,DroughtStressThreshold,0.5,1,
1032,True,fixed,auto,SM_sfix_hauto,sim_projection_avgyield.json,crop.json,,site.json,False,dwd_core_ensemble,dwd_core_ensemble/csvs_dwd_core_ensemble,MOHC-HadGEM2-ES,KNMI-RACMO22E,rcp26,r1i1p1,v2,2044-01-01,2044-12-31,False,False,True,True,True,False,False,True,False,True,False,False,False,,,0.98,100_220_390_120_330_140_25,prediction_runs,,crop_MS_2044_100_25832_etrs89-utm32n.asc,,DroughtStressThreshold,0.5,1,
1033,True,fixed,auto,SM_sfix_hauto,sim_projection_avgyield.json,crop.json,,site.json,False,dwd_core_ensemble,dwd_core_ensemble/csvs_dwd_core_ensemble,MPI-M-MPI-ESM-LR,MPI-CSC-REMO2009,rcp26,r2i1p1,v1,2044-01-01,2044-12-31,False,False,True,True,True,False,False,True,False,True,False,False,False,,,0.98,100_220_390_120_330_140_25,prediction_runs,,crop_MS_2044_100_25832_etrs89-utm32n.asc,,DroughtStressThreshold,0.5,1,
1034,True,fixed,auto,SM_sfix_hauto,sim_projection_avgyield.json,crop.json,,site.json,False,dwd_core_ensemble,dwd_core_ensemble/csvs_dwd_core_ensemble,MPI-M-MPI-ESM-LR,MPI-CSC-REMO2009,rcp45,r1i1p1,v1,2044-01-01,2044-12-31,False,False,True,True,True,False,False,True,False,True,False,False,False,,,0.98,100_220_390_120_330_140_25,prediction_runs,,crop_MS_2044_100_25832_etrs89-utm32n.asc,,DroughtStressThreshold,0.5,1,
1035,True,fixed,auto,SM_sfix_hauto,sim_projection_avgyield.json,crop.json,,site.json,False,dwd_core_ensemble,dwd_core_ensemble/csvs_dwd_core_ensemble,MPI-M-MPI-ESM-LR,MPI-CSC-REMO2009,rcp45,r2i1p1,v1,2044-01-01,2044-12-31,False,False,True,True,True,False,False,True,False,True,False,False,False,,,0.98,100_220_390_120_330_140_25,prediction_runs,,crop_MS_2044_100_25832_etrs89-utm32n.asc,,DroughtStressThreshold,0.5,1,
1036,True,fixed,auto,SM_sfix_hauto,sim_projection_avgyield.json,crop.json,,site.json,False,dwd_core_ensemble,dwd_core_ensemble/csvs_dwd_core_ensemble,MPI-M-MPI-ESM-LR,MPI-CSC-REMO2009,rcp85,r2i1p1,v1,2044-01-01,2044-12-31,False,False,True,True,True,False,False,True,False,True,False,False,False,,,0.98,100_220_390_120_330_140_25,prediction_runs,,crop_MS_2044_100_25832_etrs89-utm32n.asc,,DroughtStressThreshold,0.5,1,
1037,True,fixed,auto,SM_sfix_hauto,sim_projection_avgyield.json,crop.json,,site.json,False,dwd_core_ensemble,dwd_core_ensemble/csvs_dwd_core_ensemble,MPI-M-MPI-ESM-LR,UHOH-WRF361H,rcp85,r1i1p1,v1,2044-01-01,2044-12-31,False,False,True,True,True,False,False,True,False,True,False,False,False,,,0.98,100_220_390_120_330_140_25,prediction_runs,,crop_MS_2044_100_25832_etrs89-utm32n.asc,,DroughtStressThreshold,0.5,1,
1038,True,fixed,auto,SM_sfix_hauto,sim_projection_avgyield.json,crop.json,,site.json,False,dwd_core_ensemble,dwd_core_ensemble/csvs_dwd_core_ensemble,CCCma-CanESM2,CLMcom-CCLM4-8-17,rcp85,r1i1p1,v1,2045-01-01,2045-12-31,False,False,True,True,True,False,False,True,False,True,False,False,False,,,0.98,100_220_390_120_330_140_25,prediction_runs,,crop_MS_2045_100_25832_etrs89-utm32n.asc,,DroughtStressThreshold,0.5,1,
1039,True,fixed,auto,SM_sfix_hauto,sim_projection_avgyield.json,crop.json,,site.json,False,dwd_core_ensemble,dwd_core_ensemble/csvs_dwd_core_ensemble,ICHEC-EC-EARTH,CLMcom-CCLM4-8-17,rcp26,r12i1p1,v1,2045-01-01,2045-12-31,False,False,True,True,True,False,False,True,False,True,False,False,False,,,0.98,100_220_390_120_330_140_25,prediction_runs,,crop_MS_2045_100_25832_etrs89-utm32n.asc,,DroughtStressThreshold,0.5,1,
1040,True,fixed,auto,SM_sfix_hauto,sim_projection_avgyield.json,crop.json,,site.json,False,dwd_core_ensemble,dwd_core_ensemble/csvs_dwd_core_ensemble,ICHEC-EC-EARTH,KNMI-RACMO22E,rcp26,r12i1p1,v1,2045-01-01,2045-12-31,False,False,True,True,True,False,False,True,False,True,False,False,False,,,0.98,100_220_390_120_330_140_25,prediction_runs,,crop_MS_2045_100_25832_etrs89-utm32n.asc,,DroughtStressThreshold,0.5,1,
1041,True,fixed,auto,SM_sfix_hauto,sim_projection_avgyield.json,crop.json,,site.json,False,dwd_core_ensemble,dwd_core_ensemble/csvs_dwd_core_ensemble,ICHEC-EC-EARTH,KNMI-RACMO22E,rcp45,r1i1p1,v1,2045-01-01,2045-12-31,False,False,True,True,True,False,False,True,False,True,False,False,False,,,0.98,100_220_390_120_330_140_25,prediction_runs,,crop_MS_2045_100_25832_etrs89-utm32n.asc,,DroughtStressThreshold,0.5,1,
1042,True,fixed,auto,SM_sfix_hauto,sim_projection_avgyield.json,crop.json,,site.json,False,dwd_core_ensemble,dwd_core_ensemble/csvs_dwd_core_ensemble,ICHEC-EC-EARTH,KNMI-RACMO22E,rcp45,r12i1p1,v1,2045-01-01,2045-12-31,False,False,True,True,True,False,False,True,False,True,False,False,False,,,0.98,100_220_390_120_330_140_25,prediction_runs,,crop_MS_2045_100_25832_etrs89-utm32n.asc,,DroughtStressThreshold,0.5,1,
1043,True,fixed,auto,SM_sfix_hauto,sim_projection_avgyield.json,crop.json,,site.json,False,dwd_core_ensemble,dwd_core_ensemble/csvs_dwd_core_ensemble,ICHEC-EC-EARTH,KNMI-RACMO22E,rcp85,r1i1p1,v1,2045-01-01,2045-12-31,False,False,True,True,True,False,False,True,False,True,False,False,False,,,0.98,100_220_390_120_330_140_25,prediction_runs,,crop_MS_2045_100_25832_etrs89-utm32n.asc,,DroughtStressThreshold,0.5,1,
1044,True,fixed,auto,SM_sfix_hauto,sim_projection_avgyield.json,crop.json,,site.json,False,dwd_core_ensemble,dwd_core_ensemble/csvs_dwd_core_ensemble,ICHEC-EC-EARTH,SMHI-RCA4,rcp45,r12i1p1,v1,2045-01-01,2045-12-31,False,False,True,True,True,False,False,True,False,True,False,False,False,,,0.98,100_220_390_120_330_140_25,prediction_runs,,crop_MS_2045_100_25832_etrs89-utm32n.asc,,DroughtStressThreshold,0.5,1,
1045,True,fixed,auto,SM_sfix_hauto,sim_projection_avgyield.json,crop.json,,site.json,False,dwd_core_ensemble,dwd_core_ensemble/csvs_dwd_core_ensemble,MIROC-MIROC5,CLMcom-CCLM4-8-17,rcp26,r1i1p1,v1,2045-01-01,2045-12-31,False,False,True,True,True,False,False,True,False,True,False,False,False,,,0.98,100_220_390_120_330_140_25,prediction_runs,,crop_MS_2045_100_25832_etrs89-utm32n.asc,,DroughtStressThreshold,0.5,1,
1046,True,fixed,auto,SM_sfix_hauto,sim_projection_avgyield.json,crop.json,,site.json,False,dwd_core_ensemble,dwd_core_ensemble/csvs_dwd_core_ensemble,MIROC-MIROC5,GERICS-REMO2015,rcp85,r1i1p1,v1,2045-01-01,2045-12-31,False,False,True,True,True,False,False,True,False,True,False,False,False,,,0.98,100_220_390_120_330_140_25,prediction_runs,,crop_MS_2045_100_25832_etrs89-utm32n.asc,,DroughtStressThreshold,0.5,1,
1047,True,fixed,auto,SM_sfix_hauto,sim_projection_avgyield.json,crop.json,,site.json,False,dwd_core_ensemble,dwd_core_ensemble/csvs_dwd_core_ensemble,MOHC-HadGEM2-ES,CLMcom-CCLM4-8-17,rcp45,r1i1p1,v1,2045-01-01,2045-12-31,False,False,True,True,True,False,False,True,False,True,False,False,False,,,0.98,100_220_390_120_330_140_25,prediction_runs,,crop_MS_2045_100_25832_etrs89-utm32n.asc,,DroughtStressThreshold,0.5,1,
1048,True,fixed,auto,SM_sfix_hauto,sim_projection_avgyield.json,crop.json,,site.json,False,dwd_core_ensemble,dwd_core_ensemble/csvs_dwd_core_ensemble,MOHC-HadGEM2-ES,CLMcom-CCLM4-8-17,rcp85,r1i1p1,v1,2045-01-01,2045-12-31,False,False,True,True,True,False,False,True,False,True,False,False,False,,,0.98,100_220_390_120_330_140_25,prediction_runs,,crop_MS_2045_100_25832_etrs89-utm32n.asc,,DroughtStressThreshold,0.5,1,
1049,True,fixed,auto,SM_sfix_hauto,sim_projection_avgyield.json,crop.json,,site.json,False,dwd_core_ensemble,dwd_core_ensemble/csvs_dwd_core_ensemble,MOHC-HadGEM2-ES,KNMI-RACMO22E,rcp26,r1i1p1,v2,2045-01-01,2045-12-31,False,False,True,True,True,False,False,True,False,True,False,False,False,,,0.98,100_220_390_120_330_140_25,prediction_runs,,crop_MS_2045_100_25832_etrs89-utm32n.asc,,DroughtStressThreshold,0.5,1,
1050,True,fixed,auto,SM_sfix_hauto,sim_projection_avgyield.json,crop.json,,site.json,False,dwd_core_ensemble,dwd_core_ensemble/csvs_dwd_core_ensemble,MPI-M-MPI-ESM-LR,MPI-CSC-REMO2009,rcp26,r2i1p1,v1,2045-01-01,2045-12-31,False,False,True,True,True,False,False,True,False,True,False,False,False,,,0.98,100_220_390_120_330_140_25,prediction_runs,,crop_MS_2045_100_25832_etrs89-utm32n.asc,,DroughtStressThreshold,0.5,1,
1051,True,fixed,auto,SM_sfix_hauto,sim_projection_avgyield.json,crop.json,,site.json,False,dwd_core_ensemble,dwd_core_ensemble/csvs_dwd_core_ensemble,MPI-M-MPI-ESM-LR,MPI-CSC-REMO2009,rcp45,r1i1p1,v1,2045-01-01,2045-12-31,False,False,True,True,True,False,False,True,False,True,False,False,False,,,0.98,100_220_390_120_330_140_25,prediction_runs,,crop_MS_2045_100_25832_etrs89-utm32n.asc,,DroughtStressThreshold,0.5,1,
1052,True,fixed,auto,SM_sfix_hauto,sim_projection_avgyield.json,crop.json,,site.json,False,dwd_core_ensemble,dwd_core_ensemble/csvs_dwd_core_ensemble,MPI-M-MPI-ESM-LR,MPI-CSC-REMO2009,rcp45,r2i1p1,v1,2045-01-01,2045-12-31,False,False,True,True,True,False,False,True,False,True,False,False,False,,,0.98,100_220_390_120_330_140_25,prediction_runs,,crop_MS_2045_100_25832_etrs89-utm32n.asc,,DroughtStressThreshold,0.5,1,
1053,True,fixed,auto,SM_sfix_hauto,sim_projection_avgyield.json,crop.json,,site.json,False,dwd_core_ensemble,dwd_core_ensemble/csvs_dwd_core_ensemble,MPI-M-MPI-ESM-LR,MPI-CSC-REMO2009,rcp85,r2i1p1,v1,2045-01-01,2045-12-31,False,False,True,True,True,False,False,True,False,True,False,False,False,,,0.98,100_220_390_120_330_140_25,prediction_runs,,crop_MS_2045_100_25832_etrs89-utm32n.asc,,DroughtStressThreshold,0.5,1,
1054,True,fixed,auto,SM_sfix_hauto,sim_projection_avgyield.json,crop.json,,site.json,False,dwd_core_ensemble,dwd_core_ensemble/csvs_dwd_core_ensemble,MPI-M-MPI-ESM-LR,UHOH-WRF361H,rcp85,r1i1p1,v1,2045-01-01,2045-12-31,False,False,True,True,True,False,False,True,False,True,False,False,False,,,0.98,100_220_390_120_330_140_25,prediction_runs,,crop_MS_2045_100_25832_etrs89-utm32n.asc,,DroughtStressThreshold,0.5,1,
1055,True,fixed,auto,SM_sfix_hauto,sim_projection_avgyield.json,crop.json,,site.json,False,dwd_core_ensemble,dwd_core_ensemble/csvs_dwd_core_ensemble,CCCma-CanESM2,CLMcom-CCLM4-8-17,rcp85,r1i1p1,v1,2046-01-01,2046-12-31,False,False,True,True,True,False,False,True,False,True,False,False,False,,,0.98,100_220_390_120_330_140_25,prediction_runs,,crop_MS_2046_100_25832_etrs89-utm32n.asc,,DroughtStressThreshold,0.5,1,
1056,True,fixed,auto,SM_sfix_hauto,sim_projection_avgyield.json,crop.json,,site.json,False,dwd_core_ensemble,dwd_core_ensemble/csvs_dwd_core_ensemble,ICHEC-EC-EARTH,CLMcom-CCLM4-8-17,rcp26,r12i1p1,v1,2046-01-01,2046-12-31,False,False,True,True,True,False,False,True,False,True,False,False,False,,,0.98,100_220_390_120_330_140_25,prediction_runs,,crop_MS_2046_100_25832_etrs89-utm32n.asc,,DroughtStressThreshold,0.5,1,
1057,True,fixed,auto,SM_sfix_hauto,sim_projection_avgyield.json,crop.json,,site.json,False,dwd_core_ensemble,dwd_core_ensemble/csvs_dwd_core_ensemble,ICHEC-EC-EARTH,KNMI-RACMO22E,rcp26,r12i1p1,v1,2046-01-01,2046-12-31,False,False,True,True,True,False,False,True,False,True,False,False,False,,,0.98,100_220_390_120_330_140_25,prediction_runs,,crop_MS_2046_100_25832_etrs89-utm32n.asc,,DroughtStressThreshold,0.5,1,
1058,True,fixed,auto,SM_sfix_hauto,sim_projection_avgyield.json,crop.json,,site.json,False,dwd_core_ensemble,dwd_core_ensemble/csvs_dwd_core_ensemble,ICHEC-EC-EARTH,KNMI-RACMO22E,rcp45,r1i1p1,v1,2046-01-01,2046-12-31,False,False,True,True,True,False,False,True,False,True,False,False,False,,,0.98,100_220_390_120_330_140_25,prediction_runs,,crop_MS_2046_100_25832_etrs89-utm32n.asc,,DroughtStressThreshold,0.5,1,
1059,True,fixed,auto,SM_sfix_hauto,sim_projection_avgyield.json,crop.json,,site.json,False,dwd_core_ensemble,dwd_core_ensemble/csvs_dwd_core_ensemble,ICHEC-EC-EARTH,KNMI-RACMO22E,rcp45,r12i1p1,v1,2046-01-01,2046-12-31,False,False,True,True,True,False,False,True,False,True,False,False,False,,,0.98,100_220_390_120_330_140_25,prediction_runs,,crop_MS_2046_100_25832_etrs89-utm32n.asc,,DroughtStressThreshold,0.5,1,
1060,True,fixed,auto,SM_sfix_hauto,sim_projection_avgyield.json,crop.json,,site.json,False,dwd_core_ensemble,dwd_core_ensemble/csvs_dwd_core_ensemble,ICHEC-EC-EARTH,KNMI-RACMO22E,rcp85,r1i1p1,v1,2046-01-01,2046-12-31,False,False,True,True,True,False,False,True,False,True,False,False,False,,,0.98,100_220_390_120_330_140_25,prediction_runs,,crop_MS_2046_100_25832_etrs89-utm32n.asc,,DroughtStressThreshold,0.5,1,
1061,True,fixed,auto,SM_sfix_hauto,sim_projection_avgyield.json,crop.json,,site.json,False,dwd_core_ensemble,dwd_core_ensemble/csvs_dwd_core_ensemble,ICHEC-EC-EARTH,SMHI-RCA4,rcp45,r12i1p1,v1,2046-01-01,2046-12-31,False,False,True,True,True,False,False,True,False,True,False,False,False,,,0.98,100_220_390_120_330_140_25,prediction_runs,,crop_MS_2046_100_25832_etrs89-utm32n.asc,,DroughtStressThreshold,0.5,1,
1062,True,fixed,auto,SM_sfix_hauto,sim_projection_avgyield.json,crop.json,,site.json,False,dwd_core_ensemble,dwd_core_ensemble/csvs_dwd_core_ensemble,MIROC-MIROC5,CLMcom-CCLM4-8-17,rcp26,r1i1p1,v1,2046-01-01,2046-12-31,False,False,True,True,True,False,False,True,False,True,False,False,False,,,0.98,100_220_390_120_330_140_25,prediction_runs,,crop_MS_2046_100_25832_etrs89-utm32n.asc,,DroughtStressThreshold,0.5,1,
1063,True,fixed,auto,SM_sfix_hauto,sim_projection_avgyield.json,crop.json,,site.json,False,dwd_core_ensemble,dwd_core_ensemble/csvs_dwd_core_ensemble,MIROC-MIROC5,GERICS-REMO2015,rcp85,r1i1p1,v1,2046-01-01,2046-12-31,False,False,True,True,True,False,False,True,False,True,False,False,False,,,0.98,100_220_390_120_330_140_25,prediction_runs,,crop_MS_2046_100_25832_etrs89-utm32n.asc,,DroughtStressThreshold,0.5,1,
1064,True,fixed,auto,SM_sfix_hauto,sim_projection_avgyield.json,crop.json,,site.json,False,dwd_core_ensemble,dwd_core_ensemble/csvs_dwd_core_ensemble,MOHC-HadGEM2-ES,CLMcom-CCLM4-8-17,rcp45,r1i1p1,v1,2046-01-01,2046-12-31,False,False,True,True,True,False,False,True,False,True,False,False,False,,,0.98,100_220_390_120_330_140_25,prediction_runs,,crop_MS_2046_100_25832_etrs89-utm32n.asc,,DroughtStressThreshold,0.5,1,
1065,True,fixed,auto,SM_sfix_hauto,sim_projection_avgyield.json,crop.json,,site.json,False,dwd_core_ensemble,dwd_core_ensemble/csvs_dwd_core_ensemble,MOHC-HadGEM2-ES,CLMcom-CCLM4-8-17,rcp85,r1i1p1,v1,2046-01-01,2046-12-31,False,False,True,True,True,False,False,True,False,True,False,False,False,,,0.98,100_220_390_120_330_140_25,prediction_runs,,crop_MS_2046_100_25832_etrs89-utm32n.asc,,DroughtStressThreshold,0.5,1,
1066,True,fixed,auto,SM_sfix_hauto,sim_projection_avgyield.json,crop.json,,site.json,False,dwd_core_ensemble,dwd_core_ensemble/csvs_dwd_core_ensemble,MOHC-HadGEM2-ES,KNMI-RACMO22E,rcp26,r1i1p1,v2,2046-01-01,2046-12-31,False,False,True,True,True,False,False,True,False,True,False,False,False,,,0.98,100_220_390_120_330_140_25,prediction_runs,,crop_MS_2046_100_25832_etrs89-utm32n.asc,,DroughtStressThreshold,0.5,1,
1067,True,fixed,auto,SM_sfix_hauto,sim_projection_avgyield.json,crop.json,,site.json,False,dwd_core_ensemble,dwd_core_ensemble/csvs_dwd_core_ensemble,MPI-M-MPI-ESM-LR,MPI-CSC-REMO2009,rcp26,r2i1p1,v1,2046-01-01,2046-12-31,False,False,True,True,True,False,False,True,False,True,False,False,False,,,0.98,100_220_390_120_330_140_25,prediction_runs,,crop_MS_2046_100_25832_etrs89-utm32n.asc,,DroughtStressThreshold,0.5,1,
1068,True,fixed,auto,SM_sfix_hauto,sim_projection_avgyield.json,crop.json,,site.json,False,dwd_core_ensemble,dwd_core_ensemble/csvs_dwd_core_ensemble,MPI-M-MPI-ESM-LR,MPI-CSC-REMO2009,rcp45,r1i1p1,v1,2046-01-01,2046-12-31,False,False,True,True,True,False,False,True,False,True,False,False,False,,,0.98,100_220_390_120_330_140_25,prediction_runs,,crop_MS_2046_100_25832_etrs89-utm32n.asc,,DroughtStressThreshold,0.5,1,
1069,True,fixed,auto,SM_sfix_hauto,sim_projection_avgyield.json,crop.json,,site.json,False,dwd_core_ensemble,dwd_core_ensemble/csvs_dwd_core_ensemble,MPI-M-MPI-ESM-LR,MPI-CSC-REMO2009,rcp45,r2i1p1,v1,2046-01-01,2046-12-31,False,False,True,True,True,False,False,True,False,True,False,False,False,,,0.98,100_220_390_120_330_140_25,prediction_runs,,crop_MS_2046_100_25832_etrs89-utm32n.asc,,DroughtStressThreshold,0.5,1,
1070,True,fixed,auto,SM_sfix_hauto,sim_projection_avgyield.json,crop.json,,site.json,False,dwd_core_ensemble,dwd_core_ensemble/csvs_dwd_core_ensemble,MPI-M-MPI-ESM-LR,MPI-CSC-REMO2009,rcp85,r2i1p1,v1,2046-01-01,2046-12-31,False,False,True,True,True,False,False,True,False,True,False,False,False,,,0.98,100_220_390_120_330_140_25,prediction_runs,,crop_MS_2046_100_25832_etrs89-utm32n.asc,,DroughtStressThreshold,0.5,1,
1071,True,fixed,auto,SM_sfix_hauto,sim_projection_avgyield.json,crop.json,,site.json,False,dwd_core_ensemble,dwd_core_ensemble/csvs_dwd_core_ensemble,MPI-M-MPI-ESM-LR,UHOH-WRF361H,rcp85,r1i1p1,v1,2046-01-01,2046-12-31,False,False,True,True,True,False,False,True,False,True,False,False,False,,,0.98,100_220_390_120_330_140_25,prediction_runs,,crop_MS_2046_100_25832_etrs89-utm32n.asc,,DroughtStressThreshold,0.5,1,
1072,True,fixed,auto,SM_sfix_hauto,sim_projection_avgyield.json,crop.json,,site.json,False,dwd_core_ensemble,dwd_core_ensemble/csvs_dwd_core_ensemble,CCCma-CanESM2,CLMcom-CCLM4-8-17,rcp85,r1i1p1,v1,2047-01-01,2047-12-31,False,False,True,True,True,False,False,True,False,True,False,False,False,,,0.98,100_220_390_120_330_140_25,prediction_runs,,crop_MS_2047_100_25832_etrs89-utm32n.asc,,DroughtStressThreshold,0.5,1,
1073,True,fixed,auto,SM_sfix_hauto,sim_projection_avgyield.json,crop.json,,site.json,False,dwd_core_ensemble,dwd_core_ensemble/csvs_dwd_core_ensemble,ICHEC-EC-EARTH,CLMcom-CCLM4-8-17,rcp26,r12i1p1,v1,2047-01-01,2047-12-31,False,False,True,True,True,False,False,True,False,True,False,False,False,,,0.98,100_220_390_120_330_140_25,prediction_runs,,crop_MS_2047_100_25832_etrs89-utm32n.asc,,DroughtStressThreshold,0.5,1,
1074,True,fixed,auto,SM_sfix_hauto,sim_projection_avgyield.json,crop.json,,site.json,False,dwd_core_ensemble,dwd_core_ensemble/csvs_dwd_core_ensemble,ICHEC-EC-EARTH,KNMI-RACMO22E,rcp26,r12i1p1,v1,2047-01-01,2047-12-31,False,False,True,True,True,False,False,True,False,True,False,False,False,,,0.98,100_220_390_120_330_140_25,prediction_runs,,crop_MS_2047_100_25832_etrs89-utm32n.asc,,DroughtStressThreshold,0.5,1,
1075,True,fixed,auto,SM_sfix_hauto,sim_projection_avgyield.json,crop.json,,site.json,False,dwd_core_ensemble,dwd_core_ensemble/csvs_dwd_core_ensemble,ICHEC-EC-EARTH,KNMI-RACMO22E,rcp45,r1i1p1,v1,2047-01-01,2047-12-31,False,False,True,True,True,False,False,True,False,True,False,False,False,,,0.98,100_220_390_120_330_140_25,prediction_runs,,crop_MS_2047_100_25832_etrs89-utm32n.asc,,DroughtStressThreshold,0.5,1,
1076,True,fixed,auto,SM_sfix_hauto,sim_projection_avgyield.json,crop.json,,site.json,False,dwd_core_ensemble,dwd_core_ensemble/csvs_dwd_core_ensemble,ICHEC-EC-EARTH,KNMI-RACMO22E,rcp45,r12i1p1,v1,2047-01-01,2047-12-31,False,False,True,True,True,False,False,True,False,True,False,False,False,,,0.98,100_220_390_120_330_140_25,prediction_runs,,crop_MS_2047_100_25832_etrs89-utm32n.asc,,DroughtStressThreshold,0.5,1,
1077,True,fixed,auto,SM_sfix_hauto,sim_projection_avgyield.json,crop.json,,site.json,False,dwd_core_ensemble,dwd_core_ensemble/csvs_dwd_core_ensemble,ICHEC-EC-EARTH,KNMI-RACMO22E,rcp85,r1i1p1,v1,2047-01-01,2047-12-31,False,False,True,True,True,False,False,True,False,True,False,False,False,,,0.98,100_220_390_120_330_140_25,prediction_runs,,crop_MS_2047_100_25832_etrs89-utm32n.asc,,DroughtStressThreshold,0.5,1,
1078,True,fixed,auto,SM_sfix_hauto,sim_projection_avgyield.json,crop.json,,site.json,False,dwd_core_ensemble,dwd_core_ensemble/csvs_dwd_core_ensemble,ICHEC-EC-EARTH,SMHI-RCA4,rcp45,r12i1p1,v1,2047-01-01,2047-12-31,False,False,True,True,True,False,False,True,False,True,False,False,False,,,0.98,100_220_390_120_330_140_25,prediction_runs,,crop_MS_2047_100_25832_etrs89-utm32n.asc,,DroughtStressThreshold,0.5,1,
1079,True,fixed,auto,SM_sfix_hauto,sim_projection_avgyield.json,crop.json,,site.json,False,dwd_core_ensemble,dwd_core_ensemble/csvs_dwd_core_ensemble,MIROC-MIROC5,CLMcom-CCLM4-8-17,rcp26,r1i1p1,v1,2047-01-01,2047-12-31,False,False,True,True,True,False,False,True,False,True,False,False,False,,,0.98,100_220_390_120_330_140_25,prediction_runs,,crop_MS_2047_100_25832_etrs89-utm32n.asc,,DroughtStressThreshold,0.5,1,
1080,True,fixed,auto,SM_sfix_hauto,sim_projection_avgyield.json,crop.json,,site.json,False,dwd_core_ensemble,dwd_core_ensemble/csvs_dwd_core_ensemble,MIROC-MIROC5,GERICS-REMO2015,rcp85,r1i1p1,v1,2047-01-01,2047-12-31,False,False,True,True,True,False,False,True,False,True,False,False,False,,,0.98,100_220_390_120_330_140_25,prediction_runs,,crop_MS_2047_100_25832_etrs89-utm32n.asc,,DroughtStressThreshold,0.5,1,
1081,True,fixed,auto,SM_sfix_hauto,sim_projection_avgyield.json,crop.json,,site.json,False,dwd_core_ensemble,dwd_core_ensemble/csvs_dwd_core_ensemble,MOHC-HadGEM2-ES,CLMcom-CCLM4-8-17,rcp45,r1i1p1,v1,2047-01-01,2047-12-31,False,False,True,True,True,False,False,True,False,True,False,False,False,,,0.98,100_220_390_120_330_140_25,prediction_runs,,crop_MS_2047_100_25832_etrs89-utm32n.asc,,DroughtStressThreshold,0.5,1,
1082,True,fixed,auto,SM_sfix_hauto,sim_projection_avgyield.json,crop.json,,site.json,False,dwd_core_ensemble,dwd_core_ensemble/csvs_dwd_core_ensemble,MOHC-HadGEM2-ES,CLMcom-CCLM4-8-17,rcp85,r1i1p1,v1,2047-01-01,2047-12-31,False,False,True,True,True,False,False,True,False,True,False,False,False,,,0.98,100_220_390_120_330_140_25,prediction_runs,,crop_MS_2047_100_25832_etrs89-utm32n.asc,,DroughtStressThreshold,0.5,1,
1083,True,fixed,auto,SM_sfix_hauto,sim_projection_avgyield.json,crop.json,,site.json,False,dwd_core_ensemble,dwd_core_ensemble/csvs_dwd_core_ensemble,MOHC-HadGEM2-ES,KNMI-RACMO22E,rcp26,r1i1p1,v2,2047-01-01,2047-12-31,False,False,True,True,True,False,False,True,False,True,False,False,False,,,0.98,100_220_390_120_330_140_25,prediction_runs,,crop_MS_2047_100_25832_etrs89-utm32n.asc,,DroughtStressThreshold,0.5,1,
1084,True,fixed,auto,SM_sfix_hauto,sim_projection_avgyield.json,crop.json,,site.json,False,dwd_core_ensemble,dwd_core_ensemble/csvs_dwd_core_ensemble,MPI-M-MPI-ESM-LR,MPI-CSC-REMO2009,rcp26,r2i1p1,v1,2047-01-01,2047-12-31,False,False,True,True,True,False,False,True,False,True,False,False,False,,,0.98,100_220_390_120_330_140_25,prediction_runs,,crop_MS_2047_100_25832_etrs89-utm32n.asc,,DroughtStressThreshold,0.5,1,
1085,True,fixed,auto,SM_sfix_hauto,sim_projection_avgyield.json,crop.json,,site.json,False,dwd_core_ensemble,dwd_core_ensemble/csvs_dwd_core_ensemble,MPI-M-MPI-ESM-LR,MPI-CSC-REMO2009,rcp45,r1i1p1,v1,2047-01-01,2047-12-31,False,False,True,True,True,False,False,True,False,True,False,False,False,,,0.98,100_220_390_120_330_140_25,prediction_runs,,crop_MS_2047_100_25832_etrs89-utm32n.asc,,DroughtStressThreshold,0.5,1,
1086,True,fixed,auto,SM_sfix_hauto,sim_projection_avgyield.json,crop.json,,site.json,False,dwd_core_ensemble,dwd_core_ensemble/csvs_dwd_core_ensemble,MPI-M-MPI-ESM-LR,MPI-CSC-REMO2009,rcp45,r2i1p1,v1,2047-01-01,2047-12-31,False,False,True,True,True,False,False,True,False,True,False,False,False,,,0.98,100_220_390_120_330_140_25,prediction_runs,,crop_MS_2047_100_25832_etrs89-utm32n.asc,,DroughtStressThreshold,0.5,1,
1087,True,fixed,auto,SM_sfix_hauto,sim_projection_avgyield.json,crop.json,,site.json,False,dwd_core_ensemble,dwd_core_ensemble/csvs_dwd_core_ensemble,MPI-M-MPI-ESM-LR,MPI-CSC-REMO2009,rcp85,r2i1p1,v1,2047-01-01,2047-12-31,False,False,True,True,True,False,False,True,False,True,False,False,False,,,0.98,100_220_390_120_330_140_25,prediction_runs,,crop_MS_2047_100_25832_etrs89-utm32n.asc,,DroughtStressThreshold,0.5,1,
1088,True,fixed,auto,SM_sfix_hauto,sim_projection_avgyield.json,crop.json,,site.json,False,dwd_core_ensemble,dwd_core_ensemble/csvs_dwd_core_ensemble,MPI-M-MPI-ESM-LR,UHOH-WRF361H,rcp85,r1i1p1,v1,2047-01-01,2047-12-31,False,False,True,True,True,False,False,True,False,True,False,False,False,,,0.98,100_220_390_120_330_140_25,prediction_runs,,crop_MS_2047_100_25832_etrs89-utm32n.asc,,DroughtStressThreshold,0.5,1,
1089,True,fixed,auto,SM_sfix_hauto,sim_projection_avgyield.json,crop.json,,site.json,False,dwd_core_ensemble,dwd_core_ensemble/csvs_dwd_core_ensemble,CCCma-CanESM2,CLMcom-CCLM4-8-17,rcp85,r1i1p1,v1,2048-01-01,2048-12-31,False,False,True,True,True,False,False,True,False,True,False,False,False,,,0.98,100_220_390_120_330_140_25,prediction_runs,,crop_MS_2048_100_25832_etrs89-utm32n.asc,,DroughtStressThreshold,0.5,1,
1090,True,fixed,auto,SM_sfix_hauto,sim_projection_avgyield.json,crop.json,,site.json,False,dwd_core_ensemble,dwd_core_ensemble/csvs_dwd_core_ensemble,ICHEC-EC-EARTH,CLMcom-CCLM4-8-17,rcp26,r12i1p1,v1,2048-01-01,2048-12-31,False,False,True,True,True,False,False,True,False,True,False,False,False,,,0.98,100_220_390_120_330_140_25,prediction_runs,,crop_MS_2048_100_25832_etrs89-utm32n.asc,,DroughtStressThreshold,0.5,1,
1091,True,fixed,auto,SM_sfix_hauto,sim_projection_avgyield.json,crop.json,,site.json,False,dwd_core_ensemble,dwd_core_ensemble/csvs_dwd_core_ensemble,ICHEC-EC-EARTH,KNMI-RACMO22E,rcp26,r12i1p1,v1,2048-01-01,2048-12-31,False,False,True,True,True,False,False,True,False,True,False,False,False,,,0.98,100_220_390_120_330_140_25,prediction_runs,,crop_MS_2048_100_25832_etrs89-utm32n.asc,,DroughtStressThreshold,0.5,1,
1092,True,fixed,auto,SM_sfix_hauto,sim_projection_avgyield.json,crop.json,,site.json,False,dwd_core_ensemble,dwd_core_ensemble/csvs_dwd_core_ensemble,ICHEC-EC-EARTH,KNMI-RACMO22E,rcp45,r1i1p1,v1,2048-01-01,2048-12-31,False,False,True,True,True,False,False,True,False,True,False,False,False,,,0.98,100_220_390_120_330_140_25,prediction_runs,,crop_MS_2048_100_25832_etrs89-utm32n.asc,,DroughtStressThreshold,0.5,1,
1093,True,fixed,auto,SM_sfix_hauto,sim_projection_avgyield.json,crop.json,,site.json,False,dwd_core_ensemble,dwd_core_ensemble/csvs_dwd_core_ensemble,ICHEC-EC-EARTH,KNMI-RACMO22E,rcp45,r12i1p1,v1,2048-01-01,2048-12-31,False,False,True,True,True,False,False,True,False,True,False,False,False,,,0.98,100_220_390_120_330_140_25,prediction_runs,,crop_MS_2048_100_25832_etrs89-utm32n.asc,,DroughtStressThreshold,0.5,1,
1094,True,fixed,auto,SM_sfix_hauto,sim_projection_avgyield.json,crop.json,,site.json,False,dwd_core_ensemble,dwd_core_ensemble/csvs_dwd_core_ensemble,ICHEC-EC-EARTH,KNMI-RACMO22E,rcp85,r1i1p1,v1,2048-01-01,2048-12-31,False,False,True,True,True,False,False,True,False,True,False,False,False,,,0.98,100_220_390_120_330_140_25,prediction_runs,,crop_MS_2048_100_25832_etrs89-utm32n.asc,,DroughtStressThreshold,0.5,1,
1095,True,fixed,auto,SM_sfix_hauto,sim_projection_avgyield.json,crop.json,,site.json,False,dwd_core_ensemble,dwd_core_ensemble/csvs_dwd_core_ensemble,ICHEC-EC-EARTH,SMHI-RCA4,rcp45,r12i1p1,v1,2048-01-01,2048-12-31,False,False,True,True,True,False,False,True,False,True,False,False,False,,,0.98,100_220_390_120_330_140_25,prediction_runs,,crop_MS_2048_100_25832_etrs89-utm32n.asc,,DroughtStressThreshold,0.5,1,
1096,True,fixed,auto,SM_sfix_hauto,sim_projection_avgyield.json,crop.json,,site.json,False,dwd_core_ensemble,dwd_core_ensemble/csvs_dwd_core_ensemble,MIROC-MIROC5,CLMcom-CCLM4-8-17,rcp26,r1i1p1,v1,2048-01-01,2048-12-31,False,False,True,True,True,False,False,True,False,True,False,False,False,,,0.98,100_220_390_120_330_140_25,prediction_runs,,crop_MS_2048_100_25832_etrs89-utm32n.asc,,DroughtStressThreshold,0.5,1,
1097,True,fixed,auto,SM_sfix_hauto,sim_projection_avgyield.json,crop.json,,site.json,False,dwd_core_ensemble,dwd_core_ensemble/csvs_dwd_core_ensemble,MIROC-MIROC5,GERICS-REMO2015,rcp85,r1i1p1,v1,2048-01-01,2048-12-31,False,False,True,True,True,False,False,True,False,True,False,False,False,,,0.98,100_220_390_120_330_140_25,prediction_runs,,crop_MS_2048_100_25832_etrs89-utm32n.asc,,DroughtStressThreshold,0.5,1,
1098,True,fixed,auto,SM_sfix_hauto,sim_projection_avgyield.json,crop.json,,site.json,False,dwd_core_ensemble,dwd_core_ensemble/csvs_dwd_core_ensemble,MOHC-HadGEM2-ES,CLMcom-CCLM4-8-17,rcp45,r1i1p1,v1,2048-01-01,2048-12-31,False,False,True,True,True,False,False,True,False,True,False,False,False,,,0.98,100_220_390_120_330_140_25,prediction_runs,,crop_MS_2048_100_25832_etrs89-utm32n.asc,,DroughtStressThreshold,0.5,1,
1099,True,fixed,auto,SM_sfix_hauto,sim_projection_avgyield.json,crop.json,,site.json,False,dwd_core_ensemble,dwd_core_ensemble/csvs_dwd_core_ensemble,MOHC-HadGEM2-ES,CLMcom-CCLM4-8-17,rcp85,r1i1p1,v1,2048-01-01,2048-12-31,False,False,True,True,True,False,False,True,False,True,False,False,False,,,0.98,100_220_390_120_330_140_25,prediction_runs,,crop_MS_2048_100_25832_etrs89-utm32n.asc,,DroughtStressThreshold,0.5,1,
1100,True,fixed,auto,SM_sfix_hauto,sim_projection_avgyield.json,crop.json,,site.json,False,dwd_core_ensemble,dwd_core_ensemble/csvs_dwd_core_ensemble,MOHC-HadGEM2-ES,KNMI-RACMO22E,rcp26,r1i1p1,v2,2048-01-01,2048-12-31,False,False,True,True,True,False,False,True,False,True,False,False,False,,,0.98,100_220_390_120_330_140_25,prediction_runs,,crop_MS_2048_100_25832_etrs89-utm32n.asc,,DroughtStressThreshold,0.5,1,
1101,True,fixed,auto,SM_sfix_hauto,sim_projection_avgyield.json,crop.json,,site.json,False,dwd_core_ensemble,dwd_core_ensemble/csvs_dwd_core_ensemble,MPI-M-MPI-ESM-LR,MPI-CSC-REMO2009,rcp26,r2i1p1,v1,2048-01-01,2048-12-31,False,False,True,True,True,False,False,True,False,True,False,False,False,,,0.98,100_220_390_120_330_140_25,prediction_runs,,crop_MS_2048_100_25832_etrs89-utm32n.asc,,DroughtStressThreshold,0.5,1,
1102,True,fixed,auto,SM_sfix_hauto,sim_projection_avgyield.json,crop.json,,site.json,False,dwd_core_ensemble,dwd_core_ensemble/csvs_dwd_core_ensemble,MPI-M-MPI-ESM-LR,MPI-CSC-REMO2009,rcp45,r1i1p1,v1,2048-01-01,2048-12-31,False,False,True,True,True,False,False,True,False,True,False,False,False,,,0.98,100_220_390_120_330_140_25,prediction_runs,,crop_MS_2048_100_25832_etrs89-utm32n.asc,,DroughtStressThreshold,0.5,1,
1103,True,fixed,auto,SM_sfix_hauto,sim_projection_avgyield.json,crop.json,,site.json,False,dwd_core_ensemble,dwd_core_ensemble/csvs_dwd_core_ensemble,MPI-M-MPI-ESM-LR,MPI-CSC-REMO2009,rcp45,r2i1p1,v1,2048-01-01,2048-12-31,False,False,True,True,True,False,False,True,False,True,False,False,False,,,0.98,100_220_390_120_330_140_25,prediction_runs,,crop_MS_2048_100_25832_etrs89-utm32n.asc,,DroughtStressThreshold,0.5,1,
1104,True,fixed,auto,SM_sfix_hauto,sim_projection_avgyield.json,crop.json,,site.json,False,dwd_core_ensemble,dwd_core_ensemble/csvs_dwd_core_ensemble,MPI-M-MPI-ESM-LR,MPI-CSC-REMO2009,rcp85,r2i1p1,v1,2048-01-01,2048-12-31,False,False,True,True,True,False,False,True,False,True,False,False,False,,,0.98,100_220_390_120_330_140_25,prediction_runs,,crop_MS_2048_100_25832_etrs89-utm32n.asc,,DroughtStressThreshold,0.5,1,
1105,True,fixed,auto,SM_sfix_hauto,sim_projection_avgyield.json,crop.json,,site.json,False,dwd_core_ensemble,dwd_core_ensemble/csvs_dwd_core_ensemble,MPI-M-MPI-ESM-LR,UHOH-WRF361H,rcp85,r1i1p1,v1,2048-01-01,2048-12-31,False,False,True,True,True,False,False,True,False,True,False,False,False,,,0.98,100_220_390_120_330_140_25,prediction_runs,,crop_MS_2048_100_25832_etrs89-utm32n.asc,,DroughtStressThreshold,0.5,1,
1106,True,fixed,auto,SM_sfix_hauto,sim_projection_avgyield.json,crop.json,,site.json,False,dwd_core_ensemble,dwd_core_ensemble/csvs_dwd_core_ensemble,CCCma-CanESM2,CLMcom-CCLM4-8-17,rcp85,r1i1p1,v1,2049-01-01,2049-12-31,False,False,True,True,True,False,False,True,False,True,False,False,False,,,0.98,100_220_390_120_330_140_25,prediction_runs,,crop_MS_2049_100_25832_etrs89-utm32n.asc,,DroughtStressThreshold,0.5,1,
1107,True,fixed,auto,SM_sfix_hauto,sim_projection_avgyield.json,crop.json,,site.json,False,dwd_core_ensemble,dwd_core_ensemble/csvs_dwd_core_ensemble,ICHEC-EC-EARTH,CLMcom-CCLM4-8-17,rcp26,r12i1p1,v1,2049-01-01,2049-12-31,False,False,True,True,True,False,False,True,False,True,False,False,False,,,0.98,100_220_390_120_330_140_25,prediction_runs,,crop_MS_2049_100_25832_etrs89-utm32n.asc,,DroughtStressThreshold,0.5,1,
1108,True,fixed,auto,SM_sfix_hauto,sim_projection_avgyield.json,crop.json,,site.json,False,dwd_core_ensemble,dwd_core_ensemble/csvs_dwd_core_ensemble,ICHEC-EC-EARTH,KNMI-RACMO22E,rcp26,r12i1p1,v1,2049-01-01,2049-12-31,False,False,True,True,True,False,False,True,False,True,False,False,False,,,0.98,100_220_390_120_330_140_25,prediction_runs,,crop_MS_2049_100_25832_etrs89-utm32n.asc,,DroughtStressThreshold,0.5,1,
1109,True,fixed,auto,SM_sfix_hauto,sim_projection_avgyield.json,crop.json,,site.json,False,dwd_core_ensemble,dwd_core_ensemble/csvs_dwd_core_ensemble,ICHEC-EC-EARTH,KNMI-RACMO22E,rcp45,r1i1p1,v1,2049-01-01,2049-12-31,False,False,True,True,True,False,False,True,False,True,False,False,False,,,0.98,100_220_390_120_330_140_25,prediction_runs,,crop_MS_2049_100_25832_etrs89-utm32n.asc,,DroughtStressThreshold,0.5,1,
1110,True,fixed,auto,SM_sfix_hauto,sim_projection_avgyield.json,crop.json,,site.json,False,dwd_core_ensemble,dwd_core_ensemble/csvs_dwd_core_ensemble,ICHEC-EC-EARTH,KNMI-RACMO22E,rcp45,r12i1p1,v1,2049-01-01,2049-12-31,False,False,True,True,True,False,False,True,False,True,False,False,False,,,0.98,100_220_390_120_330_140_25,prediction_runs,,crop_MS_2049_100_25832_etrs89-utm32n.asc,,DroughtStressThreshold,0.5,1,
1111,True,fixed,auto,SM_sfix_hauto,sim_projection_avgyield.json,crop.json,,site.json,False,dwd_core_ensemble,dwd_core_ensemble/csvs_dwd_core_ensemble,ICHEC-EC-EARTH,KNMI-RACMO22E,rcp85,r1i1p1,v1,2049-01-01,2049-12-31,False,False,True,True,True,False,False,True,False,True,False,False,False,,,0.98,100_220_390_120_330_140_25,prediction_runs,,crop_MS_2049_100_25832_etrs89-utm32n.asc,,DroughtStressThreshold,0.5,1,
1112,True,fixed,auto,SM_sfix_hauto,sim_projection_avgyield.json,crop.json,,site.json,False,dwd_core_ensemble,dwd_core_ensemble/csvs_dwd_core_ensemble,ICHEC-EC-EARTH,SMHI-RCA4,rcp45,r12i1p1,v1,2049-01-01,2049-12-31,False,False,True,True,True,False,False,True,False,True,False,False,False,,,0.98,100_220_390_120_330_140_25,prediction_runs,,crop_MS_2049_100_25832_etrs89-utm32n.asc,,DroughtStressThreshold,0.5,1,
1113,True,fixed,auto,SM_sfix_hauto,sim_projection_avgyield.json,crop.json,,site.json,False,dwd_core_ensemble,dwd_core_ensemble/csvs_dwd_core_ensemble,MIROC-MIROC5,CLMcom-CCLM4-8-17,rcp26,r1i1p1,v1,2049-01-01,2049-12-31,False,False,True,True,True,False,False,True,False,True,False,False,False,,,0.98,100_220_390_120_330_140_25,prediction_runs,,crop_MS_2049_100_25832_etrs89-utm32n.asc,,DroughtStressThreshold,0.5,1,
1114,True,fixed,auto,SM_sfix_hauto,sim_projection_avgyield.json,crop.json,,site.json,False,dwd_core_ensemble,dwd_core_ensemble/csvs_dwd_core_ensemble,MIROC-MIROC5,GERICS-REMO2015,rcp85,r1i1p1,v1,2049-01-01,2049-12-31,False,False,True,True,True,False,False,True,False,True,False,False,False,,,0.98,100_220_390_120_330_140_25,prediction_runs,,crop_MS_2049_100_25832_etrs89-utm32n.asc,,DroughtStressThreshold,0.5,1,
1115,True,fixed,auto,SM_sfix_hauto,sim_projection_avgyield.json,crop.json,,site.json,False,dwd_core_ensemble,dwd_core_ensemble/csvs_dwd_core_ensemble,MOHC-HadGEM2-ES,CLMcom-CCLM4-8-17,rcp45,r1i1p1,v1,2049-01-01,2049-12-31,False,False,True,True,True,False,False,True,False,True,False,False,False,,,0.98,100_220_390_120_330_140_25,prediction_runs,,crop_MS_2049_100_25832_etrs89-utm32n.asc,,DroughtStressThreshold,0.5,1,
1116,True,fixed,auto,SM_sfix_hauto,sim_projection_avgyield.json,crop.json,,site.json,False,dwd_core_ensemble,dwd_core_ensemble/csvs_dwd_core_ensemble,MOHC-HadGEM2-ES,CLMcom-CCLM4-8-17,rcp85,r1i1p1,v1,2049-01-01,2049-12-31,False,False,True,True,True,False,False,True,False,True,False,False,False,,,0.98,100_220_390_120_330_140_25,prediction_runs,,crop_MS_2049_100_25832_etrs89-utm32n.asc,,DroughtStressThreshold,0.5,1,
1117,True,fixed,auto,SM_sfix_hauto,sim_projection_avgyield.json,crop.json,,site.json,False,dwd_core_ensemble,dwd_core_ensemble/csvs_dwd_core_ensemble,MOHC-HadGEM2-ES,KNMI-RACMO22E,rcp26,r1i1p1,v2,2049-01-01,2049-12-31,False,False,True,True,True,False,False,True,False,True,False,False,False,,,0.98,100_220_390_120_330_140_25,prediction_runs,,crop_MS_2049_100_25832_etrs89-utm32n.asc,,DroughtStressThreshold,0.5,1,
1118,True,fixed,auto,SM_sfix_hauto,sim_projection_avgyield.json,crop.json,,site.json,False,dwd_core_ensemble,dwd_core_ensemble/csvs_dwd_core_ensemble,MPI-M-MPI-ESM-LR,MPI-CSC-REMO2009,rcp26,r2i1p1,v1,2049-01-01,2049-12-31,False,False,True,True,True,False,False,True,False,True,False,False,False,,,0.98,100_220_390_120_330_140_25,prediction_runs,,crop_MS_2049_100_25832_etrs89-utm32n.asc,,DroughtStressThreshold,0.5,1,
1119,True,fixed,auto,SM_sfix_hauto,sim_projection_avgyield.json,crop.json,,site.json,False,dwd_core_ensemble,dwd_core_ensemble/csvs_dwd_core_ensemble,MPI-M-MPI-ESM-LR,MPI-CSC-REMO2009,rcp45,r1i1p1,v1,2049-01-01,2049-12-31,False,False,True,True,True,False,False,True,False,True,False,False,False,,,0.98,100_220_390_120_330_140_25,prediction_runs,,crop_MS_2049_100_25832_etrs89-utm32n.asc,,DroughtStressThreshold,0.5,1,
1120,True,fixed,auto,SM_sfix_hauto,sim_projection_avgyield.json,crop.json,,site.json,False,dwd_core_ensemble,dwd_core_ensemble/csvs_dwd_core_ensemble,MPI-M-MPI-ESM-LR,MPI-CSC-REMO2009,rcp45,r2i1p1,v1,2049-01-01,2049-12-31,False,False,True,True,True,False,False,True,False,True,False,False,False,,,0.98,100_220_390_120_330_140_25,prediction_runs,,crop_MS_2049_100_25832_etrs89-utm32n.asc,,DroughtStressThreshold,0.5,1,
1121,True,fixed,auto,SM_sfix_hauto,sim_projection_avgyield.json,crop.json,,site.json,False,dwd_core_ensemble,dwd_core_ensemble/csvs_dwd_core_ensemble,MPI-M-MPI-ESM-LR,MPI-CSC-REMO2009,rcp85,r2i1p1,v1,2049-01-01,2049-12-31,False,False,True,True,True,False,False,True,False,True,False,False,False,,,0.98,100_220_390_120_330_140_25,prediction_runs,,crop_MS_2049_100_25832_etrs89-utm32n.asc,,DroughtStressThreshold,0.5,1,
1122,True,fixed,auto,SM_sfix_hauto,sim_projection_avgyield.json,crop.json,,site.json,False,dwd_core_ensemble,dwd_core_ensemble/csvs_dwd_core_ensemble,MPI-M-MPI-ESM-LR,UHOH-WRF361H,rcp85,r1i1p1,v1,2049-01-01,2049-12-31,False,False,True,True,True,False,False,True,False,True,False,False,False,,,0.98,100_220_390_120_330_140_25,prediction_runs,,crop_MS_2049_100_25832_etrs89-utm32n.asc,,DroughtStressThreshold,0.5,1,
1123,True,fixed,auto,SM_sfix_hauto,sim_projection_avgyield.json,crop.json,,site.json,False,dwd_core_ensemble,dwd_core_ensemble/csvs_dwd_core_ensemble,CCCma-CanESM2,CLMcom-CCLM4-8-17,rcp85,r1i1p1,v1,2050-01-01,2050-12-31,False,False,True,True,True,False,False,True,False,True,False,False,False,,,0.98,100_220_390_120_330_140_25,prediction_runs,,crop_MS_2050_100_25832_etrs89-utm32n.asc,,DroughtStressThreshold,0.5,1,
1124,True,fixed,auto,SM_sfix_hauto,sim_projection_avgyield.json,crop.json,,site.json,False,dwd_core_ensemble,dwd_core_ensemble/csvs_dwd_core_ensemble,ICHEC-EC-EARTH,CLMcom-CCLM4-8-17,rcp26,r12i1p1,v1,2050-01-01,2050-12-31,False,False,True,True,True,False,False,True,False,True,False,False,False,,,0.98,100_220_390_120_330_140_25,prediction_runs,,crop_MS_2050_100_25832_etrs89-utm32n.asc,,DroughtStressThreshold,0.5,1,
1125,True,fixed,auto,SM_sfix_hauto,sim_projection_avgyield.json,crop.json,,site.json,False,dwd_core_ensemble,dwd_core_ensemble/csvs_dwd_core_ensemble,ICHEC-EC-EARTH,KNMI-RACMO22E,rcp26,r12i1p1,v1,2050-01-01,2050-12-31,False,False,True,True,True,False,False,True,False,True,False,False,False,,,0.98,100_220_390_120_330_140_25,prediction_runs,,crop_MS_2050_100_25832_etrs89-utm32n.asc,,DroughtStressThreshold,0.5,1,
1126,True,fixed,auto,SM_sfix_hauto,sim_projection_avgyield.json,crop.json,,site.json,False,dwd_core_ensemble,dwd_core_ensemble/csvs_dwd_core_ensemble,ICHEC-EC-EARTH,KNMI-RACMO22E,rcp45,r1i1p1,v1,2050-01-01,2050-12-31,False,False,True,True,True,False,False,True,False,True,False,False,False,,,0.98,100_220_390_120_330_140_25,prediction_runs,,crop_MS_2050_100_25832_etrs89-utm32n.asc,,DroughtStressThreshold,0.5,1,
1127,True,fixed,auto,SM_sfix_hauto,sim_projection_avgyield.json,crop.json,,site.json,False,dwd_core_ensemble,dwd_core_ensemble/csvs_dwd_core_ensemble,ICHEC-EC-EARTH,KNMI-RACMO22E,rcp45,r12i1p1,v1,2050-01-01,2050-12-31,False,False,True,True,True,False,False,True,False,True,False,False,False,,,0.98,100_220_390_120_330_140_25,prediction_runs,,crop_MS_2050_100_25832_etrs89-utm32n.asc,,DroughtStressThreshold,0.5,1,
1128,True,fixed,auto,SM_sfix_hauto,sim_projection_avgyield.json,crop.json,,site.json,False,dwd_core_ensemble,dwd_core_ensemble/csvs_dwd_core_ensemble,ICHEC-EC-EARTH,KNMI-RACMO22E,rcp85,r1i1p1,v1,2050-01-01,2050-12-31,False,False,True,True,True,False,False,True,False,True,False,False,False,,,0.98,100_220_390_120_330_140_25,prediction_runs,,crop_MS_2050_100_25832_etrs89-utm32n.asc,,DroughtStressThreshold,0.5,1,
1129,True,fixed,auto,SM_sfix_hauto,sim_projection_avgyield.json,crop.json,,site.json,False,dwd_core_ensemble,dwd_core_ensemble/csvs_dwd_core_ensemble,ICHEC-EC-EARTH,SMHI-RCA4,rcp45,r12i1p1,v1,2050-01-01,2050-12-31,False,False,True,True,True,False,False,True,False,True,False,False,False,,,0.98,100_220_390_120_330_140_25,prediction_runs,,crop_MS_2050_100_25832_etrs89-utm32n.asc,,DroughtStressThreshold,0.5,1,
1130,True,fixed,auto,SM_sfix_hauto,sim_projection_avgyield.json,crop.json,,site.json,False,dwd_core_ensemble,dwd_core_ensemble/csvs_dwd_core_ensemble,MIROC-MIROC5,CLMcom-CCLM4-8-17,rcp26,r1i1p1,v1,2050-01-01,2050-12-31,False,False,True,True,True,False,False,True,False,True,False,False,False,,,0.98,100_220_390_120_330_140_25,prediction_runs,,crop_MS_2050_100_25832_etrs89-utm32n.asc,,DroughtStressThreshold,0.5,1,
1131,True,fixed,auto,SM_sfix_hauto,sim_projection_avgyield.json,crop.json,,site.json,False,dwd_core_ensemble,dwd_core_ensemble/csvs_dwd_core_ensemble,MIROC-MIROC5,GERICS-REMO2015,rcp85,r1i1p1,v1,2050-01-01,2050-12-31,False,False,True,True,True,False,False,True,False,True,False,False,False,,,0.98,100_220_390_120_330_140_25,prediction_runs,,crop_MS_2050_100_25832_etrs89-utm32n.asc,,DroughtStressThreshold,0.5,1,
1132,True,fixed,auto,SM_sfix_hauto,sim_projection_avgyield.json,crop.json,,site.json,False,dwd_core_ensemble,dwd_core_ensemble/csvs_dwd_core_ensemble,MOHC-HadGEM2-ES,CLMcom-CCLM4-8-17,rcp45,r1i1p1,v1,2050-01-01,2050-12-31,False,False,True,True,True,False,False,True,False,True,False,False,False,,,0.98,100_220_390_120_330_140_25,prediction_runs,,crop_MS_2050_100_25832_etrs89-utm32n.asc,,DroughtStressThreshold,0.5,1,
1133,True,fixed,auto,SM_sfix_hauto,sim_projection_avgyield.json,crop.json,,site.json,False,dwd_core_ensemble,dwd_core_ensemble/csvs_dwd_core_ensemble,MOHC-HadGEM2-ES,CLMcom-CCLM4-8-17,rcp85,r1i1p1,v1,2050-01-01,2050-12-31,False,False,True,True,True,False,False,True,False,True,False,False,False,,,0.98,100_220_390_120_330_140_25,prediction_runs,,crop_MS_2050_100_25832_etrs89-utm32n.asc,,DroughtStressThreshold,0.5,1,
1134,True,fixed,auto,SM_sfix_hauto,sim_projection_avgyield.json,crop.json,,site.json,False,dwd_core_ensemble,dwd_core_ensemble/csvs_dwd_core_ensemble,MOHC-HadGEM2-ES,KNMI-RACMO22E,rcp26,r1i1p1,v2,2050-01-01,2050-12-31,False,False,True,True,True,False,False,True,False,True,False,False,False,,,0.98,100_220_390_120_330_140_25,prediction_runs,,crop_MS_2050_100_25832_etrs89-utm32n.asc,,DroughtStressThreshold,0.5,1,
1135,True,fixed,auto,SM_sfix_hauto,sim_projection_avgyield.json,crop.json,,site.json,False,dwd_core_ensemble,dwd_core_ensemble/csvs_dwd_core_ensemble,MPI-M-MPI-ESM-LR,MPI-CSC-REMO2009,rcp26,r2i1p1,v1,2050-01-01,2050-12-31,False,False,True,True,True,False,False,True,False,True,False,False,False,,,0.98,100_220_390_120_330_140_25,prediction_runs,,crop_MS_2050_100_25832_etrs89-utm32n.asc,,DroughtStressThreshold,0.5,1,
1136,True,fixed,auto,SM_sfix_hauto,sim_projection_avgyield.json,crop.json,,site.json,False,dwd_core_ensemble,dwd_core_ensemble/csvs_dwd_core_ensemble,MPI-M-MPI-ESM-LR,MPI-CSC-REMO2009,rcp45,r1i1p1,v1,2050-01-01,2050-12-31,False,False,True,True,True,False,False,True,False,True,False,False,False,,,0.98,100_220_390_120_330_140_25,prediction_runs,,crop_MS_2050_100_25832_etrs89-utm32n.asc,,DroughtStressThreshold,0.5,1,
1137,True,fixed,auto,SM_sfix_hauto,sim_projection_avgyield.json,crop.json,,site.json,False,dwd_core_ensemble,dwd_core_ensemble/csvs_dwd_core_ensemble,MPI-M-MPI-ESM-LR,MPI-CSC-REMO2009,rcp45,r2i1p1,v1,2050-01-01,2050-12-31,False,False,True,True,True,False,False,True,False,True,False,False,False,,,0.98,100_220_390_120_330_140_25,prediction_runs,,crop_MS_2050_100_25832_etrs89-utm32n.asc,,DroughtStressThreshold,0.5,1,
1138,True,fixed,auto,SM_sfix_hauto,sim_projection_avgyield.json,crop.json,,site.json,False,dwd_core_ensemble,dwd_core_ensemble/csvs_dwd_core_ensemble,MPI-M-MPI-ESM-LR,MPI-CSC-REMO2009,rcp85,r2i1p1,v1,2050-01-01,2050-12-31,False,False,True,True,True,False,False,True,False,True,False,False,False,,,0.98,100_220_390_120_330_140_25,prediction_runs,,crop_MS_2050_100_25832_etrs89-utm32n.asc,,DroughtStressThreshold,0.5,1,
1139,True,fixed,auto,SM_sfix_hauto,sim_projection_avgyield.json,crop.json,,site.json,False,dwd_core_ensemble,dwd_core_ensemble/csvs_dwd_core_ensemble,MPI-M-MPI-ESM-LR,UHOH-WRF361H,rcp85,r1i1p1,v1,2050-01-01,2050-12-31,False,False,True,True,True,False,False,True,False,True,False,False,False,,,0.98,100_220_390_120_330_140_25,prediction_runs,,crop_MS_2050_100_25832_etrs89-utm32n.asc,,DroughtStressThreshold,0.5,1,
1140,True,fixed,auto,SM_sfix_hauto,sim_projection_avgyield.json,crop.json,,site.json,False,dwd_core_ensemble,dwd_core_ensemble/csvs_dwd_core_ensemble,CCCma-CanESM2,CLMcom-CCLM4-8-17,rcp85,r1i1p1,v1,2051-01-01,2051-12-31,False,False,True,True,True,False,False,True,False,True,False,False,False,,,0.98,100_220_390_120_330_140_25,prediction_runs,,crop_MS_2051_100_25832_etrs89-utm32n.asc,,DroughtStressThreshold,0.5,1,
1141,True,fixed,auto,SM_sfix_hauto,sim_projection_avgyield.json,crop.json,,site.json,False,dwd_core_ensemble,dwd_core_ensemble/csvs_dwd_core_ensemble,ICHEC-EC-EARTH,CLMcom-CCLM4-8-17,rcp26,r12i1p1,v1,2051-01-01,2051-12-31,False,False,True,True,True,False,False,True,False,True,False,False,False,,,0.98,100_220_390_120_330_140_25,prediction_runs,,crop_MS_2051_100_25832_etrs89-utm32n.asc,,DroughtStressThreshold,0.5,1,
1142,True,fixed,auto,SM_sfix_hauto,sim_projection_avgyield.json,crop.json,,site.json,False,dwd_core_ensemble,dwd_core_ensemble/csvs_dwd_core_ensemble,ICHEC-EC-EARTH,KNMI-RACMO22E,rcp26,r12i1p1,v1,2051-01-01,2051-12-31,False,False,True,True,True,False,False,True,False,True,False,False,False,,,0.98,100_220_390_120_330_140_25,prediction_runs,,crop_MS_2051_100_25832_etrs89-utm32n.asc,,DroughtStressThreshold,0.5,1,
1143,True,fixed,auto,SM_sfix_hauto,sim_projection_avgyield.json,crop.json,,site.json,False,dwd_core_ensemble,dwd_core_ensemble/csvs_dwd_core_ensemble,ICHEC-EC-EARTH,KNMI-RACMO22E,rcp45,r1i1p1,v1,2051-01-01,2051-12-31,False,False,True,True,True,False,False,True,False,True,False,False,False,,,0.98,100_220_390_120_330_140_25,prediction_runs,,crop_MS_2051_100_25832_etrs89-utm32n.asc,,DroughtStressThreshold,0.5,1,
1144,True,fixed,auto,SM_sfix_hauto,sim_projection_avgyield.json,crop.json,,site.json,False,dwd_core_ensemble,dwd_core_ensemble/csvs_dwd_core_ensemble,ICHEC-EC-EARTH,KNMI-RACMO22E,rcp45,r12i1p1,v1,2051-01-01,2051-12-31,False,False,True,True,True,False,False,True,False,True,False,False,False,,,0.98,100_220_390_120_330_140_25,prediction_runs,,crop_MS_2051_100_25832_etrs89-utm32n.asc,,DroughtStressThreshold,0.5,1,
1145,True,fixed,auto,SM_sfix_hauto,sim_projection_avgyield.json,crop.json,,site.json,False,dwd_core_ensemble,dwd_core_ensemble/csvs_dwd_core_ensemble,ICHEC-EC-EARTH,KNMI-RACMO22E,rcp85,r1i1p1,v1,2051-01-01,2051-12-31,False,False,True,True,True,False,False,True,False,True,False,False,False,,,0.98,100_220_390_120_330_140_25,prediction_runs,,crop_MS_2051_100_25832_etrs89-utm32n.asc,,DroughtStressThreshold,0.5,1,
1146,True,fixed,auto,SM_sfix_hauto,sim_projection_avgyield.json,crop.json,,site.json,False,dwd_core_ensemble,dwd_core_ensemble/csvs_dwd_core_ensemble,ICHEC-EC-EARTH,SMHI-RCA4,rcp45,r12i1p1,v1,2051-01-01,2051-12-31,False,False,True,True,True,False,False,True,False,True,False,False,False,,,0.98,100_220_390_120_330_140_25,prediction_runs,,crop_MS_2051_100_25832_etrs89-utm32n.asc,,DroughtStressThreshold,0.5,1,
1147,True,fixed,auto,SM_sfix_hauto,sim_projection_avgyield.json,crop.json,,site.json,False,dwd_core_ensemble,dwd_core_ensemble/csvs_dwd_core_ensemble,MIROC-MIROC5,CLMcom-CCLM4-8-17,rcp26,r1i1p1,v1,2051-01-01,2051-12-31,False,False,True,True,True,False,False,True,False,True,False,False,False,,,0.98,100_220_390_120_330_140_25,prediction_runs,,crop_MS_2051_100_25832_etrs89-utm32n.asc,,DroughtStressThreshold,0.5,1,
1148,True,fixed,auto,SM_sfix_hauto,sim_projection_avgyield.json,crop.json,,site.json,False,dwd_core_ensemble,dwd_core_ensemble/csvs_dwd_core_ensemble,MIROC-MIROC5,GERICS-REMO2015,rcp85,r1i1p1,v1,2051-01-01,2051-12-31,False,False,True,True,True,False,False,True,False,True,False,False,False,,,0.98,100_220_390_120_330_140_25,prediction_runs,,crop_MS_2051_100_25832_etrs89-utm32n.asc,,DroughtStressThreshold,0.5,1,
1149,True,fixed,auto,SM_sfix_hauto,sim_projection_avgyield.json,crop.json,,site.json,False,dwd_core_ensemble,dwd_core_ensemble/csvs_dwd_core_ensemble,MOHC-HadGEM2-ES,CLMcom-CCLM4-8-17,rcp45,r1i1p1,v1,2051-01-01,2051-12-31,False,False,True,True,True,False,False,True,False,True,False,False,False,,,0.98,100_220_390_120_330_140_25,prediction_runs,,crop_MS_2051_100_25832_etrs89-utm32n.asc,,DroughtStressThreshold,0.5,1,
1150,True,fixed,auto,SM_sfix_hauto,sim_projection_avgyield.json,crop.json,,site.json,False,dwd_core_ensemble,dwd_core_ensemble/csvs_dwd_core_ensemble,MOHC-HadGEM2-ES,CLMcom-CCLM4-8-17,rcp85,r1i1p1,v1,2051-01-01,2051-12-31,False,False,True,True,True,False,False,True,False,True,False,False,False,,,0.98,100_220_390_120_330_140_25,prediction_runs,,crop_MS_2051_100_25832_etrs89-utm32n.asc,,DroughtStressThreshold,0.5,1,
1151,True,fixed,auto,SM_sfix_hauto,sim_projection_avgyield.json,crop.json,,site.json,False,dwd_core_ensemble,dwd_core_ensemble/csvs_dwd_core_ensemble,MOHC-HadGEM2-ES,KNMI-RACMO22E,rcp26,r1i1p1,v2,2051-01-01,2051-12-31,False,False,True,True,True,False,False,True,False,True,False,False,False,,,0.98,100_220_390_120_330_140_25,prediction_runs,,crop_MS_2051_100_25832_etrs89-utm32n.asc,,DroughtStressThreshold,0.5,1,
1152,True,fixed,auto,SM_sfix_hauto,sim_projection_avgyield.json,crop.json,,site.json,False,dwd_core_ensemble,dwd_core_ensemble/csvs_dwd_core_ensemble,MPI-M-MPI-ESM-LR,MPI-CSC-REMO2009,rcp26,r2i1p1,v1,2051-01-01,2051-12-31,False,False,True,True,True,False,False,True,False,True,False,False,False,,,0.98,100_220_390_120_330_140_25,prediction_runs,,crop_MS_2051_100_25832_etrs89-utm32n.asc,,DroughtStressThreshold,0.5,1,
1153,True,fixed,auto,SM_sfix_hauto,sim_projection_avgyield.json,crop.json,,site.json,False,dwd_core_ensemble,dwd_core_ensemble/csvs_dwd_core_ensemble,MPI-M-MPI-ESM-LR,MPI-CSC-REMO2009,rcp45,r1i1p1,v1,2051-01-01,2051-12-31,False,False,True,True,True,False,False,True,False,True,False,False,False,,,0.98,100_220_390_120_330_140_25,prediction_runs,,crop_MS_2051_100_25832_etrs89-utm32n.asc,,DroughtStressThreshold,0.5,1,
1154,True,fixed,auto,SM_sfix_hauto,sim_projection_avgyield.json,crop.json,,site.json,False,dwd_core_ensemble,dwd_core_ensemble/csvs_dwd_core_ensemble,MPI-M-MPI-ESM-LR,MPI-CSC-REMO2009,rcp45,r2i1p1,v1,2051-01-01,2051-12-31,False,False,True,True,True,False,False,True,False,True,False,False,False,,,0.98,100_220_390_120_330_140_25,prediction_runs,,crop_MS_2051_100_25832_etrs89-utm32n.asc,,DroughtStressThreshold,0.5,1,
1155,True,fixed,auto,SM_sfix_hauto,sim_projection_avgyield.json,crop.json,,site.json,False,dwd_core_ensemble,dwd_core_ensemble/csvs_dwd_core_ensemble,MPI-M-MPI-ESM-LR,MPI-CSC-REMO2009,rcp85,r2i1p1,v1,2051-01-01,2051-12-31,False,False,True,True,True,False,False,True,False,True,False,False,False,,,0.98,100_220_390_120_330_140_25,prediction_runs,,crop_MS_2051_100_25832_etrs89-utm32n.asc,,DroughtStressThreshold,0.5,1,
1156,True,fixed,auto,SM_sfix_hauto,sim_projection_avgyield.json,crop.json,,site.json,False,dwd_core_ensemble,dwd_core_ensemble/csvs_dwd_core_ensemble,MPI-M-MPI-ESM-LR,UHOH-WRF361H,rcp85,r1i1p1,v1,2051-01-01,2051-12-31,False,False,True,True,True,False,False,True,False,True,False,False,False,,,0.98,100_220_390_120_330_140_25,prediction_runs,,crop_MS_2051_100_25832_etrs89-utm32n.asc,,DroughtStressThreshold,0.5,1,
1157,True,fixed,auto,SM_sfix_hauto,sim_projection_avgyield.json,crop.json,,site.json,False,dwd_core_ensemble,dwd_core_ensemble/csvs_dwd_core_ensemble,CCCma-CanESM2,CLMcom-CCLM4-8-17,rcp85,r1i1p1,v1,2052-01-01,2052-12-31,False,False,True,True,True,False,False,True,False,True,False,False,False,,,0.98,100_220_390_120_330_140_25,prediction_runs,,crop_MS_2052_100_25832_etrs89-utm32n.asc,,DroughtStressThreshold,0.5,1,
1158,True,fixed,auto,SM_sfix_hauto,sim_projection_avgyield.json,crop.json,,site.json,False,dwd_core_ensemble,dwd_core_ensemble/csvs_dwd_core_ensemble,ICHEC-EC-EARTH,CLMcom-CCLM4-8-17,rcp26,r12i1p1,v1,2052-01-01,2052-12-31,False,False,True,True,True,False,False,True,False,True,False,False,False,,,0.98,100_220_390_120_330_140_25,prediction_runs,,crop_MS_2052_100_25832_etrs89-utm32n.asc,,DroughtStressThreshold,0.5,1,
1159,True,fixed,auto,SM_sfix_hauto,sim_projection_avgyield.json,crop.json,,site.json,False,dwd_core_ensemble,dwd_core_ensemble/csvs_dwd_core_ensemble,ICHEC-EC-EARTH,KNMI-RACMO22E,rcp26,r12i1p1,v1,2052-01-01,2052-12-31,False,False,True,True,True,False,False,True,False,True,False,False,False,,,0.98,100_220_390_120_330_140_25,prediction_runs,,crop_MS_2052_100_25832_etrs89-utm32n.asc,,DroughtStressThreshold,0.5,1,
1160,True,fixed,auto,SM_sfix_hauto,sim_projection_avgyield.json,crop.json,,site.json,False,dwd_core_ensemble,dwd_core_ensemble/csvs_dwd_core_ensemble,ICHEC-EC-EARTH,KNMI-RACMO22E,rcp45,r1i1p1,v1,2052-01-01,2052-12-31,False,False,True,True,True,False,False,True,False,True,False,False,False,,,0.98,100_220_390_120_330_140_25,prediction_runs,,crop_MS_2052_100_25832_etrs89-utm32n.asc,,DroughtStressThreshold,0.5,1,
1161,True,fixed,auto,SM_sfix_hauto,sim_projection_avgyield.json,crop.json,,site.json,False,dwd_core_ensemble,dwd_core_ensemble/csvs_dwd_core_ensemble,ICHEC-EC-EARTH,KNMI-RACMO22E,rcp45,r12i1p1,v1,2052-01-01,2052-12-31,False,False,True,True,True,False,False,True,False,True,False,False,False,,,0.98,100_220_390_120_330_140_25,prediction_runs,,crop_MS_2052_100_25832_etrs89-utm32n.asc,,DroughtStressThreshold,0.5,1,
1162,True,fixed,auto,SM_sfix_hauto,sim_projection_avgyield.json,crop.json,,site.json,False,dwd_core_ensemble,dwd_core_ensemble/csvs_dwd_core_ensemble,ICHEC-EC-EARTH,KNMI-RACMO22E,rcp85,r1i1p1,v1,2052-01-01,2052-12-31,False,False,True,True,True,False,False,True,False,True,False,False,False,,,0.98,100_220_390_120_330_140_25,prediction_runs,,crop_MS_2052_100_25832_etrs89-utm32n.asc,,DroughtStressThreshold,0.5,1,
1163,True,fixed,auto,SM_sfix_hauto,sim_projection_avgyield.json,crop.json,,site.json,False,dwd_core_ensemble,dwd_core_ensemble/csvs_dwd_core_ensemble,ICHEC-EC-EARTH,SMHI-RCA4,rcp45,r12i1p1,v1,2052-01-01,2052-12-31,False,False,True,True,True,False,False,True,False,True,False,False,False,,,0.98,100_220_390_120_330_140_25,prediction_runs,,crop_MS_2052_100_25832_etrs89-utm32n.asc,,DroughtStressThreshold,0.5,1,
1164,True,fixed,auto,SM_sfix_hauto,sim_projection_avgyield.json,crop.json,,site.json,False,dwd_core_ensemble,dwd_core_ensemble/csvs_dwd_core_ensemble,MIROC-MIROC5,CLMcom-CCLM4-8-17,rcp26,r1i1p1,v1,2052-01-01,2052-12-31,False,False,True,True,True,False,False,True,False,True,False,False,False,,,0.98,100_220_390_120_330_140_25,prediction_runs,,crop_MS_2052_100_25832_etrs89-utm32n.asc,,DroughtStressThreshold,0.5,1,
1165,True,fixed,auto,SM_sfix_hauto,sim_projection_avgyield.json,crop.json,,site.json,False,dwd_core_ensemble,dwd_core_ensemble/csvs_dwd_core_ensemble,MIROC-MIROC5,GERICS-REMO2015,rcp85,r1i1p1,v1,2052-01-01,2052-12-31,False,False,True,True,True,False,False,True,False,True,False,False,False,,,0.98,100_220_390_120_330_140_25,prediction_runs,,crop_MS_2052_100_25832_etrs89-utm32n.asc,,DroughtStressThreshold,0.5,1,
1166,True,fixed,auto,SM_sfix_hauto,sim_projection_avgyield.json,crop.json,,site.json,False,dwd_core_ensemble,dwd_core_ensemble/csvs_dwd_core_ensemble,MOHC-HadGEM2-ES,CLMcom-CCLM4-8-17,rcp45,r1i1p1,v1,2052-01-01,2052-12-31,False,False,True,True,True,False,False,True,False,True,False,False,False,,,0.98,100_220_390_120_330_140_25,prediction_runs,,crop_MS_2052_100_25832_etrs89-utm32n.asc,,DroughtStressThreshold,0.5,1,
1167,True,fixed,auto,SM_sfix_hauto,sim_projection_avgyield.json,crop.json,,site.json,False,dwd_core_ensemble,dwd_core_ensemble/csvs_dwd_core_ensemble,MOHC-HadGEM2-ES,CLMcom-CCLM4-8-17,rcp85,r1i1p1,v1,2052-01-01,2052-12-31,False,False,True,True,True,False,False,True,False,True,False,False,False,,,0.98,100_220_390_120_330_140_25,prediction_runs,,crop_MS_2052_100_25832_etrs89-utm32n.asc,,DroughtStressThreshold,0.5,1,
1168,True,fixed,auto,SM_sfix_hauto,sim_projection_avgyield.json,crop.json,,site.json,False,dwd_core_ensemble,dwd_core_ensemble/csvs_dwd_core_ensemble,MOHC-HadGEM2-ES,KNMI-RACMO22E,rcp26,r1i1p1,v2,2052-01-01,2052-12-31,False,False,True,True,True,False,False,True,False,True,False,False,False,,,0.98,100_220_390_120_330_140_25,prediction_runs,,crop_MS_2052_100_25832_etrs89-utm32n.asc,,DroughtStressThreshold,0.5,1,
1169,True,fixed,auto,SM_sfix_hauto,sim_projection_avgyield.json,crop.json,,site.json,False,dwd_core_ensemble,dwd_core_ensemble/csvs_dwd_core_ensemble,MPI-M-MPI-ESM-LR,MPI-CSC-REMO2009,rcp26,r2i1p1,v1,2052-01-01,2052-12-31,False,False,True,True,True,False,False,True,False,True,False,False,False,,,0.98,100_220_390_120_330_140_25,prediction_runs,,crop_MS_2052_100_25832_etrs89-utm32n.asc,,DroughtStressThreshold,0.5,1,
1170,True,fixed,auto,SM_sfix_hauto,sim_projection_avgyield.json,crop.json,,site.json,False,dwd_core_ensemble,dwd_core_ensemble/csvs_dwd_core_ensemble,MPI-M-MPI-ESM-LR,MPI-CSC-REMO2009,rcp45,r1i1p1,v1,2052-01-01,2052-12-31,False,False,True,True,True,False,False,True,False,True,False,False,False,,,0.98,100_220_390_120_330_140_25,prediction_runs,,crop_MS_2052_100_25832_etrs89-utm32n.asc,,DroughtStressThreshold,0.5,1,
1171,True,fixed,auto,SM_sfix_hauto,sim_projection_avgyield.json,crop.json,,site.json,False,dwd_core_ensemble,dwd_core_ensemble/csvs_dwd_core_ensemble,MPI-M-MPI-ESM-LR,MPI-CSC-REMO2009,rcp45,r2i1p1,v1,2052-01-01,2052-12-31,False,False,True,True,True,False,False,True,False,True,False,False,False,,,0.98,100_220_390_120_330_140_25,prediction_runs,,crop_MS_2052_100_25832_etrs89-utm32n.asc,,DroughtStressThreshold,0.5,1,
1172,True,fixed,auto,SM_sfix_hauto,sim_projection_avgyield.json,crop.json,,site.json,False,dwd_core_ensemble,dwd_core_ensemble/csvs_dwd_core_ensemble,MPI-M-MPI-ESM-LR,MPI-CSC-REMO2009,rcp85,r2i1p1,v1,2052-01-01,2052-12-31,False,False,True,True,True,False,False,True,False,True,False,False,False,,,0.98,100_220_390_120_330_140_25,prediction_runs,,crop_MS_2052_100_25832_etrs89-utm32n.asc,,DroughtStressThreshold,0.5,1,
1173,True,fixed,auto,SM_sfix_hauto,sim_projection_avgyield.json,crop.json,,site.json,False,dwd_core_ensemble,dwd_core_ensemble/csvs_dwd_core_ensemble,MPI-M-MPI-ESM-LR,UHOH-WRF361H,rcp85,r1i1p1,v1,2052-01-01,2052-12-31,False,False,True,True,True,False,False,True,False,True,False,False,False,,,0.98,100_220_390_120_330_140_25,prediction_runs,,crop_MS_2052_100_25832_etrs89-utm32n.asc,,DroughtStressThreshold,0.5,1,
1174,True,fixed,auto,SM_sfix_hauto,sim_projection_avgyield.json,crop.json,,site.json,False,dwd_core_ensemble,dwd_core_ensemble/csvs_dwd_core_ensemble,CCCma-CanESM2,CLMcom-CCLM4-8-17,rcp85,r1i1p1,v1,2053-01-01,2053-12-31,False,False,True,True,True,False,False,True,False,True,False,False,False,,,0.98,100_220_390_120_330_140_25,prediction_runs,,crop_MS_2053_100_25832_etrs89-utm32n.asc,,DroughtStressThreshold,0.5,1,
1175,True,fixed,auto,SM_sfix_hauto,sim_projection_avgyield.json,crop.json,,site.json,False,dwd_core_ensemble,dwd_core_ensemble/csvs_dwd_core_ensemble,ICHEC-EC-EARTH,CLMcom-CCLM4-8-17,rcp26,r12i1p1,v1,2053-01-01,2053-12-31,False,False,True,True,True,False,False,True,False,True,False,False,False,,,0.98,100_220_390_120_330_140_25,prediction_runs,,crop_MS_2053_100_25832_etrs89-utm32n.asc,,DroughtStressThreshold,0.5,1,
1176,True,fixed,auto,SM_sfix_hauto,sim_projection_avgyield.json,crop.json,,site.json,False,dwd_core_ensemble,dwd_core_ensemble/csvs_dwd_core_ensemble,ICHEC-EC-EARTH,KNMI-RACMO22E,rcp26,r12i1p1,v1,2053-01-01,2053-12-31,False,False,True,True,True,False,False,True,False,True,False,False,False,,,0.98,100_220_390_120_330_140_25,prediction_runs,,crop_MS_2053_100_25832_etrs89-utm32n.asc,,DroughtStressThreshold,0.5,1,
1177,True,fixed,auto,SM_sfix_hauto,sim_projection_avgyield.json,crop.json,,site.json,False,dwd_core_ensemble,dwd_core_ensemble/csvs_dwd_core_ensemble,ICHEC-EC-EARTH,KNMI-RACMO22E,rcp45,r1i1p1,v1,2053-01-01,2053-12-31,False,False,True,True,True,False,False,True,False,True,False,False,False,,,0.98,100_220_390_120_330_140_25,prediction_runs,,crop_MS_2053_100_25832_etrs89-utm32n.asc,,DroughtStressThreshold,0.5,1,
1178,True,fixed,auto,SM_sfix_hauto,sim_projection_avgyield.json,crop.json,,site.json,False,dwd_core_ensemble,dwd_core_ensemble/csvs_dwd_core_ensemble,ICHEC-EC-EARTH,KNMI-RACMO22E,rcp45,r12i1p1,v1,2053-01-01,2053-12-31,False,False,True,True,True,False,False,True,False,True,False,False,False,,,0.98,100_220_390_120_330_140_25,prediction_runs,,crop_MS_2053_100_25832_etrs89-utm32n.asc,,DroughtStressThreshold,0.5,1,
1179,True,fixed,auto,SM_sfix_hauto,sim_projection_avgyield.json,crop.json,,site.json,False,dwd_core_ensemble,dwd_core_ensemble/csvs_dwd_core_ensemble,ICHEC-EC-EARTH,KNMI-RACMO22E,rcp85,r1i1p1,v1,2053-01-01,2053-12-31,False,False,True,True,True,False,False,True,False,True,False,False,False,,,0.98,100_220_390_120_330_140_25,prediction_runs,,crop_MS_2053_100_25832_etrs89-utm32n.asc,,DroughtStressThreshold,0.5,1,
1180,True,fixed,auto,SM_sfix_hauto,sim_projection_avgyield.json,crop.json,,site.json,False,dwd_core_ensemble,dwd_core_ensemble/csvs_dwd_core_ensemble,ICHEC-EC-EARTH,SMHI-RCA4,rcp45,r12i1p1,v1,2053-01-01,2053-12-31,False,False,True,True,True,False,False,True,False,True,False,False,False,,,0.98,100_220_390_120_330_140_25,prediction_runs,,crop_MS_2053_100_25832_etrs89-utm32n.asc,,DroughtStressThreshold,0.5,1,
1181,True,fixed,auto,SM_sfix_hauto,sim_projection_avgyield.json,crop.json,,site.json,False,dwd_core_ensemble,dwd_core_ensemble/csvs_dwd_core_ensemble,MIROC-MIROC5,CLMcom-CCLM4-8-17,rcp26,r1i1p1,v1,2053-01-01,2053-12-31,False,False,True,True,True,False,False,True,False,True,False,False,False,,,0.98,100_220_390_120_330_140_25,prediction_runs,,crop_MS_2053_100_25832_etrs89-utm32n.asc,,DroughtStressThreshold,0.5,1,
1182,True,fixed,auto,SM_sfix_hauto,sim_projection_avgyield.json,crop.json,,site.json,False,dwd_core_ensemble,dwd_core_ensemble/csvs_dwd_core_ensemble,MIROC-MIROC5,GERICS-REMO2015,rcp85,r1i1p1,v1,2053-01-01,2053-12-31,False,False,True,True,True,False,False,True,False,True,False,False,False,,,0.98,100_220_390_120_330_140_25,prediction_runs,,crop_MS_2053_100_25832_etrs89-utm32n.asc,,DroughtStressThreshold,0.5,1,
1183,True,fixed,auto,SM_sfix_hauto,sim_projection_avgyield.json,crop.json,,site.json,False,dwd_core_ensemble,dwd_core_ensemble/csvs_dwd_core_ensemble,MOHC-HadGEM2-ES,CLMcom-CCLM4-8-17,rcp45,r1i1p1,v1,2053-01-01,2053-12-31,False,False,True,True,True,False,False,True,False,True,False,False,False,,,0.98,100_220_390_120_330_140_25,prediction_runs,,crop_MS_2053_100_25832_etrs89-utm32n.asc,,DroughtStressThreshold,0.5,1,
1184,True,fixed,auto,SM_sfix_hauto,sim_projection_avgyield.json,crop.json,,site.json,False,dwd_core_ensemble,dwd_core_ensemble/csvs_dwd_core_ensemble,MOHC-HadGEM2-ES,CLMcom-CCLM4-8-17,rcp85,r1i1p1,v1,2053-01-01,2053-12-31,False,False,True,True,True,False,False,True,False,True,False,False,False,,,0.98,100_220_390_120_330_140_25,prediction_runs,,crop_MS_2053_100_25832_etrs89-utm32n.asc,,DroughtStressThreshold,0.5,1,
1185,True,fixed,auto,SM_sfix_hauto,sim_projection_avgyield.json,crop.json,,site.json,False,dwd_core_ensemble,dwd_core_ensemble/csvs_dwd_core_ensemble,MOHC-HadGEM2-ES,KNMI-RACMO22E,rcp26,r1i1p1,v2,2053-01-01,2053-12-31,False,False,True,True,True,False,False,True,False,True,False,False,False,,,0.98,100_220_390_120_330_140_25,prediction_runs,,crop_MS_2053_100_25832_etrs89-utm32n.asc,,DroughtStressThreshold,0.5,1,
1186,True,fixed,auto,SM_sfix_hauto,sim_projection_avgyield.json,crop.json,,site.json,False,dwd_core_ensemble,dwd_core_ensemble/csvs_dwd_core_ensemble,MPI-M-MPI-ESM-LR,MPI-CSC-REMO2009,rcp26,r2i1p1,v1,2053-01-01,2053-12-31,False,False,True,True,True,False,False,True,False,True,False,False,False,,,0.98,100_220_390_120_330_140_25,prediction_runs,,crop_MS_2053_100_25832_etrs89-utm32n.asc,,DroughtStressThreshold,0.5,1,
1187,True,fixed,auto,SM_sfix_hauto,sim_projection_avgyield.json,crop.json,,site.json,False,dwd_core_ensemble,dwd_core_ensemble/csvs_dwd_core_ensemble,MPI-M-MPI-ESM-LR,MPI-CSC-REMO2009,rcp45,r1i1p1,v1,2053-01-01,2053-12-31,False,False,True,True,True,False,False,True,False,True,False,False,False,,,0.98,100_220_390_120_330_140_25,prediction_runs,,crop_MS_2053_100_25832_etrs89-utm32n.asc,,DroughtStressThreshold,0.5,1,
1188,True,fixed,auto,SM_sfix_hauto,sim_projection_avgyield.json,crop.json,,site.json,False,dwd_core_ensemble,dwd_core_ensemble/csvs_dwd_core_ensemble,MPI-M-MPI-ESM-LR,MPI-CSC-REMO2009,rcp45,r2i1p1,v1,2053-01-01,2053-12-31,False,False,True,True,True,False,False,True,False,True,False,False,False,,,0.98,100_220_390_120_330_140_25,prediction_runs,,crop_MS_2053_100_25832_etrs89-utm32n.asc,,DroughtStressThreshold,0.5,1,
1189,True,fixed,auto,SM_sfix_hauto,sim_projection_avgyield.json,crop.json,,site.json,False,dwd_core_ensemble,dwd_core_ensemble/csvs_dwd_core_ensemble,MPI-M-MPI-ESM-LR,MPI-CSC-REMO2009,rcp85,r2i1p1,v1,2053-01-01,2053-12-31,False,False,True,True,True,False,False,True,False,True,False,False,False,,,0.98,100_220_390_120_330_140_25,prediction_runs,,crop_MS_2053_100_25832_etrs89-utm32n.asc,,DroughtStressThreshold,0.5,1,
1190,True,fixed,auto,SM_sfix_hauto,sim_projection_avgyield.json,crop.json,,site.json,False,dwd_core_ensemble,dwd_core_ensemble/csvs_dwd_core_ensemble,MPI-M-MPI-ESM-LR,UHOH-WRF361H,rcp85,r1i1p1,v1,2053-01-01,2053-12-31,False,False,True,True,True,False,False,True,False,True,False,False,False,,,0.98,100_220_390_120_330_140_25,prediction_runs,,crop_MS_2053_100_25832_etrs89-utm32n.asc,,DroughtStressThreshold,0.5,1,
1191,True,fixed,auto,SM_sfix_hauto,sim_projection_avgyield.json,crop.json,,site.json,False,dwd_core_ensemble,dwd_core_ensemble/csvs_dwd_core_ensemble,CCCma-CanESM2,CLMcom-CCLM4-8-17,rcp85,r1i1p1,v1,2054-01-01,2054-12-31,False,False,True,True,True,False,False,True,False,True,False,False,False,,,0.98,100_220_390_120_330_140_25,prediction_runs,,crop_MS_2054_100_25832_etrs89-utm32n.asc,,DroughtStressThreshold,0.5,1,
1192,True,fixed,auto,SM_sfix_hauto,sim_projection_avgyield.json,crop.json,,site.json,False,dwd_core_ensemble,dwd_core_ensemble/csvs_dwd_core_ensemble,ICHEC-EC-EARTH,CLMcom-CCLM4-8-17,rcp26,r12i1p1,v1,2054-01-01,2054-12-31,False,False,True,True,True,False,False,True,False,True,False,False,False,,,0.98,100_220_390_120_330_140_25,prediction_runs,,crop_MS_2054_100_25832_etrs89-utm32n.asc,,DroughtStressThreshold,0.5,1,
1193,True,fixed,auto,SM_sfix_hauto,sim_projection_avgyield.json,crop.json,,site.json,False,dwd_core_ensemble,dwd_core_ensemble/csvs_dwd_core_ensemble,ICHEC-EC-EARTH,KNMI-RACMO22E,rcp26,r12i1p1,v1,2054-01-01,2054-12-31,False,False,True,True,True,False,False,True,False,True,False,False,False,,,0.98,100_220_390_120_330_140_25,prediction_runs,,crop_MS_2054_100_25832_etrs89-utm32n.asc,,DroughtStressThreshold,0.5,1,
1194,True,fixed,auto,SM_sfix_hauto,sim_projection_avgyield.json,crop.json,,site.json,False,dwd_core_ensemble,dwd_core_ensemble/csvs_dwd_core_ensemble,ICHEC-EC-EARTH,KNMI-RACMO22E,rcp45,r1i1p1,v1,2054-01-01,2054-12-31,False,False,True,True,True,False,False,True,False,True,False,False,False,,,0.98,100_220_390_120_330_140_25,prediction_runs,,crop_MS_2054_100_25832_etrs89-utm32n.asc,,DroughtStressThreshold,0.5,1,
1195,True,fixed,auto,SM_sfix_hauto,sim_projection_avgyield.json,crop.json,,site.json,False,dwd_core_ensemble,dwd_core_ensemble/csvs_dwd_core_ensemble,ICHEC-EC-EARTH,KNMI-RACMO22E,rcp45,r12i1p1,v1,2054-01-01,2054-12-31,False,False,True,True,True,False,False,True,False,True,False,False,False,,,0.98,100_220_390_120_330_140_25,prediction_runs,,crop_MS_2054_100_25832_etrs89-utm32n.asc,,DroughtStressThreshold,0.5,1,
1196,True,fixed,auto,SM_sfix_hauto,sim_projection_avgyield.json,crop.json,,site.json,False,dwd_core_ensemble,dwd_core_ensemble/csvs_dwd_core_ensemble,ICHEC-EC-EARTH,KNMI-RACMO22E,rcp85,r1i1p1,v1,2054-01-01,2054-12-31,False,False,True,True,True,False,False,True,False,True,False,False,False,,,0.98,100_220_390_120_330_140_25,prediction_runs,,crop_MS_2054_100_25832_etrs89-utm32n.asc,,DroughtStressThreshold,0.5,1,
1197,True,fixed,auto,SM_sfix_hauto,sim_projection_avgyield.json,crop.json,,site.json,False,dwd_core_ensemble,dwd_core_ensemble/csvs_dwd_core_ensemble,ICHEC-EC-EARTH,SMHI-RCA4,rcp45,r12i1p1,v1,2054-01-01,2054-12-31,False,False,True,True,True,False,False,True,False,True,False,False,False,,,0.98,100_220_390_120_330_140_25,prediction_runs,,crop_MS_2054_100_25832_etrs89-utm32n.asc,,DroughtStressThreshold,0.5,1,
1198,True,fixed,auto,SM_sfix_hauto,sim_projection_avgyield.json,crop.json,,site.json,False,dwd_core_ensemble,dwd_core_ensemble/csvs_dwd_core_ensemble,MIROC-MIROC5,CLMcom-CCLM4-8-17,rcp26,r1i1p1,v1,2054-01-01,2054-12-31,False,False,True,True,True,False,False,True,False,True,False,False,False,,,0.98,100_220_390_120_330_140_25,prediction_runs,,crop_MS_2054_100_25832_etrs89-utm32n.asc,,DroughtStressThreshold,0.5,1,
1199,True,fixed,auto,SM_sfix_hauto,sim_projection_avgyield.json,crop.json,,site.json,False,dwd_core_ensemble,dwd_core_ensemble/csvs_dwd_core_ensemble,MIROC-MIROC5,GERICS-REMO2015,rcp85,r1i1p1,v1,2054-01-01,2054-12-31,False,False,True,True,True,False,False,True,False,True,False,False,False,,,0.98,100_220_390_120_330_140_25,prediction_runs,,crop_MS_2054_100_25832_etrs89-utm32n.asc,,DroughtStressThreshold,0.5,1,
1200,True,fixed,auto,SM_sfix_hauto,sim_projection_avgyield.json,crop.json,,site.json,False,dwd_core_ensemble,dwd_core_ensemble/csvs_dwd_core_ensemble,MOHC-HadGEM2-ES,CLMcom-CCLM4-8-17,rcp45,r1i1p1,v1,2054-01-01,2054-12-31,False,False,True,True,True,False,False,True,False,True,False,False,False,,,0.98,100_220_390_120_330_140_25,prediction_runs,,crop_MS_2054_100_25832_etrs89-utm32n.asc,,DroughtStressThreshold,0.5,1,
1201,True,fixed,auto,SM_sfix_hauto,sim_projection_avgyield.json,crop.json,,site.json,False,dwd_core_ensemble,dwd_core_ensemble/csvs_dwd_core_ensemble,MOHC-HadGEM2-ES,CLMcom-CCLM4-8-17,rcp85,r1i1p1,v1,2054-01-01,2054-12-31,False,False,True,True,True,False,False,True,False,True,False,False,False,,,0.98,100_220_390_120_330_140_25,prediction_runs,,crop_MS_2054_100_25832_etrs89-utm32n.asc,,DroughtStressThreshold,0.5,1,
1202,True,fixed,auto,SM_sfix_hauto,sim_projection_avgyield.json,crop.json,,site.json,False,dwd_core_ensemble,dwd_core_ensemble/csvs_dwd_core_ensemble,MOHC-HadGEM2-ES,KNMI-RACMO22E,rcp26,r1i1p1,v2,2054-01-01,2054-12-31,False,False,True,True,True,False,False,True,False,True,False,False,False,,,0.98,100_220_390_120_330_140_25,prediction_runs,,crop_MS_2054_100_25832_etrs89-utm32n.asc,,DroughtStressThreshold,0.5,1,
1203,True,fixed,auto,SM_sfix_hauto,sim_projection_avgyield.json,crop.json,,site.json,False,dwd_core_ensemble,dwd_core_ensemble/csvs_dwd_core_ensemble,MPI-M-MPI-ESM-LR,MPI-CSC-REMO2009,rcp26,r2i1p1,v1,2054-01-01,2054-12-31,False,False,True,True,True,False,False,True,False,True,False,False,False,,,0.98,100_220_390_120_330_140_25,prediction_runs,,crop_MS_2054_100_25832_etrs89-utm32n.asc,,DroughtStressThreshold,0.5,1,
1204,True,fixed,auto,SM_sfix_hauto,sim_projection_avgyield.json,crop.json,,site.json,False,dwd_core_ensemble,dwd_core_ensemble/csvs_dwd_core_ensemble,MPI-M-MPI-ESM-LR,MPI-CSC-REMO2009,rcp45,r1i1p1,v1,2054-01-01,2054-12-31,False,False,True,True,True,False,False,True,False,True,False,False,False,,,0.98,100_220_390_120_330_140_25,prediction_runs,,crop_MS_2054_100_25832_etrs89-utm32n.asc,,DroughtStressThreshold,0.5,1,
1205,True,fixed,auto,SM_sfix_hauto,sim_projection_avgyield.json,crop.json,,site.json,False,dwd_core_ensemble,dwd_core_ensemble/csvs_dwd_core_ensemble,MPI-M-MPI-ESM-LR,MPI-CSC-REMO2009,rcp45,r2i1p1,v1,2054-01-01,2054-12-31,False,False,True,True,True,False,False,True,False,True,False,False,False,,,0.98,100_220_390_120_330_140_25,prediction_runs,,crop_MS_2054_100_25832_etrs89-utm32n.asc,,DroughtStressThreshold,0.5,1,
1206,True,fixed,auto,SM_sfix_hauto,sim_projection_avgyield.json,crop.json,,site.json,False,dwd_core_ensemble,dwd_core_ensemble/csvs_dwd_core_ensemble,MPI-M-MPI-ESM-LR,MPI-CSC-REMO2009,rcp85,r2i1p1,v1,2054-01-01,2054-12-31,False,False,True,True,True,False,False,True,False,True,False,False,False,,,0.98,100_220_390_120_330_140_25,prediction_runs,,crop_MS_2054_100_25832_etrs89-utm32n.asc,,DroughtStressThreshold,0.5,1,
1207,True,fixed,auto,SM_sfix_hauto,sim_projection_avgyield.json,crop.json,,site.json,False,dwd_core_ensemble,dwd_core_ensemble/csvs_dwd_core_ensemble,MPI-M-MPI-ESM-LR,UHOH-WRF361H,rcp85,r1i1p1,v1,2054-01-01,2054-12-31,False,False,True,True,True,False,False,True,False,True,False,False,False,,,0.98,100_220_390_120_330_140_25,prediction_runs,,crop_MS_2054_100_25832_etrs89-utm32n.asc,,DroughtStressThreshold,0.5,1,
1208,True,fixed,auto,SM_sfix_hauto,sim_projection_avgyield.json,crop.json,,site.json,False,dwd_core_ensemble,dwd_core_ensemble/csvs_dwd_core_ensemble,CCCma-CanESM2,CLMcom-CCLM4-8-17,rcp85,r1i1p1,v1,2055-01-01,2055-12-31,False,False,True,True,True,False,False,True,False,True,False,False,False,,,0.98,100_220_390_120_330_140_25,prediction_runs,,crop_MS_2055_100_25832_etrs89-utm32n.asc,,DroughtStressThreshold,0.5,1,
1209,True,fixed,auto,SM_sfix_hauto,sim_projection_avgyield.json,crop.json,,site.json,False,dwd_core_ensemble,dwd_core_ensemble/csvs_dwd_core_ensemble,ICHEC-EC-EARTH,CLMcom-CCLM4-8-17,rcp26,r12i1p1,v1,2055-01-01,2055-12-31,False,False,True,True,True,False,False,True,False,True,False,False,False,,,0.98,100_220_390_120_330_140_25,prediction_runs,,crop_MS_2055_100_25832_etrs89-utm32n.asc,,DroughtStressThreshold,0.5,1,
1210,True,fixed,auto,SM_sfix_hauto,sim_projection_avgyield.json,crop.json,,site.json,False,dwd_core_ensemble,dwd_core_ensemble/csvs_dwd_core_ensemble,ICHEC-EC-EARTH,KNMI-RACMO22E,rcp26,r12i1p1,v1,2055-01-01,2055-12-31,False,False,True,True,True,False,False,True,False,True,False,False,False,,,0.98,100_220_390_120_330_140_25,prediction_runs,,crop_MS_2055_100_25832_etrs89-utm32n.asc,,DroughtStressThreshold,0.5,1,
1211,True,fixed,auto,SM_sfix_hauto,sim_projection_avgyield.json,crop.json,,site.json,False,dwd_core_ensemble,dwd_core_ensemble/csvs_dwd_core_ensemble,ICHEC-EC-EARTH,KNMI-RACMO22E,rcp45,r1i1p1,v1,2055-01-01,2055-12-31,False,False,True,True,True,False,False,True,False,True,False,False,False,,,0.98,100_220_390_120_330_140_25,prediction_runs,,crop_MS_2055_100_25832_etrs89-utm32n.asc,,DroughtStressThreshold,0.5,1,
1212,True,fixed,auto,SM_sfix_hauto,sim_projection_avgyield.json,crop.json,,site.json,False,dwd_core_ensemble,dwd_core_ensemble/csvs_dwd_core_ensemble,ICHEC-EC-EARTH,KNMI-RACMO22E,rcp45,r12i1p1,v1,2055-01-01,2055-12-31,False,False,True,True,True,False,False,True,False,True,False,False,False,,,0.98,100_220_390_120_330_140_25,prediction_runs,,crop_MS_2055_100_25832_etrs89-utm32n.asc,,DroughtStressThreshold,0.5,1,
1213,True,fixed,auto,SM_sfix_hauto,sim_projection_avgyield.json,crop.json,,site.json,False,dwd_core_ensemble,dwd_core_ensemble/csvs_dwd_core_ensemble,ICHEC-EC-EARTH,KNMI-RACMO22E,rcp85,r1i1p1,v1,2055-01-01,2055-12-31,False,False,True,True,True,False,False,True,False,True,False,False,False,,,0.98,100_220_390_120_330_140_25,prediction_runs,,crop_MS_2055_100_25832_etrs89-utm32n.asc,,DroughtStressThreshold,0.5,1,
1214,True,fixed,auto,SM_sfix_hauto,sim_projection_avgyield.json,crop.json,,site.json,False,dwd_core_ensemble,dwd_core_ensemble/csvs_dwd_core_ensemble,ICHEC-EC-EARTH,SMHI-RCA4,rcp45,r12i1p1,v1,2055-01-01,2055-12-31,False,False,True,True,True,False,False,True,False,True,False,False,False,,,0.98,100_220_390_120_330_140_25,prediction_runs,,crop_MS_2055_100_25832_etrs89-utm32n.asc,,DroughtStressThreshold,0.5,1,
1215,True,fixed,auto,SM_sfix_hauto,sim_projection_avgyield.json,crop.json,,site.json,False,dwd_core_ensemble,dwd_core_ensemble/csvs_dwd_core_ensemble,MIROC-MIROC5,CLMcom-CCLM4-8-17,rcp26,r1i1p1,v1,2055-01-01,2055-12-31,False,False,True,True,True,False,False,True,False,True,False,False,False,,,0.98,100_220_390_120_330_140_25,prediction_runs,,crop_MS_2055_100_25832_etrs89-utm32n.asc,,DroughtStressThreshold,0.5,1,
1216,True,fixed,auto,SM_sfix_hauto,sim_projection_avgyield.json,crop.json,,site.json,False,dwd_core_ensemble,dwd_core_ensemble/csvs_dwd_core_ensemble,MIROC-MIROC5,GERICS-REMO2015,rcp85,r1i1p1,v1,2055-01-01,2055-12-31,False,False,True,True,True,False,False,True,False,True,False,False,False,,,0.98,100_220_390_120_330_140_25,prediction_runs,,crop_MS_2055_100_25832_etrs89-utm32n.asc,,DroughtStressThreshold,0.5,1,
1217,True,fixed,auto,SM_sfix_hauto,sim_projection_avgyield.json,crop.json,,site.json,False,dwd_core_ensemble,dwd_core_ensemble/csvs_dwd_core_ensemble,MOHC-HadGEM2-ES,CLMcom-CCLM4-8-17,rcp45,r1i1p1,v1,2055-01-01,2055-12-31,False,False,True,True,True,False,False,True,False,True,False,False,False,,,0.98,100_220_390_120_330_140_25,prediction_runs,,crop_MS_2055_100_25832_etrs89-utm32n.asc,,DroughtStressThreshold,0.5,1,
1218,True,fixed,auto,SM_sfix_hauto,sim_projection_avgyield.json,crop.json,,site.json,False,dwd_core_ensemble,dwd_core_ensemble/csvs_dwd_core_ensemble,MOHC-HadGEM2-ES,CLMcom-CCLM4-8-17,rcp85,r1i1p1,v1,2055-01-01,2055-12-31,False,False,True,True,True,False,False,True,False,True,False,False,False,,,0.98,100_220_390_120_330_140_25,prediction_runs,,crop_MS_2055_100_25832_etrs89-utm32n.asc,,DroughtStressThreshold,0.5,1,
1219,True,fixed,auto,SM_sfix_hauto,sim_projection_avgyield.json,crop.json,,site.json,False,dwd_core_ensemble,dwd_core_ensemble/csvs_dwd_core_ensemble,MOHC-HadGEM2-ES,KNMI-RACMO22E,rcp26,r1i1p1,v2,2055-01-01,2055-12-31,False,False,True,True,True,False,False,True,False,True,False,False,False,,,0.98,100_220_390_120_330_140_25,prediction_runs,,crop_MS_2055_100_25832_etrs89-utm32n.asc,,DroughtStressThreshold,0.5,1,
1220,True,fixed,auto,SM_sfix_hauto,sim_projection_avgyield.json,crop.json,,site.json,False,dwd_core_ensemble,dwd_core_ensemble/csvs_dwd_core_ensemble,MPI-M-MPI-ESM-LR,MPI-CSC-REMO2009,rcp26,r2i1p1,v1,2055-01-01,2055-12-31,False,False,True,True,True,False,False,True,False,True,False,False,False,,,0.98,100_220_390_120_330_140_25,prediction_runs,,crop_MS_2055_100_25832_etrs89-utm32n.asc,,DroughtStressThreshold,0.5,1,
1221,True,fixed,auto,SM_sfix_hauto,sim_projection_avgyield.json,crop.json,,site.json,False,dwd_core_ensemble,dwd_core_ensemble/csvs_dwd_core_ensemble,MPI-M-MPI-ESM-LR,MPI-CSC-REMO2009,rcp45,r1i1p1,v1,2055-01-01,2055-12-31,False,False,True,True,True,False,False,True,False,True,False,False,False,,,0.98,100_220_390_120_330_140_25,prediction_runs,,crop_MS_2055_100_25832_etrs89-utm32n.asc,,DroughtStressThreshold,0.5,1,
1222,True,fixed,auto,SM_sfix_hauto,sim_projection_avgyield.json,crop.json,,site.json,False,dwd_core_ensemble,dwd_core_ensemble/csvs_dwd_core_ensemble,MPI-M-MPI-ESM-LR,MPI-CSC-REMO2009,rcp45,r2i1p1,v1,2055-01-01,2055-12-31,False,False,True,True,True,False,False,True,False,True,False,False,False,,,0.98,100_220_390_120_330_140_25,prediction_runs,,crop_MS_2055_100_25832_etrs89-utm32n.asc,,DroughtStressThreshold,0.5,1,
1223,True,fixed,auto,SM_sfix_hauto,sim_projection_avgyield.json,crop.json,,site.json,False,dwd_core_ensemble,dwd_core_ensemble/csvs_dwd_core_ensemble,MPI-M-MPI-ESM-LR,MPI-CSC-REMO2009,rcp85,r2i1p1,v1,2055-01-01,2055-12-31,False,False,True,True,True,False,False,True,False,True,False,False,False,,,0.98,100_220_390_120_330_140_25,prediction_runs,,crop_MS_2055_100_25832_etrs89-utm32n.asc,,DroughtStressThreshold,0.5,1,
1224,True,fixed,auto,SM_sfix_hauto,sim_projection_avgyield.json,crop.json,,site.json,False,dwd_core_ensemble,dwd_core_ensemble/csvs_dwd_core_ensemble,MPI-M-MPI-ESM-LR,UHOH-WRF361H,rcp85,r1i1p1,v1,2055-01-01,2055-12-31,False,False,True,True,True,False,False,True,False,True,False,False,False,,,0.98,100_220_390_120_330_140_25,prediction_runs,,crop_MS_2055_100_25832_etrs89-utm32n.asc,,DroughtStressThreshold,0.5,1,
1225,True,fixed,auto,SM_sfix_hauto,sim_projection_avgyield.json,crop.json,,site.json,False,dwd_core_ensemble,dwd_core_ensemble/csvs_dwd_core_ensemble,CCCma-CanESM2,CLMcom-CCLM4-8-17,rcp85,r1i1p1,v1,2056-01-01,2056-12-31,False,False,True,True,True,False,False,True,False,True,False,False,False,,,0.98,100_220_390_120_330_140_25,prediction_runs,,crop_MS_2056_100_25832_etrs89-utm32n.asc,,DroughtStressThreshold,0.5,1,
1226,True,fixed,auto,SM_sfix_hauto,sim_projection_avgyield.json,crop.json,,site.json,False,dwd_core_ensemble,dwd_core_ensemble/csvs_dwd_core_ensemble,ICHEC-EC-EARTH,CLMcom-CCLM4-8-17,rcp26,r12i1p1,v1,2056-01-01,2056-12-31,False,False,True,True,True,False,False,True,False,True,False,False,False,,,0.98,100_220_390_120_330_140_25,prediction_runs,,crop_MS_2056_100_25832_etrs89-utm32n.asc,,DroughtStressThreshold,0.5,1,
1227,True,fixed,auto,SM_sfix_hauto,sim_projection_avgyield.json,crop.json,,site.json,False,dwd_core_ensemble,dwd_core_ensemble/csvs_dwd_core_ensemble,ICHEC-EC-EARTH,KNMI-RACMO22E,rcp26,r12i1p1,v1,2056-01-01,2056-12-31,False,False,True,True,True,False,False,True,False,True,False,False,False,,,0.98,100_220_390_120_330_140_25,prediction_runs,,crop_MS_2056_100_25832_etrs89-utm32n.asc,,DroughtStressThreshold,0.5,1,
1228,True,fixed,auto,SM_sfix_hauto,sim_projection_avgyield.json,crop.json,,site.json,False,dwd_core_ensemble,dwd_core_ensemble/csvs_dwd_core_ensemble,ICHEC-EC-EARTH,KNMI-RACMO22E,rcp45,r1i1p1,v1,2056-01-01,2056-12-31,False,False,True,True,True,False,False,True,False,True,False,False,False,,,0.98,100_220_390_120_330_140_25,prediction_runs,,crop_MS_2056_100_25832_etrs89-utm32n.asc,,DroughtStressThreshold,0.5,1,
1229,True,fixed,auto,SM_sfix_hauto,sim_projection_avgyield.json,crop.json,,site.json,False,dwd_core_ensemble,dwd_core_ensemble/csvs_dwd_core_ensemble,ICHEC-EC-EARTH,KNMI-RACMO22E,rcp45,r12i1p1,v1,2056-01-01,2056-12-31,False,False,True,True,True,False,False,True,False,True,False,False,False,,,0.98,100_220_390_120_330_140_25,prediction_runs,,crop_MS_2056_100_25832_etrs89-utm32n.asc,,DroughtStressThreshold,0.5,1,
1230,True,fixed,auto,SM_sfix_hauto,sim_projection_avgyield.json,crop.json,,site.json,False,dwd_core_ensemble,dwd_core_ensemble/csvs_dwd_core_ensemble,ICHEC-EC-EARTH,KNMI-RACMO22E,rcp85,r1i1p1,v1,2056-01-01,2056-12-31,False,False,True,True,True,False,False,True,False,True,False,False,False,,,0.98,100_220_390_120_330_140_25,prediction_runs,,crop_MS_2056_100_25832_etrs89-utm32n.asc,,DroughtStressThreshold,0.5,1,
1231,True,fixed,auto,SM_sfix_hauto,sim_projection_avgyield.json,crop.json,,site.json,False,dwd_core_ensemble,dwd_core_ensemble/csvs_dwd_core_ensemble,ICHEC-EC-EARTH,SMHI-RCA4,rcp45,r12i1p1,v1,2056-01-01,2056-12-31,False,False,True,True,True,False,False,True,False,True,False,False,False,,,0.98,100_220_390_120_330_140_25,prediction_runs,,crop_MS_2056_100_25832_etrs89-utm32n.asc,,DroughtStressThreshold,0.5,1,
1232,True,fixed,auto,SM_sfix_hauto,sim_projection_avgyield.json,crop.json,,site.json,False,dwd_core_ensemble,dwd_core_ensemble/csvs_dwd_core_ensemble,MIROC-MIROC5,CLMcom-CCLM4-8-17,rcp26,r1i1p1,v1,2056-01-01,2056-12-31,False,False,True,True,True,False,False,True,False,True,False,False,False,,,0.98,100_220_390_120_330_140_25,prediction_runs,,crop_MS_2056_100_25832_etrs89-utm32n.asc,,DroughtStressThreshold,0.5,1,
1233,True,fixed,auto,SM_sfix_hauto,sim_projection_avgyield.json,crop.json,,site.json,False,dwd_core_ensemble,dwd_core_ensemble/csvs_dwd_core_ensemble,MIROC-MIROC5,GERICS-REMO2015,rcp85,r1i1p1,v1,2056-01-01,2056-12-31,False,False,True,True,True,False,False,True,False,True,False,False,False,,,0.98,100_220_390_120_330_140_25,prediction_runs,,crop_MS_2056_100_25832_etrs89-utm32n.asc,,DroughtStressThreshold,0.5,1,
1234,True,fixed,auto,SM_sfix_hauto,sim_projection_avgyield.json,crop.json,,site.json,False,dwd_core_ensemble,dwd_core_ensemble/csvs_dwd_core_ensemble,MOHC-HadGEM2-ES,CLMcom-CCLM4-8-17,rcp45,r1i1p1,v1,2056-01-01,2056-12-31,False,False,True,True,True,False,False,True,False,True,False,False,False,,,0.98,100_220_390_120_330_140_25,prediction_runs,,crop_MS_2056_100_25832_etrs89-utm32n.asc,,DroughtStressThreshold,0.5,1,
1235,True,fixed,auto,SM_sfix_hauto,sim_projection_avgyield.json,crop.json,,site.json,False,dwd_core_ensemble,dwd_core_ensemble/csvs_dwd_core_ensemble,MOHC-HadGEM2-ES,CLMcom-CCLM4-8-17,rcp85,r1i1p1,v1,2056-01-01,2056-12-31,False,False,True,True,True,False,False,True,False,True,False,False,False,,,0.98,100_220_390_120_330_140_25,prediction_runs,,crop_MS_2056_100_25832_etrs89-utm32n.asc,,DroughtStressThreshold,0.5,1,
1236,True,fixed,auto,SM_sfix_hauto,sim_projection_avgyield.json,crop.json,,site.json,False,dwd_core_ensemble,dwd_core_ensemble/csvs_dwd_core_ensemble,MOHC-HadGEM2-ES,KNMI-RACMO22E,rcp26,r1i1p1,v2,2056-01-01,2056-12-31,False,False,True,True,True,False,False,True,False,True,False,False,False,,,0.98,100_220_390_120_330_140_25,prediction_runs,,crop_MS_2056_100_25832_etrs89-utm32n.asc,,DroughtStressThreshold,0.5,1,
1237,True,fixed,auto,SM_sfix_hauto,sim_projection_avgyield.json,crop.json,,site.json,False,dwd_core_ensemble,dwd_core_ensemble/csvs_dwd_core_ensemble,MPI-M-MPI-ESM-LR,MPI-CSC-REMO2009,rcp26,r2i1p1,v1,2056-01-01,2056-12-31,False,False,True,True,True,False,False,True,False,True,False,False,False,,,0.98,100_220_390_120_330_140_25,prediction_runs,,crop_MS_2056_100_25832_etrs89-utm32n.asc,,DroughtStressThreshold,0.5,1,
1238,True,fixed,auto,SM_sfix_hauto,sim_projection_avgyield.json,crop.json,,site.json,False,dwd_core_ensemble,dwd_core_ensemble/csvs_dwd_core_ensemble,MPI-M-MPI-ESM-LR,MPI-CSC-REMO2009,rcp45,r1i1p1,v1,2056-01-01,2056-12-31,False,False,True,True,True,False,False,True,False,True,False,False,False,,,0.98,100_220_390_120_330_140_25,prediction_runs,,crop_MS_2056_100_25832_etrs89-utm32n.asc,,DroughtStressThreshold,0.5,1,
1239,True,fixed,auto,SM_sfix_hauto,sim_projection_avgyield.json,crop.json,,site.json,False,dwd_core_ensemble,dwd_core_ensemble/csvs_dwd_core_ensemble,MPI-M-MPI-ESM-LR,MPI-CSC-REMO2009,rcp45,r2i1p1,v1,2056-01-01,2056-12-31,False,False,True,True,True,False,False,True,False,True,False,False,False,,,0.98,100_220_390_120_330_140_25,prediction_runs,,crop_MS_2056_100_25832_etrs89-utm32n.asc,,DroughtStressThreshold,0.5,1,
1240,True,fixed,auto,SM_sfix_hauto,sim_projection_avgyield.json,crop.json,,site.json,False,dwd_core_ensemble,dwd_core_ensemble/csvs_dwd_core_ensemble,MPI-M-MPI-ESM-LR,MPI-CSC-REMO2009,rcp85,r2i1p1,v1,2056-01-01,2056-12-31,False,False,True,True,True,False,False,True,False,True,False,False,False,,,0.98,100_220_390_120_330_140_25,prediction_runs,,crop_MS_2056_100_25832_etrs89-utm32n.asc,,DroughtStressThreshold,0.5,1,
1241,True,fixed,auto,SM_sfix_hauto,sim_projection_avgyield.json,crop.json,,site.json,False,dwd_core_ensemble,dwd_core_ensemble/csvs_dwd_core_ensemble,MPI-M-MPI-ESM-LR,UHOH-WRF361H,rcp85,r1i1p1,v1,2056-01-01,2056-12-31,False,False,True,True,True,False,False,True,False,True,False,False,False,,,0.98,100_220_390_120_330_140_25,prediction_runs,,crop_MS_2056_100_25832_etrs89-utm32n.asc,,DroughtStressThreshold,0.5,1,
1242,True,fixed,auto,SM_sfix_hauto,sim_projection_avgyield.json,crop.json,,site.json,False,dwd_core_ensemble,dwd_core_ensemble/csvs_dwd_core_ensemble,CCCma-CanESM2,CLMcom-CCLM4-8-17,rcp85,r1i1p1,v1,2057-01-01,2057-12-31,False,False,True,True,True,False,False,True,False,True,False,False,False,,,0.98,100_220_390_120_330_140_25,prediction_runs,,crop_MS_2057_100_25832_etrs89-utm32n.asc,,DroughtStressThreshold,0.5,1,
1243,True,fixed,auto,SM_sfix_hauto,sim_projection_avgyield.json,crop.json,,site.json,False,dwd_core_ensemble,dwd_core_ensemble/csvs_dwd_core_ensemble,ICHEC-EC-EARTH,CLMcom-CCLM4-8-17,rcp26,r12i1p1,v1,2057-01-01,2057-12-31,False,False,True,True,True,False,False,True,False,True,False,False,False,,,0.98,100_220_390_120_330_140_25,prediction_runs,,crop_MS_2057_100_25832_etrs89-utm32n.asc,,DroughtStressThreshold,0.5,1,
1244,True,fixed,auto,SM_sfix_hauto,sim_projection_avgyield.json,crop.json,,site.json,False,dwd_core_ensemble,dwd_core_ensemble/csvs_dwd_core_ensemble,ICHEC-EC-EARTH,KNMI-RACMO22E,rcp26,r12i1p1,v1,2057-01-01,2057-12-31,False,False,True,True,True,False,False,True,False,True,False,False,False,,,0.98,100_220_390_120_330_140_25,prediction_runs,,crop_MS_2057_100_25832_etrs89-utm32n.asc,,DroughtStressThreshold,0.5,1,
1245,True,fixed,auto,SM_sfix_hauto,sim_projection_avgyield.json,crop.json,,site.json,False,dwd_core_ensemble,dwd_core_ensemble/csvs_dwd_core_ensemble,ICHEC-EC-EARTH,KNMI-RACMO22E,rcp45,r1i1p1,v1,2057-01-01,2057-12-31,False,False,True,True,True,False,False,True,False,True,False,False,False,,,0.98,100_220_390_120_330_140_25,prediction_runs,,crop_MS_2057_100_25832_etrs89-utm32n.asc,,DroughtStressThreshold,0.5,1,
1246,True,fixed,auto,SM_sfix_hauto,sim_projection_avgyield.json,crop.json,,site.json,False,dwd_core_ensemble,dwd_core_ensemble/csvs_dwd_core_ensemble,ICHEC-EC-EARTH,KNMI-RACMO22E,rcp45,r12i1p1,v1,2057-01-01,2057-12-31,False,False,True,True,True,False,False,True,False,True,False,False,False,,,0.98,100_220_390_120_330_140_25,prediction_runs,,crop_MS_2057_100_25832_etrs89-utm32n.asc,,DroughtStressThreshold,0.5,1,
1247,True,fixed,auto,SM_sfix_hauto,sim_projection_avgyield.json,crop.json,,site.json,False,dwd_core_ensemble,dwd_core_ensemble/csvs_dwd_core_ensemble,ICHEC-EC-EARTH,KNMI-RACMO22E,rcp85,r1i1p1,v1,2057-01-01,2057-12-31,False,False,True,True,True,False,False,True,False,True,False,False,False,,,0.98,100_220_390_120_330_140_25,prediction_runs,,crop_MS_2057_100_25832_etrs89-utm32n.asc,,DroughtStressThreshold,0.5,1,
1248,True,fixed,auto,SM_sfix_hauto,sim_projection_avgyield.json,crop.json,,site.json,False,dwd_core_ensemble,dwd_core_ensemble/csvs_dwd_core_ensemble,ICHEC-EC-EARTH,SMHI-RCA4,rcp45,r12i1p1,v1,2057-01-01,2057-12-31,False,False,True,True,True,False,False,True,False,True,False,False,False,,,0.98,100_220_390_120_330_140_25,prediction_runs,,crop_MS_2057_100_25832_etrs89-utm32n.asc,,DroughtStressThreshold,0.5,1,
1249,True,fixed,auto,SM_sfix_hauto,sim_projection_avgyield.json,crop.json,,site.json,False,dwd_core_ensemble,dwd_core_ensemble/csvs_dwd_core_ensemble,MIROC-MIROC5,CLMcom-CCLM4-8-17,rcp26,r1i1p1,v1,2057-01-01,2057-12-31,False,False,True,True,True,False,False,True,False,True,False,False,False,,,0.98,100_220_390_120_330_140_25,prediction_runs,,crop_MS_2057_100_25832_etrs89-utm32n.asc,,DroughtStressThreshold,0.5,1,
1250,True,fixed,auto,SM_sfix_hauto,sim_projection_avgyield.json,crop.json,,site.json,False,dwd_core_ensemble,dwd_core_ensemble/csvs_dwd_core_ensemble,MIROC-MIROC5,GERICS-REMO2015,rcp85,r1i1p1,v1,2057-01-01,2057-12-31,False,False,True,True,True,False,False,True,False,True,False,False,False,,,0.98,100_220_390_120_330_140_25,prediction_runs,,crop_MS_2057_100_25832_etrs89-utm32n.asc,,DroughtStressThreshold,0.5,1,
1251,True,fixed,auto,SM_sfix_hauto,sim_projection_avgyield.json,crop.json,,site.json,False,dwd_core_ensemble,dwd_core_ensemble/csvs_dwd_core_ensemble,MOHC-HadGEM2-ES,CLMcom-CCLM4-8-17,rcp45,r1i1p1,v1,2057-01-01,2057-12-31,False,False,True,True,True,False,False,True,False,True,False,False,False,,,0.98,100_220_390_120_330_140_25,prediction_runs,,crop_MS_2057_100_25832_etrs89-utm32n.asc,,DroughtStressThreshold,0.5,1,
1252,True,fixed,auto,SM_sfix_hauto,sim_projection_avgyield.json,crop.json,,site.json,False,dwd_core_ensemble,dwd_core_ensemble/csvs_dwd_core_ensemble,MOHC-HadGEM2-ES,CLMcom-CCLM4-8-17,rcp85,r1i1p1,v1,2057-01-01,2057-12-31,False,False,True,True,True,False,False,True,False,True,False,False,False,,,0.98,100_220_390_120_330_140_25,prediction_runs,,crop_MS_2057_100_25832_etrs89-utm32n.asc,,DroughtStressThreshold,0.5,1,
1253,True,fixed,auto,SM_sfix_hauto,sim_projection_avgyield.json,crop.json,,site.json,False,dwd_core_ensemble,dwd_core_ensemble/csvs_dwd_core_ensemble,MOHC-HadGEM2-ES,KNMI-RACMO22E,rcp26,r1i1p1,v2,2057-01-01,2057-12-31,False,False,True,True,True,False,False,True,False,True,False,False,False,,,0.98,100_220_390_120_330_140_25,prediction_runs,,crop_MS_2057_100_25832_etrs89-utm32n.asc,,DroughtStressThreshold,0.5,1,
1254,True,fixed,auto,SM_sfix_hauto,sim_projection_avgyield.json,crop.json,,site.json,False,dwd_core_ensemble,dwd_core_ensemble/csvs_dwd_core_ensemble,MPI-M-MPI-ESM-LR,MPI-CSC-REMO2009,rcp26,r2i1p1,v1,2057-01-01,2057-12-31,False,False,True,True,True,False,False,True,False,True,False,False,False,,,0.98,100_220_390_120_330_140_25,prediction_runs,,crop_MS_2057_100_25832_etrs89-utm32n.asc,,DroughtStressThreshold,0.5,1,
1255,True,fixed,auto,SM_sfix_hauto,sim_projection_avgyield.json,crop.json,,site.json,False,dwd_core_ensemble,dwd_core_ensemble/csvs_dwd_core_ensemble,MPI-M-MPI-ESM-LR,MPI-CSC-REMO2009,rcp45,r1i1p1,v1,2057-01-01,2057-12-31,False,False,True,True,True,False,False,True,False,True,False,False,False,,,0.98,100_220_390_120_330_140_25,prediction_runs,,crop_MS_2057_100_25832_etrs89-utm32n.asc,,DroughtStressThreshold,0.5,1,
1256,True,fixed,auto,SM_sfix_hauto,sim_projection_avgyield.json,crop.json,,site.json,False,dwd_core_ensemble,dwd_core_ensemble/csvs_dwd_core_ensemble,MPI-M-MPI-ESM-LR,MPI-CSC-REMO2009,rcp45,r2i1p1,v1,2057-01-01,2057-12-31,False,False,True,True,True,False,False,True,False,True,False,False,False,,,0.98,100_220_390_120_330_140_25,prediction_runs,,crop_MS_2057_100_25832_etrs89-utm32n.asc,,DroughtStressThreshold,0.5,1,
1257,True,fixed,auto,SM_sfix_hauto,sim_projection_avgyield.json,crop.json,,site.json,False,dwd_core_ensemble,dwd_core_ensemble/csvs_dwd_core_ensemble,MPI-M-MPI-ESM-LR,MPI-CSC-REMO2009,rcp85,r2i1p1,v1,2057-01-01,2057-12-31,False,False,True,True,True,False,False,True,False,True,False,False,False,,,0.98,100_220_390_120_330_140_25,prediction_runs,,crop_MS_2057_100_25832_etrs89-utm32n.asc,,DroughtStressThreshold,0.5,1,
1258,True,fixed,auto,SM_sfix_hauto,sim_projection_avgyield.json,crop.json,,site.json,False,dwd_core_ensemble,dwd_core_ensemble/csvs_dwd_core_ensemble,MPI-M-MPI-ESM-LR,UHOH-WRF361H,rcp85,r1i1p1,v1,2057-01-01,2057-12-31,False,False,True,True,True,False,False,True,False,True,False,False,False,,,0.98,100_220_390_120_330_140_25,prediction_runs,,crop_MS_2057_100_25832_etrs89-utm32n.asc,,DroughtStressThreshold,0.5,1,
1259,True,fixed,auto,SM_sfix_hauto,sim_projection_avgyield.json,crop.json,,site.json,False,dwd_core_ensemble,dwd_core_ensemble/csvs_dwd_core_ensemble,CCCma-CanESM2,CLMcom-CCLM4-8-17,rcp85,r1i1p1,v1,2058-01-01,2058-12-31,False,False,True,True,True,False,False,True,False,True,False,False,False,,,0.98,100_220_390_120_330_140_25,prediction_runs,,crop_MS_2058_100_25832_etrs89-utm32n.asc,,DroughtStressThreshold,0.5,1,
1260,True,fixed,auto,SM_sfix_hauto,sim_projection_avgyield.json,crop.json,,site.json,False,dwd_core_ensemble,dwd_core_ensemble/csvs_dwd_core_ensemble,ICHEC-EC-EARTH,CLMcom-CCLM4-8-17,rcp26,r12i1p1,v1,2058-01-01,2058-12-31,False,False,True,True,True,False,False,True,False,True,False,False,False,,,0.98,100_220_390_120_330_140_25,prediction_runs,,crop_MS_2058_100_25832_etrs89-utm32n.asc,,DroughtStressThreshold,0.5,1,
1261,True,fixed,auto,SM_sfix_hauto,sim_projection_avgyield.json,crop.json,,site.json,False,dwd_core_ensemble,dwd_core_ensemble/csvs_dwd_core_ensemble,ICHEC-EC-EARTH,KNMI-RACMO22E,rcp26,r12i1p1,v1,2058-01-01,2058-12-31,False,False,True,True,True,False,False,True,False,True,False,False,False,,,0.98,100_220_390_120_330_140_25,prediction_runs,,crop_MS_2058_100_25832_etrs89-utm32n.asc,,DroughtStressThreshold,0.5,1,
1262,True,fixed,auto,SM_sfix_hauto,sim_projection_avgyield.json,crop.json,,site.json,False,dwd_core_ensemble,dwd_core_ensemble/csvs_dwd_core_ensemble,ICHEC-EC-EARTH,KNMI-RACMO22E,rcp45,r1i1p1,v1,2058-01-01,2058-12-31,False,False,True,True,True,False,False,True,False,True,False,False,False,,,0.98,100_220_390_120_330_140_25,prediction_runs,,crop_MS_2058_100_25832_etrs89-utm32n.asc,,DroughtStressThreshold,0.5,1,
1263,True,fixed,auto,SM_sfix_hauto,sim_projection_avgyield.json,crop.json,,site.json,False,dwd_core_ensemble,dwd_core_ensemble/csvs_dwd_core_ensemble,ICHEC-EC-EARTH,KNMI-RACMO22E,rcp45,r12i1p1,v1,2058-01-01,2058-12-31,False,False,True,True,True,False,False,True,False,True,False,False,False,,,0.98,100_220_390_120_330_140_25,prediction_runs,,crop_MS_2058_100_25832_etrs89-utm32n.asc,,DroughtStressThreshold,0.5,1,
1264,True,fixed,auto,SM_sfix_hauto,sim_projection_avgyield.json,crop.json,,site.json,False,dwd_core_ensemble,dwd_core_ensemble/csvs_dwd_core_ensemble,ICHEC-EC-EARTH,KNMI-RACMO22E,rcp85,r1i1p1,v1,2058-01-01,2058-12-31,False,False,True,True,True,False,False,True,False,True,False,False,False,,,0.98,100_220_390_120_330_140_25,prediction_runs,,crop_MS_2058_100_25832_etrs89-utm32n.asc,,DroughtStressThreshold,0.5,1,
1265,True,fixed,auto,SM_sfix_hauto,sim_projection_avgyield.json,crop.json,,site.json,False,dwd_core_ensemble,dwd_core_ensemble/csvs_dwd_core_ensemble,ICHEC-EC-EARTH,SMHI-RCA4,rcp45,r12i1p1,v1,2058-01-01,2058-12-31,False,False,True,True,True,False,False,True,False,True,False,False,False,,,0.98,100_220_390_120_330_140_25,prediction_runs,,crop_MS_2058_100_25832_etrs89-utm32n.asc,,DroughtStressThreshold,0.5,1,
1266,True,fixed,auto,SM_sfix_hauto,sim_projection_avgyield.json,crop.json,,site.json,False,dwd_core_ensemble,dwd_core_ensemble/csvs_dwd_core_ensemble,MIROC-MIROC5,CLMcom-CCLM4-8-17,rcp26,r1i1p1,v1,2058-01-01,2058-12-31,False,False,True,True,True,False,False,True,False,True,False,False,False,,,0.98,100_220_390_120_330_140_25,prediction_runs,,crop_MS_2058_100_25832_etrs89-utm32n.asc,,DroughtStressThreshold,0.5,1,
1267,True,fixed,auto,SM_sfix_hauto,sim_projection_avgyield.json,crop.json,,site.json,False,dwd_core_ensemble,dwd_core_ensemble/csvs_dwd_core_ensemble,MIROC-MIROC5,GERICS-REMO2015,rcp85,r1i1p1,v1,2058-01-01,2058-12-31,False,False,True,True,True,False,False,True,False,True,False,False,False,,,0.98,100_220_390_120_330_140_25,prediction_runs,,crop_MS_2058_100_25832_etrs89-utm32n.asc,,DroughtStressThreshold,0.5,1,
1268,True,fixed,auto,SM_sfix_hauto,sim_projection_avgyield.json,crop.json,,site.json,False,dwd_core_ensemble,dwd_core_ensemble/csvs_dwd_core_ensemble,MOHC-HadGEM2-ES,CLMcom-CCLM4-8-17,rcp45,r1i1p1,v1,2058-01-01,2058-12-31,False,False,True,True,True,False,False,True,False,True,False,False,False,,,0.98,100_220_390_120_330_140_25,prediction_runs,,crop_MS_2058_100_25832_etrs89-utm32n.asc,,DroughtStressThreshold,0.5,1,
1269,True,fixed,auto,SM_sfix_hauto,sim_projection_avgyield.json,crop.json,,site.json,False,dwd_core_ensemble,dwd_core_ensemble/csvs_dwd_core_ensemble,MOHC-HadGEM2-ES,CLMcom-CCLM4-8-17,rcp85,r1i1p1,v1,2058-01-01,2058-12-31,False,False,True,True,True,False,False,True,False,True,False,False,False,,,0.98,100_220_390_120_330_140_25,prediction_runs,,crop_MS_2058_100_25832_etrs89-utm32n.asc,,DroughtStressThreshold,0.5,1,
1270,True,fixed,auto,SM_sfix_hauto,sim_projection_avgyield.json,crop.json,,site.json,False,dwd_core_ensemble,dwd_core_ensemble/csvs_dwd_core_ensemble,MOHC-HadGEM2-ES,KNMI-RACMO22E,rcp26,r1i1p1,v2,2058-01-01,2058-12-31,False,False,True,True,True,False,False,True,False,True,False,False,False,,,0.98,100_220_390_120_330_140_25,prediction_runs,,crop_MS_2058_100_25832_etrs89-utm32n.asc,,DroughtStressThreshold,0.5,1,
1271,True,fixed,auto,SM_sfix_hauto,sim_projection_avgyield.json,crop.json,,site.json,False,dwd_core_ensemble,dwd_core_ensemble/csvs_dwd_core_ensemble,MPI-M-MPI-ESM-LR,MPI-CSC-REMO2009,rcp26,r2i1p1,v1,2058-01-01,2058-12-31,False,False,True,True,True,False,False,True,False,True,False,False,False,,,0.98,100_220_390_120_330_140_25,prediction_runs,,crop_MS_2058_100_25832_etrs89-utm32n.asc,,DroughtStressThreshold,0.5,1,
1272,True,fixed,auto,SM_sfix_hauto,sim_projection_avgyield.json,crop.json,,site.json,False,dwd_core_ensemble,dwd_core_ensemble/csvs_dwd_core_ensemble,MPI-M-MPI-ESM-LR,MPI-CSC-REMO2009,rcp45,r1i1p1,v1,2058-01-01,2058-12-31,False,False,True,True,True,False,False,True,False,True,False,False,False,,,0.98,100_220_390_120_330_140_25,prediction_runs,,crop_MS_2058_100_25832_etrs89-utm32n.asc,,DroughtStressThreshold,0.5,1,
1273,True,fixed,auto,SM_sfix_hauto,sim_projection_avgyield.json,crop.json,,site.json,False,dwd_core_ensemble,dwd_core_ensemble/csvs_dwd_core_ensemble,MPI-M-MPI-ESM-LR,MPI-CSC-REMO2009,rcp45,r2i1p1,v1,2058-01-01,2058-12-31,False,False,True,True,True,False,False,True,False,True,False,False,False,,,0.98,100_220_390_120_330_140_25,prediction_runs,,crop_MS_2058_100_25832_etrs89-utm32n.asc,,DroughtStressThreshold,0.5,1,
1274,True,fixed,auto,SM_sfix_hauto,sim_projection_avgyield.json,crop.json,,site.json,False,dwd_core_ensemble,dwd_core_ensemble/csvs_dwd_core_ensemble,MPI-M-MPI-ESM-LR,MPI-CSC-REMO2009,rcp85,r2i1p1,v1,2058-01-01,2058-12-31,False,False,True,True,True,False,False,True,False,True,False,False,False,,,0.98,100_220_390_120_330_140_25,prediction_runs,,crop_MS_2058_100_25832_etrs89-utm32n.asc,,DroughtStressThreshold,0.5,1,
1275,True,fixed,auto,SM_sfix_hauto,sim_projection_avgyield.json,crop.json,,site.json,False,dwd_core_ensemble,dwd_core_ensemble/csvs_dwd_core_ensemble,MPI-M-MPI-ESM-LR,UHOH-WRF361H,rcp85,r1i1p1,v1,2058-01-01,2058-12-31,False,False,True,True,True,False,False,True,False,True,False,False,False,,,0.98,100_220_390_120_330_140_25,prediction_runs,,crop_MS_2058_100_25832_etrs89-utm32n.asc,,DroughtStressThreshold,0.5,1,
1276,True,fixed,auto,SM_sfix_hauto,sim_projection_avgyield.json,crop.json,,site.json,False,dwd_core_ensemble,dwd_core_ensemble/csvs_dwd_core_ensemble,CCCma-CanESM2,CLMcom-CCLM4-8-17,rcp85,r1i1p1,v1,2059-01-01,2059-12-31,False,False,True,True,True,False,False,True,False,True,False,False,False,,,0.98,100_220_390_120_330_140_25,prediction_runs,,crop_MS_2059_100_25832_etrs89-utm32n.asc,,DroughtStressThreshold,0.5,1,
1277,True,fixed,auto,SM_sfix_hauto,sim_projection_avgyield.json,crop.json,,site.json,False,dwd_core_ensemble,dwd_core_ensemble/csvs_dwd_core_ensemble,ICHEC-EC-EARTH,CLMcom-CCLM4-8-17,rcp26,r12i1p1,v1,2059-01-01,2059-12-31,False,False,True,True,True,False,False,True,False,True,False,False,False,,,0.98,100_220_390_120_330_140_25,prediction_runs,,crop_MS_2059_100_25832_etrs89-utm32n.asc,,DroughtStressThreshold,0.5,1,
1278,True,fixed,auto,SM_sfix_hauto,sim_projection_avgyield.json,crop.json,,site.json,False,dwd_core_ensemble,dwd_core_ensemble/csvs_dwd_core_ensemble,ICHEC-EC-EARTH,KNMI-RACMO22E,rcp26,r12i1p1,v1,2059-01-01,2059-12-31,False,False,True,True,True,False,False,True,False,True,False,False,False,,,0.98,100_220_390_120_330_140_25,prediction_runs,,crop_MS_2059_100_25832_etrs89-utm32n.asc,,DroughtStressThreshold,0.5,1,
1279,True,fixed,auto,SM_sfix_hauto,sim_projection_avgyield.json,crop.json,,site.json,False,dwd_core_ensemble,dwd_core_ensemble/csvs_dwd_core_ensemble,ICHEC-EC-EARTH,KNMI-RACMO22E,rcp45,r1i1p1,v1,2059-01-01,2059-12-31,False,False,True,True,True,False,False,True,False,True,False,False,False,,,0.98,100_220_390_120_330_140_25,prediction_runs,,crop_MS_2059_100_25832_etrs89-utm32n.asc,,DroughtStressThreshold,0.5,1,
1280,True,fixed,auto,SM_sfix_hauto,sim_projection_avgyield.json,crop.json,,site.json,False,dwd_core_ensemble,dwd_core_ensemble/csvs_dwd_core_ensemble,ICHEC-EC-EARTH,KNMI-RACMO22E,rcp45,r12i1p1,v1,2059-01-01,2059-12-31,False,False,True,True,True,False,False,True,False,True,False,False,False,,,0.98,100_220_390_120_330_140_25,prediction_runs,,crop_MS_2059_100_25832_etrs89-utm32n.asc,,DroughtStressThreshold,0.5,1,
1281,True,fixed,auto,SM_sfix_hauto,sim_projection_avgyield.json,crop.json,,site.json,False,dwd_core_ensemble,dwd_core_ensemble/csvs_dwd_core_ensemble,ICHEC-EC-EARTH,KNMI-RACMO22E,rcp85,r1i1p1,v1,2059-01-01,2059-12-31,False,False,True,True,True,False,False,True,False,True,False,False,False,,,0.98,100_220_390_120_330_140_25,prediction_runs,,crop_MS_2059_100_25832_etrs89-utm32n.asc,,DroughtStressThreshold,0.5,1,
1282,True,fixed,auto,SM_sfix_hauto,sim_projection_avgyield.json,crop.json,,site.json,False,dwd_core_ensemble,dwd_core_ensemble/csvs_dwd_core_ensemble,ICHEC-EC-EARTH,SMHI-RCA4,rcp45,r12i1p1,v1,2059-01-01,2059-12-31,False,False,True,True,True,False,False,True,False,True,False,False,False,,,0.98,100_220_390_120_330_140_25,prediction_runs,,crop_MS_2059_100_25832_etrs89-utm32n.asc,,DroughtStressThreshold,0.5,1,
1283,True,fixed,auto,SM_sfix_hauto,sim_projection_avgyield.json,crop.json,,site.json,False,dwd_core_ensemble,dwd_core_ensemble/csvs_dwd_core_ensemble,MIROC-MIROC5,CLMcom-CCLM4-8-17,rcp26,r1i1p1,v1,2059-01-01,2059-12-31,False,False,True,True,True,False,False,True,False,True,False,False,False,,,0.98,100_220_390_120_330_140_25,prediction_runs,,crop_MS_2059_100_25832_etrs89-utm32n.asc,,DroughtStressThreshold,0.5,1,
1284,True,fixed,auto,SM_sfix_hauto,sim_projection_avgyield.json,crop.json,,site.json,False,dwd_core_ensemble,dwd_core_ensemble/csvs_dwd_core_ensemble,MIROC-MIROC5,GERICS-REMO2015,rcp85,r1i1p1,v1,2059-01-01,2059-12-31,False,False,True,True,True,False,False,True,False,True,False,False,False,,,0.98,100_220_390_120_330_140_25,prediction_runs,,crop_MS_2059_100_25832_etrs89-utm32n.asc,,DroughtStressThreshold,0.5,1,
1285,True,fixed,auto,SM_sfix_hauto,sim_projection_avgyield.json,crop.json,,site.json,False,dwd_core_ensemble,dwd_core_ensemble/csvs_dwd_core_ensemble,MOHC-HadGEM2-ES,CLMcom-CCLM4-8-17,rcp45,r1i1p1,v1,2059-01-01,2059-12-31,False,False,True,True,True,False,False,True,False,True,False,False,False,,,0.98,100_220_390_120_330_140_25,prediction_runs,,crop_MS_2059_100_25832_etrs89-utm32n.asc,,DroughtStressThreshold,0.5,1,
1286,True,fixed,auto,SM_sfix_hauto,sim_projection_avgyield.json,crop.json,,site.json,False,dwd_core_ensemble,dwd_core_ensemble/csvs_dwd_core_ensemble,MOHC-HadGEM2-ES,CLMcom-CCLM4-8-17,rcp85,r1i1p1,v1,2059-01-01,2059-12-31,False,False,True,True,True,False,False,True,False,True,False,False,False,,,0.98,100_220_390_120_330_140_25,prediction_runs,,crop_MS_2059_100_25832_etrs89-utm32n.asc,,DroughtStressThreshold,0.5,1,
1287,True,fixed,auto,SM_sfix_hauto,sim_projection_avgyield.json,crop.json,,site.json,False,dwd_core_ensemble,dwd_core_ensemble/csvs_dwd_core_ensemble,MOHC-HadGEM2-ES,KNMI-RACMO22E,rcp26,r1i1p1,v2,2059-01-01,2059-12-31,False,False,True,True,True,False,False,True,False,True,False,False,False,,,0.98,100_220_390_120_330_140_25,prediction_runs,,crop_MS_2059_100_25832_etrs89-utm32n.asc,,DroughtStressThreshold,0.5,1,
1288,True,fixed,auto,SM_sfix_hauto,sim_projection_avgyield.json,crop.json,,site.json,False,dwd_core_ensemble,dwd_core_ensemble/csvs_dwd_core_ensemble,MPI-M-MPI-ESM-LR,MPI-CSC-REMO2009,rcp26,r2i1p1,v1,2059-01-01,2059-12-31,False,False,True,True,True,False,False,True,False,True,False,False,False,,,0.98,100_220_390_120_330_140_25,prediction_runs,,crop_MS_2059_100_25832_etrs89-utm32n.asc,,DroughtStressThreshold,0.5,1,
1289,True,fixed,auto,SM_sfix_hauto,sim_projection_avgyield.json,crop.json,,site.json,False,dwd_core_ensemble,dwd_core_ensemble/csvs_dwd_core_ensemble,MPI-M-MPI-ESM-LR,MPI-CSC-REMO2009,rcp45,r1i1p1,v1,2059-01-01,2059-12-31,False,False,True,True,True,False,False,True,False,True,False,False,False,,,0.98,100_220_390_120_330_140_25,prediction_runs,,crop_MS_2059_100_25832_etrs89-utm32n.asc,,DroughtStressThreshold,0.5,1,
1290,True,fixed,auto,SM_sfix_hauto,sim_projection_avgyield.json,crop.json,,site.json,False,dwd_core_ensemble,dwd_core_ensemble/csvs_dwd_core_ensemble,MPI-M-MPI-ESM-LR,MPI-CSC-REMO2009,rcp45,r2i1p1,v1,2059-01-01,2059-12-31,False,False,True,True,True,False,False,True,False,True,False,False,False,,,0.98,100_220_390_120_330_140_25,prediction_runs,,crop_MS_2059_100_25832_etrs89-utm32n.asc,,DroughtStressThreshold,0.5,1,
1291,True,fixed,auto,SM_sfix_hauto,sim_projection_avgyield.json,crop.json,,site.json,False,dwd_core_ensemble,dwd_core_ensemble/csvs_dwd_core_ensemble,MPI-M-MPI-ESM-LR,MPI-CSC-REMO2009,rcp85,r2i1p1,v1,2059-01-01,2059-12-31,False,False,True,True,True,False,False,True,False,True,False,False,False,,,0.98,100_220_390_120_330_140_25,prediction_runs,,crop_MS_2059_100_25832_etrs89-utm32n.asc,,DroughtStressThreshold,0.5,1,
1292,True,fixed,auto,SM_sfix_hauto,sim_projection_avgyield.json,crop.json,,site.json,False,dwd_core_ensemble,dwd_core_ensemble/csvs_dwd_core_ensemble,MPI-M-MPI-ESM-LR,UHOH-WRF361H,rcp85,r1i1p1,v1,2059-01-01,2059-12-31,False,False,True,True,True,False,False,True,False,True,False,False,False,,,0.98,100_220_390_120_330_140_25,prediction_runs,,crop_MS_2059_100_25832_etrs89-utm32n.asc,,DroughtStressThreshold,0.5,1,
1293,True,fixed,auto,SM_sfix_hauto,sim_projection_avgyield.json,crop.json,,site.json,False,dwd_core_ensemble,dwd_core_ensemble/csvs_dwd_core_ensemble,CCCma-CanESM2,CLMcom-CCLM4-8-17,rcp85,r1i1p1,v1,2060-01-01,2060-12-31,False,False,True,True,True,False,False,True,False,True,False,False,False,,,0.98,100_220_390_120_330_140_25,prediction_runs,,crop_MS_2060_100_25832_etrs89-utm32n.asc,,DroughtStressThreshold,0.5,1,
1294,True,fixed,auto,SM_sfix_hauto,sim_projection_avgyield.json,crop.json,,site.json,False,dwd_core_ensemble,dwd_core_ensemble/csvs_dwd_core_ensemble,ICHEC-EC-EARTH,CLMcom-CCLM4-8-17,rcp26,r12i1p1,v1,2060-01-01,2060-12-31,False,False,True,True,True,False,False,True,False,True,False,False,False,,,0.98,100_220_390_120_330_140_25,prediction_runs,,crop_MS_2060_100_25832_etrs89-utm32n.asc,,DroughtStressThreshold,0.5,1,
1295,True,fixed,auto,SM_sfix_hauto,sim_projection_avgyield.json,crop.json,,site.json,False,dwd_core_ensemble,dwd_core_ensemble/csvs_dwd_core_ensemble,ICHEC-EC-EARTH,KNMI-RACMO22E,rcp26,r12i1p1,v1,2060-01-01,2060-12-31,False,False,True,True,True,False,False,True,False,True,False,False,False,,,0.98,100_220_390_120_330_140_25,prediction_runs,,crop_MS_2060_100_25832_etrs89-utm32n.asc,,DroughtStressThreshold,0.5,1,
1296,True,fixed,auto,SM_sfix_hauto,sim_projection_avgyield.json,crop.json,,site.json,False,dwd_core_ensemble,dwd_core_ensemble/csvs_dwd_core_ensemble,ICHEC-EC-EARTH,KNMI-RACMO22E,rcp45,r1i1p1,v1,2060-01-01,2060-12-31,False,False,True,True,True,False,False,True,False,True,False,False,False,,,0.98,100_220_390_120_330_140_25,prediction_runs,,crop_MS_2060_100_25832_etrs89-utm32n.asc,,DroughtStressThreshold,0.5,1,
1297,True,fixed,auto,SM_sfix_hauto,sim_projection_avgyield.json,crop.json,,site.json,False,dwd_core_ensemble,dwd_core_ensemble/csvs_dwd_core_ensemble,ICHEC-EC-EARTH,KNMI-RACMO22E,rcp45,r12i1p1,v1,2060-01-01,2060-12-31,False,False,True,True,True,False,False,True,False,True,False,False,False,,,0.98,100_220_390_120_330_140_25,prediction_runs,,crop_MS_2060_100_25832_etrs89-utm32n.asc,,DroughtStressThreshold,0.5,1,
1298,True,fixed,auto,SM_sfix_hauto,sim_projection_avgyield.json,crop.json,,site.json,False,dwd_core_ensemble,dwd_core_ensemble/csvs_dwd_core_ensemble,ICHEC-EC-EARTH,KNMI-RACMO22E,rcp85,r1i1p1,v1,2060-01-01,2060-12-31,False,False,True,True,True,False,False,True,False,True,False,False,False,,,0.98,100_220_390_120_330_140_25,prediction_runs,,crop_MS_2060_100_25832_etrs89-utm32n.asc,,DroughtStressThreshold,0.5,1,
1299,True,fixed,auto,SM_sfix_hauto,sim_projection_avgyield.json,crop.json,,site.json,False,dwd_core_ensemble,dwd_core_ensemble/csvs_dwd_core_ensemble,ICHEC-EC-EARTH,SMHI-RCA4,rcp45,r12i1p1,v1,2060-01-01,2060-12-31,False,False,True,True,True,False,False,True,False,True,False,False,False,,,0.98,100_220_390_120_330_140_25,prediction_runs,,crop_MS_2060_100_25832_etrs89-utm32n.asc,,DroughtStressThreshold,0.5,1,
1300,True,fixed,auto,SM_sfix_hauto,sim_projection_avgyield.json,crop.json,,site.json,False,dwd_core_ensemble,dwd_core_ensemble/csvs_dwd_core_ensemble,MIROC-MIROC5,CLMcom-CCLM4-8-17,rcp26,r1i1p1,v1,2060-01-01,2060-12-31,False,False,True,True,True,False,False,True,False,True,False,False,False,,,0.98,100_220_390_120_330_140_25,prediction_runs,,crop_MS_2060_100_25832_etrs89-utm32n.asc,,DroughtStressThreshold,0.5,1,
1301,True,fixed,auto,SM_sfix_hauto,sim_projection_avgyield.json,crop.json,,site.json,False,dwd_core_ensemble,dwd_core_ensemble/csvs_dwd_core_ensemble,MIROC-MIROC5,GERICS-REMO2015,rcp85,r1i1p1,v1,2060-01-01,2060-12-31,False,False,True,True,True,False,False,True,False,True,False,False,False,,,0.98,100_220_390_120_330_140_25,prediction_runs,,crop_MS_2060_100_25832_etrs89-utm32n.asc,,DroughtStressThreshold,0.5,1,
1302,True,fixed,auto,SM_sfix_hauto,sim_projection_avgyield.json,crop.json,,site.json,False,dwd_core_ensemble,dwd_core_ensemble/csvs_dwd_core_ensemble,MOHC-HadGEM2-ES,CLMcom-CCLM4-8-17,rcp45,r1i1p1,v1,2060-01-01,2060-12-31,False,False,True,True,True,False,False,True,False,True,False,False,False,,,0.98,100_220_390_120_330_140_25,prediction_runs,,crop_MS_2060_100_25832_etrs89-utm32n.asc,,DroughtStressThreshold,0.5,1,
1303,True,fixed,auto,SM_sfix_hauto,sim_projection_avgyield.json,crop.json,,site.json,False,dwd_core_ensemble,dwd_core_ensemble/csvs_dwd_core_ensemble,MOHC-HadGEM2-ES,CLMcom-CCLM4-8-17,rcp85,r1i1p1,v1,2060-01-01,2060-12-31,False,False,True,True,True,False,False,True,False,True,False,False,False,,,0.98,100_220_390_120_330_140_25,prediction_runs,,crop_MS_2060_100_25832_etrs89-utm32n.asc,,DroughtStressThreshold,0.5,1,
1304,True,fixed,auto,SM_sfix_hauto,sim_projection_avgyield.json,crop.json,,site.json,False,dwd_core_ensemble,dwd_core_ensemble/csvs_dwd_core_ensemble,MOHC-HadGEM2-ES,KNMI-RACMO22E,rcp26,r1i1p1,v2,2060-01-01,2060-12-31,False,False,True,True,True,False,False,True,False,True,False,False,False,,,0.98,100_220_390_120_330_140_25,prediction_runs,,crop_MS_2060_100_25832_etrs89-utm32n.asc,,DroughtStressThreshold,0.5,1,
1305,True,fixed,auto,SM_sfix_hauto,sim_projection_avgyield.json,crop.json,,site.json,False,dwd_core_ensemble,dwd_core_ensemble/csvs_dwd_core_ensemble,MPI-M-MPI-ESM-LR,MPI-CSC-REMO2009,rcp26,r2i1p1,v1,2060-01-01,2060-12-31,False,False,True,True,True,False,False,True,False,True,False,False,False,,,0.98,100_220_390_120_330_140_25,prediction_runs,,crop_MS_2060_100_25832_etrs89-utm32n.asc,,DroughtStressThreshold,0.5,1,
1306,True,fixed,auto,SM_sfix_hauto,sim_projection_avgyield.json,crop.json,,site.json,False,dwd_core_ensemble,dwd_core_ensemble/csvs_dwd_core_ensemble,MPI-M-MPI-ESM-LR,MPI-CSC-REMO2009,rcp45,r1i1p1,v1,2060-01-01,2060-12-31,False,False,True,True,True,False,False,True,False,True,False,False,False,,,0.98,100_220_390_120_330_140_25,prediction_runs,,crop_MS_2060_100_25832_etrs89-utm32n.asc,,DroughtStressThreshold,0.5,1,
1307,True,fixed,auto,SM_sfix_hauto,sim_projection_avgyield.json,crop.json,,site.json,False,dwd_core_ensemble,dwd_core_ensemble/csvs_dwd_core_ensemble,MPI-M-MPI-ESM-LR,MPI-CSC-REMO2009,rcp45,r2i1p1,v1,2060-01-01,2060-12-31,False,False,True,True,True,False,False,True,False,True,False,False,False,,,0.98,100_220_390_120_330_140_25,prediction_runs,,crop_MS_2060_100_25832_etrs89-utm32n.asc,,DroughtStressThreshold,0.5,1,
1308,True,fixed,auto,SM_sfix_hauto,sim_projection_avgyield.json,crop.json,,site.json,False,dwd_core_ensemble,dwd_core_ensemble/csvs_dwd_core_ensemble,MPI-M-MPI-ESM-LR,MPI-CSC-REMO2009,rcp85,r2i1p1,v1,2060-01-01,2060-12-31,False,False,True,True,True,False,False,True,False,True,False,False,False,,,0.98,100_220_390_120_330_140_25,prediction_runs,,crop_MS_2060_100_25832_etrs89-utm32n.asc,,DroughtStressThreshold,0.5,1,
1309,True,fixed,auto,SM_sfix_hauto,sim_projection_avgyield.json,crop.json,,site.json,False,dwd_core_ensemble,dwd_core_ensemble/csvs_dwd_core_ensemble,MPI-M-MPI-ESM-LR,UHOH-WRF361H,rcp85,r1i1p1,v1,2060-01-01,2060-12-31,False,False,True,True,True,False,False,True,False,True,False,False,False,,,0.98,100_220_390_120_330_140_25,prediction_runs,,crop_MS_2060_100_25832_etrs89-utm32n.asc,,DroughtStressThreshold,0.5,1,
1310,True,fixed,auto,SM_sfix_hauto,sim_projection_avgyield.json,crop.json,,site.json,False,dwd_core_ensemble,dwd_core_ensemble/csvs_dwd_core_ensemble,CCCma-CanESM2,CLMcom-CCLM4-8-17,rcp85,r1i1p1,v1,2061-01-01,2061-12-31,False,False,True,True,True,False,False,True,False,True,False,False,False,,,0.98,100_220_390_120_330_140_25,prediction_runs,,crop_MS_2061_100_25832_etrs89-utm32n.asc,,DroughtStressThreshold,0.5,1,
1311,True,fixed,auto,SM_sfix_hauto,sim_projection_avgyield.json,crop.json,,site.json,False,dwd_core_ensemble,dwd_core_ensemble/csvs_dwd_core_ensemble,ICHEC-EC-EARTH,CLMcom-CCLM4-8-17,rcp26,r12i1p1,v1,2061-01-01,2061-12-31,False,False,True,True,True,False,False,True,False,True,False,False,False,,,0.98,100_220_390_120_330_140_25,prediction_runs,,crop_MS_2061_100_25832_etrs89-utm32n.asc,,DroughtStressThreshold,0.5,1,
1312,True,fixed,auto,SM_sfix_hauto,sim_projection_avgyield.json,crop.json,,site.json,False,dwd_core_ensemble,dwd_core_ensemble/csvs_dwd_core_ensemble,ICHEC-EC-EARTH,KNMI-RACMO22E,rcp26,r12i1p1,v1,2061-01-01,2061-12-31,False,False,True,True,True,False,False,True,False,True,False,False,False,,,0.98,100_220_390_120_330_140_25,prediction_runs,,crop_MS_2061_100_25832_etrs89-utm32n.asc,,DroughtStressThreshold,0.5,1,
1313,True,fixed,auto,SM_sfix_hauto,sim_projection_avgyield.json,crop.json,,site.json,False,dwd_core_ensemble,dwd_core_ensemble/csvs_dwd_core_ensemble,ICHEC-EC-EARTH,KNMI-RACMO22E,rcp45,r1i1p1,v1,2061-01-01,2061-12-31,False,False,True,True,True,False,False,True,False,True,False,False,False,,,0.98,100_220_390_120_330_140_25,prediction_runs,,crop_MS_2061_100_25832_etrs89-utm32n.asc,,DroughtStressThreshold,0.5,1,
1314,True,fixed,auto,SM_sfix_hauto,sim_projection_avgyield.json,crop.json,,site.json,False,dwd_core_ensemble,dwd_core_ensemble/csvs_dwd_core_ensemble,ICHEC-EC-EARTH,KNMI-RACMO22E,rcp45,r12i1p1,v1,2061-01-01,2061-12-31,False,False,True,True,True,False,False,True,False,True,False,False,False,,,0.98,100_220_390_120_330_140_25,prediction_runs,,crop_MS_2061_100_25832_etrs89-utm32n.asc,,DroughtStressThreshold,0.5,1,
1315,True,fixed,auto,SM_sfix_hauto,sim_projection_avgyield.json,crop.json,,site.json,False,dwd_core_ensemble,dwd_core_ensemble/csvs_dwd_core_ensemble,ICHEC-EC-EARTH,KNMI-RACMO22E,rcp85,r1i1p1,v1,2061-01-01,2061-12-31,False,False,True,True,True,False,False,True,False,True,False,False,False,,,0.98,100_220_390_120_330_140_25,prediction_runs,,crop_MS_2061_100_25832_etrs89-utm32n.asc,,DroughtStressThreshold,0.5,1,
1316,True,fixed,auto,SM_sfix_hauto,sim_projection_avgyield.json,crop.json,,site.json,False,dwd_core_ensemble,dwd_core_ensemble/csvs_dwd_core_ensemble,ICHEC-EC-EARTH,SMHI-RCA4,rcp45,r12i1p1,v1,2061-01-01,2061-12-31,False,False,True,True,True,False,False,True,False,True,False,False,False,,,0.98,100_220_390_120_330_140_25,prediction_runs,,crop_MS_2061_100_25832_etrs89-utm32n.asc,,DroughtStressThreshold,0.5,1,
1317,True,fixed,auto,SM_sfix_hauto,sim_projection_avgyield.json,crop.json,,site.json,False,dwd_core_ensemble,dwd_core_ensemble/csvs_dwd_core_ensemble,MIROC-MIROC5,CLMcom-CCLM4-8-17,rcp26,r1i1p1,v1,2061-01-01,2061-12-31,False,False,True,True,True,False,False,True,False,True,False,False,False,,,0.98,100_220_390_120_330_140_25,prediction_runs,,crop_MS_2061_100_25832_etrs89-utm32n.asc,,DroughtStressThreshold,0.5,1,
1318,True,fixed,auto,SM_sfix_hauto,sim_projection_avgyield.json,crop.json,,site.json,False,dwd_core_ensemble,dwd_core_ensemble/csvs_dwd_core_ensemble,MIROC-MIROC5,GERICS-REMO2015,rcp85,r1i1p1,v1,2061-01-01,2061-12-31,False,False,True,True,True,False,False,True,False,True,False,False,False,,,0.98,100_220_390_120_330_140_25,prediction_runs,,crop_MS_2061_100_25832_etrs89-utm32n.asc,,DroughtStressThreshold,0.5,1,
1319,True,fixed,auto,SM_sfix_hauto,sim_projection_avgyield.json,crop.json,,site.json,False,dwd_core_ensemble,dwd_core_ensemble/csvs_dwd_core_ensemble,MOHC-HadGEM2-ES,CLMcom-CCLM4-8-17,rcp45,r1i1p1,v1,2061-01-01,2061-12-31,False,False,True,True,True,False,False,True,False,True,False,False,False,,,0.98,100_220_390_120_330_140_25,prediction_runs,,crop_MS_2061_100_25832_etrs89-utm32n.asc,,DroughtStressThreshold,0.5,1,
1320,True,fixed,auto,SM_sfix_hauto,sim_projection_avgyield.json,crop.json,,site.json,False,dwd_core_ensemble,dwd_core_ensemble/csvs_dwd_core_ensemble,MOHC-HadGEM2-ES,CLMcom-CCLM4-8-17,rcp85,r1i1p1,v1,2061-01-01,2061-12-31,False,False,True,True,True,False,False,True,False,True,False,False,False,,,0.98,100_220_390_120_330_140_25,prediction_runs,,crop_MS_2061_100_25832_etrs89-utm32n.asc,,DroughtStressThreshold,0.5,1,
1321,True,fixed,auto,SM_sfix_hauto,sim_projection_avgyield.json,crop.json,,site.json,False,dwd_core_ensemble,dwd_core_ensemble/csvs_dwd_core_ensemble,MOHC-HadGEM2-ES,KNMI-RACMO22E,rcp26,r1i1p1,v2,2061-01-01,2061-12-31,False,False,True,True,True,False,False,True,False,True,False,False,False,,,0.98,100_220_390_120_330_140_25,prediction_runs,,crop_MS_2061_100_25832_etrs89-utm32n.asc,,DroughtStressThreshold,0.5,1,
1322,True,fixed,auto,SM_sfix_hauto,sim_projection_avgyield.json,crop.json,,site.json,False,dwd_core_ensemble,dwd_core_ensemble/csvs_dwd_core_ensemble,MPI-M-MPI-ESM-LR,MPI-CSC-REMO2009,rcp26,r2i1p1,v1,2061-01-01,2061-12-31,False,False,True,True,True,False,False,True,False,True,False,False,False,,,0.98,100_220_390_120_330_140_25,prediction_runs,,crop_MS_2061_100_25832_etrs89-utm32n.asc,,DroughtStressThreshold,0.5,1,
1323,True,fixed,auto,SM_sfix_hauto,sim_projection_avgyield.json,crop.json,,site.json,False,dwd_core_ensemble,dwd_core_ensemble/csvs_dwd_core_ensemble,MPI-M-MPI-ESM-LR,MPI-CSC-REMO2009,rcp45,r1i1p1,v1,2061-01-01,2061-12-31,False,False,True,True,True,False,False,True,False,True,False,False,False,,,0.98,100_220_390_120_330_140_25,prediction_runs,,crop_MS_2061_100_25832_etrs89-utm32n.asc,,DroughtStressThreshold,0.5,1,
1324,True,fixed,auto,SM_sfix_hauto,sim_projection_avgyield.json,crop.json,,site.json,False,dwd_core_ensemble,dwd_core_ensemble/csvs_dwd_core_ensemble,MPI-M-MPI-ESM-LR,MPI-CSC-REMO2009,rcp45,r2i1p1,v1,2061-01-01,2061-12-31,False,False,True,True,True,False,False,True,False,True,False,False,False,,,0.98,100_220_390_120_330_140_25,prediction_runs,,crop_MS_2061_100_25832_etrs89-utm32n.asc,,DroughtStressThreshold,0.5,1,
1325,True,fixed,auto,SM_sfix_hauto,sim_projection_avgyield.json,crop.json,,site.json,False,dwd_core_ensemble,dwd_core_ensemble/csvs_dwd_core_ensemble,MPI-M-MPI-ESM-LR,MPI-CSC-REMO2009,rcp85,r2i1p1,v1,2061-01-01,2061-12-31,False,False,True,True,True,False,False,True,False,True,False,False,False,,,0.98,100_220_390_120_330_140_25,prediction_runs,,crop_MS_2061_100_25832_etrs89-utm32n.asc,,DroughtStressThreshold,0.5,1,
1326,True,fixed,auto,SM_sfix_hauto,sim_projection_avgyield.json,crop.json,,site.json,False,dwd_core_ensemble,dwd_core_ensemble/csvs_dwd_core_ensemble,MPI-M-MPI-ESM-LR,UHOH-WRF361H,rcp85,r1i1p1,v1,2061-01-01,2061-12-31,False,False,True,True,True,False,False,True,False,True,False,False,False,,,0.98,100_220_390_120_330_140_25,prediction_runs,,crop_MS_2061_100_25832_etrs89-utm32n.asc,,DroughtStressThreshold,0.5,1,
1327,True,fixed,auto,SM_sfix_hauto,sim_projection_avgyield.json,crop.json,,site.json,False,dwd_core_ensemble,dwd_core_ensemble/csvs_dwd_core_ensemble,CCCma-CanESM2,CLMcom-CCLM4-8-17,rcp85,r1i1p1,v1,2062-01-01,2062-12-31,False,False,True,True,True,False,False,True,False,True,False,False,False,,,0.98,100_220_390_120_330_140_25,prediction_runs,,crop_MS_2062_100_25832_etrs89-utm32n.asc,,DroughtStressThreshold,0.5,1,
1328,True,fixed,auto,SM_sfix_hauto,sim_projection_avgyield.json,crop.json,,site.json,False,dwd_core_ensemble,dwd_core_ensemble/csvs_dwd_core_ensemble,ICHEC-EC-EARTH,CLMcom-CCLM4-8-17,rcp26,r12i1p1,v1,2062-01-01,2062-12-31,False,False,True,True,True,False,False,True,False,True,False,False,False,,,0.98,100_220_390_120_330_140_25,prediction_runs,,crop_MS_2062_100_25832_etrs89-utm32n.asc,,DroughtStressThreshold,0.5,1,
1329,True,fixed,auto,SM_sfix_hauto,sim_projection_avgyield.json,crop.json,,site.json,False,dwd_core_ensemble,dwd_core_ensemble/csvs_dwd_core_ensemble,ICHEC-EC-EARTH,KNMI-RACMO22E,rcp26,r12i1p1,v1,2062-01-01,2062-12-31,False,False,True,True,True,False,False,True,False,True,False,False,False,,,0.98,100_220_390_120_330_140_25,prediction_runs,,crop_MS_2062_100_25832_etrs89-utm32n.asc,,DroughtStressThreshold,0.5,1,
1330,True,fixed,auto,SM_sfix_hauto,sim_projection_avgyield.json,crop.json,,site.json,False,dwd_core_ensemble,dwd_core_ensemble/csvs_dwd_core_ensemble,ICHEC-EC-EARTH,KNMI-RACMO22E,rcp45,r1i1p1,v1,2062-01-01,2062-12-31,False,False,True,True,True,False,False,True,False,True,False,False,False,,,0.98,100_220_390_120_330_140_25,prediction_runs,,crop_MS_2062_100_25832_etrs89-utm32n.asc,,DroughtStressThreshold,0.5,1,
1331,True,fixed,auto,SM_sfix_hauto,sim_projection_avgyield.json,crop.json,,site.json,False,dwd_core_ensemble,dwd_core_ensemble/csvs_dwd_core_ensemble,ICHEC-EC-EARTH,KNMI-RACMO22E,rcp45,r12i1p1,v1,2062-01-01,2062-12-31,False,False,True,True,True,False,False,True,False,True,False,False,False,,,0.98,100_220_390_120_330_140_25,prediction_runs,,crop_MS_2062_100_25832_etrs89-utm32n.asc,,DroughtStressThreshold,0.5,1,
1332,True,fixed,auto,SM_sfix_hauto,sim_projection_avgyield.json,crop.json,,site.json,False,dwd_core_ensemble,dwd_core_ensemble/csvs_dwd_core_ensemble,ICHEC-EC-EARTH,KNMI-RACMO22E,rcp85,r1i1p1,v1,2062-01-01,2062-12-31,False,False,True,True,True,False,False,True,False,True,False,False,False,,,0.98,100_220_390_120_330_140_25,prediction_runs,,crop_MS_2062_100_25832_etrs89-utm32n.asc,,DroughtStressThreshold,0.5,1,
1333,True,fixed,auto,SM_sfix_hauto,sim_projection_avgyield.json,crop.json,,site.json,False,dwd_core_ensemble,dwd_core_ensemble/csvs_dwd_core_ensemble,ICHEC-EC-EARTH,SMHI-RCA4,rcp45,r12i1p1,v1,2062-01-01,2062-12-31,False,False,True,True,True,False,False,True,False,True,False,False,False,,,0.98,100_220_390_120_330_140_25,prediction_runs,,crop_MS_2062_100_25832_etrs89-utm32n.asc,,DroughtStressThreshold,0.5,1,
1334,True,fixed,auto,SM_sfix_hauto,sim_projection_avgyield.json,crop.json,,site.json,False,dwd_core_ensemble,dwd_core_ensemble/csvs_dwd_core_ensemble,MIROC-MIROC5,CLMcom-CCLM4-8-17,rcp26,r1i1p1,v1,2062-01-01,2062-12-31,False,False,True,True,True,False,False,True,False,True,False,False,False,,,0.98,100_220_390_120_330_140_25,prediction_runs,,crop_MS_2062_100_25832_etrs89-utm32n.asc,,DroughtStressThreshold,0.5,1,
1335,True,fixed,auto,SM_sfix_hauto,sim_projection_avgyield.json,crop.json,,site.json,False,dwd_core_ensemble,dwd_core_ensemble/csvs_dwd_core_ensemble,MIROC-MIROC5,GERICS-REMO2015,rcp85,r1i1p1,v1,2062-01-01,2062-12-31,False,False,True,True,True,False,False,True,False,True,False,False,False,,,0.98,100_220_390_120_330_140_25,prediction_runs,,crop_MS_2062_100_25832_etrs89-utm32n.asc,,DroughtStressThreshold,0.5,1,
1336,True,fixed,auto,SM_sfix_hauto,sim_projection_avgyield.json,crop.json,,site.json,False,dwd_core_ensemble,dwd_core_ensemble/csvs_dwd_core_ensemble,MOHC-HadGEM2-ES,CLMcom-CCLM4-8-17,rcp45,r1i1p1,v1,2062-01-01,2062-12-31,False,False,True,True,True,False,False,True,False,True,False,False,False,,,0.98,100_220_390_120_330_140_25,prediction_runs,,crop_MS_2062_100_25832_etrs89-utm32n.asc,,DroughtStressThreshold,0.5,1,
1337,True,fixed,auto,SM_sfix_hauto,sim_projection_avgyield.json,crop.json,,site.json,False,dwd_core_ensemble,dwd_core_ensemble/csvs_dwd_core_ensemble,MOHC-HadGEM2-ES,CLMcom-CCLM4-8-17,rcp85,r1i1p1,v1,2062-01-01,2062-12-31,False,False,True,True,True,False,False,True,False,True,False,False,False,,,0.98,100_220_390_120_330_140_25,prediction_runs,,crop_MS_2062_100_25832_etrs89-utm32n.asc,,DroughtStressThreshold,0.5,1,
1338,True,fixed,auto,SM_sfix_hauto,sim_projection_avgyield.json,crop.json,,site.json,False,dwd_core_ensemble,dwd_core_ensemble/csvs_dwd_core_ensemble,MOHC-HadGEM2-ES,KNMI-RACMO22E,rcp26,r1i1p1,v2,2062-01-01,2062-12-31,False,False,True,True,True,False,False,True,False,True,False,False,False,,,0.98,100_220_390_120_330_140_25,prediction_runs,,crop_MS_2062_100_25832_etrs89-utm32n.asc,,DroughtStressThreshold,0.5,1,
1339,True,fixed,auto,SM_sfix_hauto,sim_projection_avgyield.json,crop.json,,site.json,False,dwd_core_ensemble,dwd_core_ensemble/csvs_dwd_core_ensemble,MPI-M-MPI-ESM-LR,MPI-CSC-REMO2009,rcp26,r2i1p1,v1,2062-01-01,2062-12-31,False,False,True,True,True,False,False,True,False,True,False,False,False,,,0.98,100_220_390_120_330_140_25,prediction_runs,,crop_MS_2062_100_25832_etrs89-utm32n.asc,,DroughtStressThreshold,0.5,1,
1340,True,fixed,auto,SM_sfix_hauto,sim_projection_avgyield.json,crop.json,,site.json,False,dwd_core_ensemble,dwd_core_ensemble/csvs_dwd_core_ensemble,MPI-M-MPI-ESM-LR,MPI-CSC-REMO2009,rcp45,r1i1p1,v1,2062-01-01,2062-12-31,False,False,True,True,True,False,False,True,False,True,False,False,False,,,0.98,100_220_390_120_330_140_25,prediction_runs,,crop_MS_2062_100_25832_etrs89-utm32n.asc,,DroughtStressThreshold,0.5,1,
1341,True,fixed,auto,SM_sfix_hauto,sim_projection_avgyield.json,crop.json,,site.json,False,dwd_core_ensemble,dwd_core_ensemble/csvs_dwd_core_ensemble,MPI-M-MPI-ESM-LR,MPI-CSC-REMO2009,rcp45,r2i1p1,v1,2062-01-01,2062-12-31,False,False,True,True,True,False,False,True,False,True,False,False,False,,,0.98,100_220_390_120_330_140_25,prediction_runs,,crop_MS_2062_100_25832_etrs89-utm32n.asc,,DroughtStressThreshold,0.5,1,
1342,True,fixed,auto,SM_sfix_hauto,sim_projection_avgyield.json,crop.json,,site.json,False,dwd_core_ensemble,dwd_core_ensemble/csvs_dwd_core_ensemble,MPI-M-MPI-ESM-LR,MPI-CSC-REMO2009,rcp85,r2i1p1,v1,2062-01-01,2062-12-31,False,False,True,True,True,False,False,True,False,True,False,False,False,,,0.98,100_220_390_120_330_140_25,prediction_runs,,crop_MS_2062_100_25832_etrs89-utm32n.asc,,DroughtStressThreshold,0.5,1,
1343,True,fixed,auto,SM_sfix_hauto,sim_projection_avgyield.json,crop.json,,site.json,False,dwd_core_ensemble,dwd_core_ensemble/csvs_dwd_core_ensemble,MPI-M-MPI-ESM-LR,UHOH-WRF361H,rcp85,r1i1p1,v1,2062-01-01,2062-12-31,False,False,True,True,True,False,False,True,False,True,False,False,False,,,0.98,100_220_390_120_330_140_25,prediction_runs,,crop_MS_2062_100_25832_etrs89-utm32n.asc,,DroughtStressThreshold,0.5,1,
1344,True,fixed,auto,SM_sfix_hauto,sim_projection_avgyield.json,crop.json,,site.json,False,dwd_core_ensemble,dwd_core_ensemble/csvs_dwd_core_ensemble,CCCma-CanESM2,CLMcom-CCLM4-8-17,rcp85,r1i1p1,v1,2063-01-01,2063-12-31,False,False,True,True,True,False,False,True,False,True,False,False,False,,,0.98,100_220_390_120_330_140_25,prediction_runs,,crop_MS_2063_100_25832_etrs89-utm32n.asc,,DroughtStressThreshold,0.5,1,
1345,True,fixed,auto,SM_sfix_hauto,sim_projection_avgyield.json,crop.json,,site.json,False,dwd_core_ensemble,dwd_core_ensemble/csvs_dwd_core_ensemble,ICHEC-EC-EARTH,CLMcom-CCLM4-8-17,rcp26,r12i1p1,v1,2063-01-01,2063-12-31,False,False,True,True,True,False,False,True,False,True,False,False,False,,,0.98,100_220_390_120_330_140_25,prediction_runs,,crop_MS_2063_100_25832_etrs89-utm32n.asc,,DroughtStressThreshold,0.5,1,
1346,True,fixed,auto,SM_sfix_hauto,sim_projection_avgyield.json,crop.json,,site.json,False,dwd_core_ensemble,dwd_core_ensemble/csvs_dwd_core_ensemble,ICHEC-EC-EARTH,KNMI-RACMO22E,rcp26,r12i1p1,v1,2063-01-01,2063-12-31,False,False,True,True,True,False,False,True,False,True,False,False,False,,,0.98,100_220_390_120_330_140_25,prediction_runs,,crop_MS_2063_100_25832_etrs89-utm32n.asc,,DroughtStressThreshold,0.5,1,
1347,True,fixed,auto,SM_sfix_hauto,sim_projection_avgyield.json,crop.json,,site.json,False,dwd_core_ensemble,dwd_core_ensemble/csvs_dwd_core_ensemble,ICHEC-EC-EARTH,KNMI-RACMO22E,rcp45,r1i1p1,v1,2063-01-01,2063-12-31,False,False,True,True,True,False,False,True,False,True,False,False,False,,,0.98,100_220_390_120_330_140_25,prediction_runs,,crop_MS_2063_100_25832_etrs89-utm32n.asc,,DroughtStressThreshold,0.5,1,
1348,True,fixed,auto,SM_sfix_hauto,sim_projection_avgyield.json,crop.json,,site.json,False,dwd_core_ensemble,dwd_core_ensemble/csvs_dwd_core_ensemble,ICHEC-EC-EARTH,KNMI-RACMO22E,rcp45,r12i1p1,v1,2063-01-01,2063-12-31,False,False,True,True,True,False,False,True,False,True,False,False,False,,,0.98,100_220_390_120_330_140_25,prediction_runs,,crop_MS_2063_100_25832_etrs89-utm32n.asc,,DroughtStressThreshold,0.5,1,
1349,True,fixed,auto,SM_sfix_hauto,sim_projection_avgyield.json,crop.json,,site.json,False,dwd_core_ensemble,dwd_core_ensemble/csvs_dwd_core_ensemble,ICHEC-EC-EARTH,KNMI-RACMO22E,rcp85,r1i1p1,v1,2063-01-01,2063-12-31,False,False,True,True,True,False,False,True,False,True,False,False,False,,,0.98,100_220_390_120_330_140_25,prediction_runs,,crop_MS_2063_100_25832_etrs89-utm32n.asc,,DroughtStressThreshold,0.5,1,
1350,True,fixed,auto,SM_sfix_hauto,sim_projection_avgyield.json,crop.json,,site.json,False,dwd_core_ensemble,dwd_core_ensemble/csvs_dwd_core_ensemble,ICHEC-EC-EARTH,SMHI-RCA4,rcp45,r12i1p1,v1,2063-01-01,2063-12-31,False,False,True,True,True,False,False,True,False,True,False,False,False,,,0.98,100_220_390_120_330_140_25,prediction_runs,,crop_MS_2063_100_25832_etrs89-utm32n.asc,,DroughtStressThreshold,0.5,1,
1351,True,fixed,auto,SM_sfix_hauto,sim_projection_avgyield.json,crop.json,,site.json,False,dwd_core_ensemble,dwd_core_ensemble/csvs_dwd_core_ensemble,MIROC-MIROC5,CLMcom-CCLM4-8-17,rcp26,r1i1p1,v1,2063-01-01,2063-12-31,False,False,True,True,True,False,False,True,False,True,False,False,False,,,0.98,100_220_390_120_330_140_25,prediction_runs,,crop_MS_2063_100_25832_etrs89-utm32n.asc,,DroughtStressThreshold,0.5,1,
1352,True,fixed,auto,SM_sfix_hauto,sim_projection_avgyield.json,crop.json,,site.json,False,dwd_core_ensemble,dwd_core_ensemble/csvs_dwd_core_ensemble,MIROC-MIROC5,GERICS-REMO2015,rcp85,r1i1p1,v1,2063-01-01,2063-12-31,False,False,True,True,True,False,False,True,False,True,False,False,False,,,0.98,100_220_390_120_330_140_25,prediction_runs,,crop_MS_2063_100_25832_etrs89-utm32n.asc,,DroughtStressThreshold,0.5,1,
1353,True,fixed,auto,SM_sfix_hauto,sim_projection_avgyield.json,crop.json,,site.json,False,dwd_core_ensemble,dwd_core_ensemble/csvs_dwd_core_ensemble,MOHC-HadGEM2-ES,CLMcom-CCLM4-8-17,rcp45,r1i1p1,v1,2063-01-01,2063-12-31,False,False,True,True,True,False,False,True,False,True,False,False,False,,,0.98,100_220_390_120_330_140_25,prediction_runs,,crop_MS_2063_100_25832_etrs89-utm32n.asc,,DroughtStressThreshold,0.5,1,
1354,True,fixed,auto,SM_sfix_hauto,sim_projection_avgyield.json,crop.json,,site.json,False,dwd_core_ensemble,dwd_core_ensemble/csvs_dwd_core_ensemble,MOHC-HadGEM2-ES,CLMcom-CCLM4-8-17,rcp85,r1i1p1,v1,2063-01-01,2063-12-31,False,False,True,True,True,False,False,True,False,True,False,False,False,,,0.98,100_220_390_120_330_140_25,prediction_runs,,crop_MS_2063_100_25832_etrs89-utm32n.asc,,DroughtStressThreshold,0.5,1,
1355,True,fixed,auto,SM_sfix_hauto,sim_projection_avgyield.json,crop.json,,site.json,False,dwd_core_ensemble,dwd_core_ensemble/csvs_dwd_core_ensemble,MOHC-HadGEM2-ES,KNMI-RACMO22E,rcp26,r1i1p1,v2,2063-01-01,2063-12-31,False,False,True,True,True,False,False,True,False,True,False,False,False,,,0.98,100_220_390_120_330_140_25,prediction_runs,,crop_MS_2063_100_25832_etrs89-utm32n.asc,,DroughtStressThreshold,0.5,1,
1356,True,fixed,auto,SM_sfix_hauto,sim_projection_avgyield.json,crop.json,,site.json,False,dwd_core_ensemble,dwd_core_ensemble/csvs_dwd_core_ensemble,MPI-M-MPI-ESM-LR,MPI-CSC-REMO2009,rcp26,r2i1p1,v1,2063-01-01,2063-12-31,False,False,True,True,True,False,False,True,False,True,False,False,False,,,0.98,100_220_390_120_330_140_25,prediction_runs,,crop_MS_2063_100_25832_etrs89-utm32n.asc,,DroughtStressThreshold,0.5,1,
1357,True,fixed,auto,SM_sfix_hauto,sim_projection_avgyield.json,crop.json,,site.json,False,dwd_core_ensemble,dwd_core_ensemble/csvs_dwd_core_ensemble,MPI-M-MPI-ESM-LR,MPI-CSC-REMO2009,rcp45,r1i1p1,v1,2063-01-01,2063-12-31,False,False,True,True,True,False,False,True,False,True,False,False,False,,,0.98,100_220_390_120_330_140_25,prediction_runs,,crop_MS_2063_100_25832_etrs89-utm32n.asc,,DroughtStressThreshold,0.5,1,
1358,True,fixed,auto,SM_sfix_hauto,sim_projection_avgyield.json,crop.json,,site.json,False,dwd_core_ensemble,dwd_core_ensemble/csvs_dwd_core_ensemble,MPI-M-MPI-ESM-LR,MPI-CSC-REMO2009,rcp45,r2i1p1,v1,2063-01-01,2063-12-31,False,False,True,True,True,False,False,True,False,True,False,False,False,,,0.98,100_220_390_120_330_140_25,prediction_runs,,crop_MS_2063_100_25832_etrs89-utm32n.asc,,DroughtStressThreshold,0.5,1,
1359,True,fixed,auto,SM_sfix_hauto,sim_projection_avgyield.json,crop.json,,site.json,False,dwd_core_ensemble,dwd_core_ensemble/csvs_dwd_core_ensemble,MPI-M-MPI-ESM-LR,MPI-CSC-REMO2009,rcp85,r2i1p1,v1,2063-01-01,2063-12-31,False,False,True,True,True,False,False,True,False,True,False,False,False,,,0.98,100_220_390_120_330_140_25,prediction_runs,,crop_MS_2063_100_25832_etrs89-utm32n.asc,,DroughtStressThreshold,0.5,1,
1360,True,fixed,auto,SM_sfix_hauto,sim_projection_avgyield.json,crop.json,,site.json,False,dwd_core_ensemble,dwd_core_ensemble/csvs_dwd_core_ensemble,MPI-M-MPI-ESM-LR,UHOH-WRF361H,rcp85,r1i1p1,v1,2063-01-01,2063-12-31,False,False,True,True,True,False,False,True,False,True,False,False,False,,,0.98,100_220_390_120_330_140_25,prediction_runs,,crop_MS_2063_100_25832_etrs89-utm32n.asc,,DroughtStressThreshold,0.5,1,
1361,True,fixed,auto,SM_sfix_hauto,sim_projection_avgyield.json,crop.json,,site.json,False,dwd_core_ensemble,dwd_core_ensemble/csvs_dwd_core_ensemble,CCCma-CanESM2,CLMcom-CCLM4-8-17,rcp85,r1i1p1,v1,2064-01-01,2064-12-31,False,False,True,True,True,False,False,True,False,True,False,False,False,,,0.98,100_220_390_120_330_140_25,prediction_runs,,crop_MS_2064_100_25832_etrs89-utm32n.asc,,DroughtStressThreshold,0.5,1,
1362,True,fixed,auto,SM_sfix_hauto,sim_projection_avgyield.json,crop.json,,site.json,False,dwd_core_ensemble,dwd_core_ensemble/csvs_dwd_core_ensemble,ICHEC-EC-EARTH,CLMcom-CCLM4-8-17,rcp26,r12i1p1,v1,2064-01-01,2064-12-31,False,False,True,True,True,False,False,True,False,True,False,False,False,,,0.98,100_220_390_120_330_140_25,prediction_runs,,crop_MS_2064_100_25832_etrs89-utm32n.asc,,DroughtStressThreshold,0.5,1,
1363,True,fixed,auto,SM_sfix_hauto,sim_projection_avgyield.json,crop.json,,site.json,False,dwd_core_ensemble,dwd_core_ensemble/csvs_dwd_core_ensemble,ICHEC-EC-EARTH,KNMI-RACMO22E,rcp26,r12i1p1,v1,2064-01-01,2064-12-31,False,False,True,True,True,False,False,True,False,True,False,False,False,,,0.98,100_220_390_120_330_140_25,prediction_runs,,crop_MS_2064_100_25832_etrs89-utm32n.asc,,DroughtStressThreshold,0.5,1,
1364,True,fixed,auto,SM_sfix_hauto,sim_projection_avgyield.json,crop.json,,site.json,False,dwd_core_ensemble,dwd_core_ensemble/csvs_dwd_core_ensemble,ICHEC-EC-EARTH,KNMI-RACMO22E,rcp45,r1i1p1,v1,2064-01-01,2064-12-31,False,False,True,True,True,False,False,True,False,True,False,False,False,,,0.98,100_220_390_120_330_140_25,prediction_runs,,crop_MS_2064_100_25832_etrs89-utm32n.asc,,DroughtStressThreshold,0.5,1,
1365,True,fixed,auto,SM_sfix_hauto,sim_projection_avgyield.json,crop.json,,site.json,False,dwd_core_ensemble,dwd_core_ensemble/csvs_dwd_core_ensemble,ICHEC-EC-EARTH,KNMI-RACMO22E,rcp45,r12i1p1,v1,2064-01-01,2064-12-31,False,False,True,True,True,False,False,True,False,True,False,False,False,,,0.98,100_220_390_120_330_140_25,prediction_runs,,crop_MS_2064_100_25832_etrs89-utm32n.asc,,DroughtStressThreshold,0.5,1,
1366,True,fixed,auto,SM_sfix_hauto,sim_projection_avgyield.json,crop.json,,site.json,False,dwd_core_ensemble,dwd_core_ensemble/csvs_dwd_core_ensemble,ICHEC-EC-EARTH,KNMI-RACMO22E,rcp85,r1i1p1,v1,2064-01-01,2064-12-31,False,False,True,True,True,False,False,True,False,True,False,False,False,,,0.98,100_220_390_120_330_140_25,prediction_runs,,crop_MS_2064_100_25832_etrs89-utm32n.asc,,DroughtStressThreshold,0.5,1,
1367,True,fixed,auto,SM_sfix_hauto,sim_projection_avgyield.json,crop.json,,site.json,False,dwd_core_ensemble,dwd_core_ensemble/csvs_dwd_core_ensemble,ICHEC-EC-EARTH,SMHI-RCA4,rcp45,r12i1p1,v1,2064-01-01,2064-12-31,False,False,True,True,True,False,False,True,False,True,False,False,False,,,0.98,100_220_390_120_330_140_25,prediction_runs,,crop_MS_2064_100_25832_etrs89-utm32n.asc,,DroughtStressThreshold,0.5,1,
1368,True,fixed,auto,SM_sfix_hauto,sim_projection_avgyield.json,crop.json,,site.json,False,dwd_core_ensemble,dwd_core_ensemble/csvs_dwd_core_ensemble,MIROC-MIROC5,CLMcom-CCLM4-8-17,rcp26,r1i1p1,v1,2064-01-01,2064-12-31,False,False,True,True,True,False,False,True,False,True,False,False,False,,,0.98,100_220_390_120_330_140_25,prediction_runs,,crop_MS_2064_100_25832_etrs89-utm32n.asc,,DroughtStressThreshold,0.5,1,
1369,True,fixed,auto,SM_sfix_hauto,sim_projection_avgyield.json,crop.json,,site.json,False,dwd_core_ensemble,dwd_core_ensemble/csvs_dwd_core_ensemble,MIROC-MIROC5,GERICS-REMO2015,rcp85,r1i1p1,v1,2064-01-01,2064-12-31,False,False,True,True,True,False,False,True,False,True,False,False,False,,,0.98,100_220_390_120_330_140_25,prediction_runs,,crop_MS_2064_100_25832_etrs89-utm32n.asc,,DroughtStressThreshold,0.5,1,
1370,True,fixed,auto,SM_sfix_hauto,sim_projection_avgyield.json,crop.json,,site.json,False,dwd_core_ensemble,dwd_core_ensemble/csvs_dwd_core_ensemble,MOHC-HadGEM2-ES,CLMcom-CCLM4-8-17,rcp45,r1i1p1,v1,2064-01-01,2064-12-31,False,False,True,True,True,False,False,True,False,True,False,False,False,,,0.98,100_220_390_120_330_140_25,prediction_runs,,crop_MS_2064_100_25832_etrs89-utm32n.asc,,DroughtStressThreshold,0.5,1,
1371,True,fixed,auto,SM_sfix_hauto,sim_projection_avgyield.json,crop.json,,site.json,False,dwd_core_ensemble,dwd_core_ensemble/csvs_dwd_core_ensemble,MOHC-HadGEM2-ES,CLMcom-CCLM4-8-17,rcp85,r1i1p1,v1,2064-01-01,2064-12-31,False,False,True,True,True,False,False,True,False,True,False,False,False,,,0.98,100_220_390_120_330_140_25,prediction_runs,,crop_MS_2064_100_25832_etrs89-utm32n.asc,,DroughtStressThreshold,0.5,1,
1372,True,fixed,auto,SM_sfix_hauto,sim_projection_avgyield.json,crop.json,,site.json,False,dwd_core_ensemble,dwd_core_ensemble/csvs_dwd_core_ensemble,MOHC-HadGEM2-ES,KNMI-RACMO22E,rcp26,r1i1p1,v2,2064-01-01,2064-12-31,False,False,True,True,True,False,False,True,False,True,False,False,False,,,0.98,100_220_390_120_330_140_25,prediction_runs,,crop_MS_2064_100_25832_etrs89-utm32n.asc,,DroughtStressThreshold,0.5,1,
1373,True,fixed,auto,SM_sfix_hauto,sim_projection_avgyield.json,crop.json,,site.json,False,dwd_core_ensemble,dwd_core_ensemble/csvs_dwd_core_ensemble,MPI-M-MPI-ESM-LR,MPI-CSC-REMO2009,rcp26,r2i1p1,v1,2064-01-01,2064-12-31,False,False,True,True,True,False,False,True,False,True,False,False,False,,,0.98,100_220_390_120_330_140_25,prediction_runs,,crop_MS_2064_100_25832_etrs89-utm32n.asc,,DroughtStressThreshold,0.5,1,
1374,True,fixed,auto,SM_sfix_hauto,sim_projection_avgyield.json,crop.json,,site.json,False,dwd_core_ensemble,dwd_core_ensemble/csvs_dwd_core_ensemble,MPI-M-MPI-ESM-LR,MPI-CSC-REMO2009,rcp45,r1i1p1,v1,2064-01-01,2064-12-31,False,False,True,True,True,False,False,True,False,True,False,False,False,,,0.98,100_220_390_120_330_140_25,prediction_runs,,crop_MS_2064_100_25832_etrs89-utm32n.asc,,DroughtStressThreshold,0.5,1,
1375,True,fixed,auto,SM_sfix_hauto,sim_projection_avgyield.json,crop.json,,site.json,False,dwd_core_ensemble,dwd_core_ensemble/csvs_dwd_core_ensemble,MPI-M-MPI-ESM-LR,MPI-CSC-REMO2009,rcp45,r2i1p1,v1,2064-01-01,2064-12-31,False,False,True,True,True,False,False,True,False,True,False,False,False,,,0.98,100_220_390_120_330_140_25,prediction_runs,,crop_MS_2064_100_25832_etrs89-utm32n.asc,,DroughtStressThreshold,0.5,1,
1376,True,fixed,auto,SM_sfix_hauto,sim_projection_avgyield.json,crop.json,,site.json,False,dwd_core_ensemble,dwd_core_ensemble/csvs_dwd_core_ensemble,MPI-M-MPI-ESM-LR,MPI-CSC-REMO2009,rcp85,r2i1p1,v1,2064-01-01,2064-12-31,False,False,True,True,True,False,False,True,False,True,False,False,False,,,0.98,100_220_390_120_330_140_25,prediction_runs,,crop_MS_2064_100_25832_etrs89-utm32n.asc,,DroughtStressThreshold,0.5,1,
1377,True,fixed,auto,SM_sfix_hauto,sim_projection_avgyield.json,crop.json,,site.json,False,dwd_core_ensemble,dwd_core_ensemble/csvs_dwd_core_ensemble,MPI-M-MPI-ESM-LR,UHOH-WRF361H,rcp85,r1i1p1,v1,2064-01-01,2064-12-31,False,False,True,True,True,False,False,True,False,True,False,False,False,,,0.98,100_220_390_120_330_140_25,prediction_runs,,crop_MS_2064_100_25832_etrs89-utm32n.asc,,DroughtStressThreshold,0.5,1,
1378,True,fixed,auto,SM_sfix_hauto,sim_projection_avgyield.json,crop.json,,site.json,False,dwd_core_ensemble,dwd_core_ensemble/csvs_dwd_core_ensemble,CCCma-CanESM2,CLMcom-CCLM4-8-17,rcp85,r1i1p1,v1,2065-01-01,2065-12-31,False,False,True,True,True,False,False,True,False,True,False,False,False,,,0.98,100_220_390_120_330_140_25,prediction_runs,,crop_MS_2065_100_25832_etrs89-utm32n.asc,,DroughtStressThreshold,0.5,1,
1379,True,fixed,auto,SM_sfix_hauto,sim_projection_avgyield.json,crop.json,,site.json,False,dwd_core_ensemble,dwd_core_ensemble/csvs_dwd_core_ensemble,ICHEC-EC-EARTH,CLMcom-CCLM4-8-17,rcp26,r12i1p1,v1,2065-01-01,2065-12-31,False,False,True,True,True,False,False,True,False,True,False,False,False,,,0.98,100_220_390_120_330_140_25,prediction_runs,,crop_MS_2065_100_25832_etrs89-utm32n.asc,,DroughtStressThreshold,0.5,1,
1380,True,fixed,auto,SM_sfix_hauto,sim_projection_avgyield.json,crop.json,,site.json,False,dwd_core_ensemble,dwd_core_ensemble/csvs_dwd_core_ensemble,ICHEC-EC-EARTH,KNMI-RACMO22E,rcp26,r12i1p1,v1,2065-01-01,2065-12-31,False,False,True,True,True,False,False,True,False,True,False,False,False,,,0.98,100_220_390_120_330_140_25,prediction_runs,,crop_MS_2065_100_25832_etrs89-utm32n.asc,,DroughtStressThreshold,0.5,1,
1381,True,fixed,auto,SM_sfix_hauto,sim_projection_avgyield.json,crop.json,,site.json,False,dwd_core_ensemble,dwd_core_ensemble/csvs_dwd_core_ensemble,ICHEC-EC-EARTH,KNMI-RACMO22E,rcp45,r1i1p1,v1,2065-01-01,2065-12-31,False,False,True,True,True,False,False,True,False,True,False,False,False,,,0.98,100_220_390_120_330_140_25,prediction_runs,,crop_MS_2065_100_25832_etrs89-utm32n.asc,,DroughtStressThreshold,0.5,1,
1382,True,fixed,auto,SM_sfix_hauto,sim_projection_avgyield.json,crop.json,,site.json,False,dwd_core_ensemble,dwd_core_ensemble/csvs_dwd_core_ensemble,ICHEC-EC-EARTH,KNMI-RACMO22E,rcp45,r12i1p1,v1,2065-01-01,2065-12-31,False,False,True,True,True,False,False,True,False,True,False,False,False,,,0.98,100_220_390_120_330_140_25,prediction_runs,,crop_MS_2065_100_25832_etrs89-utm32n.asc,,DroughtStressThreshold,0.5,1,
1383,True,fixed,auto,SM_sfix_hauto,sim_projection_avgyield.json,crop.json,,site.json,False,dwd_core_ensemble,dwd_core_ensemble/csvs_dwd_core_ensemble,ICHEC-EC-EARTH,KNMI-RACMO22E,rcp85,r1i1p1,v1,2065-01-01,2065-12-31,False,False,True,True,True,False,False,True,False,True,False,False,False,,,0.98,100_220_390_120_330_140_25,prediction_runs,,crop_MS_2065_100_25832_etrs89-utm32n.asc,,DroughtStressThreshold,0.5,1,
1384,True,fixed,auto,SM_sfix_hauto,sim_projection_avgyield.json,crop.json,,site.json,False,dwd_core_ensemble,dwd_core_ensemble/csvs_dwd_core_ensemble,ICHEC-EC-EARTH,SMHI-RCA4,rcp45,r12i1p1,v1,2065-01-01,2065-12-31,False,False,True,True,True,False,False,True,False,True,False,False,False,,,0.98,100_220_390_120_330_140_25,prediction_runs,,crop_MS_2065_100_25832_etrs89-utm32n.asc,,DroughtStressThreshold,0.5,1,
1385,True,fixed,auto,SM_sfix_hauto,sim_projection_avgyield.json,crop.json,,site.json,False,dwd_core_ensemble,dwd_core_ensemble/csvs_dwd_core_ensemble,MIROC-MIROC5,CLMcom-CCLM4-8-17,rcp26,r1i1p1,v1,2065-01-01,2065-12-31,False,False,True,True,True,False,False,True,False,True,False,False,False,,,0.98,100_220_390_120_330_140_25,prediction_runs,,crop_MS_2065_100_25832_etrs89-utm32n.asc,,DroughtStressThreshold,0.5,1,
1386,True,fixed,auto,SM_sfix_hauto,sim_projection_avgyield.json,crop.json,,site.json,False,dwd_core_ensemble,dwd_core_ensemble/csvs_dwd_core_ensemble,MIROC-MIROC5,GERICS-REMO2015,rcp85,r1i1p1,v1,2065-01-01,2065-12-31,False,False,True,True,True,False,False,True,False,True,False,False,False,,,0.98,100_220_390_120_330_140_25,prediction_runs,,crop_MS_2065_100_25832_etrs89-utm32n.asc,,DroughtStressThreshold,0.5,1,
1387,True,fixed,auto,SM_sfix_hauto,sim_projection_avgyield.json,crop.json,,site.json,False,dwd_core_ensemble,dwd_core_ensemble/csvs_dwd_core_ensemble,MOHC-HadGEM2-ES,CLMcom-CCLM4-8-17,rcp45,r1i1p1,v1,2065-01-01,2065-12-31,False,False,True,True,True,False,False,True,False,True,False,False,False,,,0.98,100_220_390_120_330_140_25,prediction_runs,,crop_MS_2065_100_25832_etrs89-utm32n.asc,,DroughtStressThreshold,0.5,1,
1388,True,fixed,auto,SM_sfix_hauto,sim_projection_avgyield.json,crop.json,,site.json,False,dwd_core_ensemble,dwd_core_ensemble/csvs_dwd_core_ensemble,MOHC-HadGEM2-ES,CLMcom-CCLM4-8-17,rcp85,r1i1p1,v1,2065-01-01,2065-12-31,False,False,True,True,True,False,False,True,False,True,False,False,False,,,0.98,100_220_390_120_330_140_25,prediction_runs,,crop_MS_2065_100_25832_etrs89-utm32n.asc,,DroughtStressThreshold,0.5,1,
1389,True,fixed,auto,SM_sfix_hauto,sim_projection_avgyield.json,crop.json,,site.json,False,dwd_core_ensemble,dwd_core_ensemble/csvs_dwd_core_ensemble,MOHC-HadGEM2-ES,KNMI-RACMO22E,rcp26,r1i1p1,v2,2065-01-01,2065-12-31,False,False,True,True,True,False,False,True,False,True,False,False,False,,,0.98,100_220_390_120_330_140_25,prediction_runs,,crop_MS_2065_100_25832_etrs89-utm32n.asc,,DroughtStressThreshold,0.5,1,
1390,True,fixed,auto,SM_sfix_hauto,sim_projection_avgyield.json,crop.json,,site.json,False,dwd_core_ensemble,dwd_core_ensemble/csvs_dwd_core_ensemble,MPI-M-MPI-ESM-LR,MPI-CSC-REMO2009,rcp26,r2i1p1,v1,2065-01-01,2065-12-31,False,False,True,True,True,False,False,True,False,True,False,False,False,,,0.98,100_220_390_120_330_140_25,prediction_runs,,crop_MS_2065_100_25832_etrs89-utm32n.asc,,DroughtStressThreshold,0.5,1,
1391,True,fixed,auto,SM_sfix_hauto,sim_projection_avgyield.json,crop.json,,site.json,False,dwd_core_ensemble,dwd_core_ensemble/csvs_dwd_core_ensemble,MPI-M-MPI-ESM-LR,MPI-CSC-REMO2009,rcp45,r1i1p1,v1,2065-01-01,2065-12-31,False,False,True,True,True,False,False,True,False,True,False,False,False,,,0.98,100_220_390_120_330_140_25,prediction_runs,,crop_MS_2065_100_25832_etrs89-utm32n.asc,,DroughtStressThreshold,0.5,1,
1392,True,fixed,auto,SM_sfix_hauto,sim_projection_avgyield.json,crop.json,,site.json,False,dwd_core_ensemble,dwd_core_ensemble/csvs_dwd_core_ensemble,MPI-M-MPI-ESM-LR,MPI-CSC-REMO2009,rcp45,r2i1p1,v1,2065-01-01,2065-12-31,False,False,True,True,True,False,False,True,False,True,False,False,False,,,0.98,100_220_390_120_330_140_25,prediction_runs,,crop_MS_2065_100_25832_etrs89-utm32n.asc,,DroughtStressThreshold,0.5,1,
1393,True,fixed,auto,SM_sfix_hauto,sim_projection_avgyield.json,crop.json,,site.json,False,dwd_core_ensemble,dwd_core_ensemble/csvs_dwd_core_ensemble,MPI-M-MPI-ESM-LR,MPI-CSC-REMO2009,rcp85,r2i1p1,v1,2065-01-01,2065-12-31,False,False,True,True,True,False,False,True,False,True,False,False,False,,,0.98,100_220_390_120_330_140_25,prediction_runs,,crop_MS_2065_100_25832_etrs89-utm32n.asc,,DroughtStressThreshold,0.5,1,
1394,True,fixed,auto,SM_sfix_hauto,sim_projection_avgyield.json,crop.json,,site.json,False,dwd_core_ensemble,dwd_core_ensemble/csvs_dwd_core_ensemble,MPI-M-MPI-ESM-LR,UHOH-WRF361H,rcp85,r1i1p1,v1,2065-01-01,2065-12-31,False,False,True,True,True,False,False,True,False,True,False,False,False,,,0.98,100_220_390_120_330_140_25,prediction_runs,,crop_MS_2065_100_25832_etrs89-utm32n.asc,,DroughtStressThreshold,0.5,1,
1395,True,fixed,auto,SM_sfix_hauto,sim_projection_avgyield.json,crop.json,,site.json,False,dwd_core_ensemble,dwd_core_ensemble/csvs_dwd_core_ensemble,CCCma-CanESM2,CLMcom-CCLM4-8-17,rcp85,r1i1p1,v1,2066-01-01,2066-12-31,False,False,True,True,True,False,False,True,False,True,False,False,False,,,0.98,100_220_390_120_330_140_25,prediction_runs,,crop_MS_2066_100_25832_etrs89-utm32n.asc,,DroughtStressThreshold,0.5,1,
1396,True,fixed,auto,SM_sfix_hauto,sim_projection_avgyield.json,crop.json,,site.json,False,dwd_core_ensemble,dwd_core_ensemble/csvs_dwd_core_ensemble,ICHEC-EC-EARTH,CLMcom-CCLM4-8-17,rcp26,r12i1p1,v1,2066-01-01,2066-12-31,False,False,True,True,True,False,False,True,False,True,False,False,False,,,0.98,100_220_390_120_330_140_25,prediction_runs,,crop_MS_2066_100_25832_etrs89-utm32n.asc,,DroughtStressThreshold,0.5,1,
1397,True,fixed,auto,SM_sfix_hauto,sim_projection_avgyield.json,crop.json,,site.json,False,dwd_core_ensemble,dwd_core_ensemble/csvs_dwd_core_ensemble,ICHEC-EC-EARTH,KNMI-RACMO22E,rcp26,r12i1p1,v1,2066-01-01,2066-12-31,False,False,True,True,True,False,False,True,False,True,False,False,False,,,0.98,100_220_390_120_330_140_25,prediction_runs,,crop_MS_2066_100_25832_etrs89-utm32n.asc,,DroughtStressThreshold,0.5,1,
1398,True,fixed,auto,SM_sfix_hauto,sim_projection_avgyield.json,crop.json,,site.json,False,dwd_core_ensemble,dwd_core_ensemble/csvs_dwd_core_ensemble,ICHEC-EC-EARTH,KNMI-RACMO22E,rcp45,r1i1p1,v1,2066-01-01,2066-12-31,False,False,True,True,True,False,False,True,False,True,False,False,False,,,0.98,100_220_390_120_330_140_25,prediction_runs,,crop_MS_2066_100_25832_etrs89-utm32n.asc,,DroughtStressThreshold,0.5,1,
1399,True,fixed,auto,SM_sfix_hauto,sim_projection_avgyield.json,crop.json,,site.json,False,dwd_core_ensemble,dwd_core_ensemble/csvs_dwd_core_ensemble,ICHEC-EC-EARTH,KNMI-RACMO22E,rcp45,r12i1p1,v1,2066-01-01,2066-12-31,False,False,True,True,True,False,False,True,False,True,False,False,False,,,0.98,100_220_390_120_330_140_25,prediction_runs,,crop_MS_2066_100_25832_etrs89-utm32n.asc,,DroughtStressThreshold,0.5,1,
1400,True,fixed,auto,SM_sfix_hauto,sim_projection_avgyield.json,crop.json,,site.json,False,dwd_core_ensemble,dwd_core_ensemble/csvs_dwd_core_ensemble,ICHEC-EC-EARTH,KNMI-RACMO22E,rcp85,r1i1p1,v1,2066-01-01,2066-12-31,False,False,True,True,True,False,False,True,False,True,False,False,False,,,0.98,100_220_390_120_330_140_25,prediction_runs,,crop_MS_2066_100_25832_etrs89-utm32n.asc,,DroughtStressThreshold,0.5,1,
1401,True,fixed,auto,SM_sfix_hauto,sim_projection_avgyield.json,crop.json,,site.json,False,dwd_core_ensemble,dwd_core_ensemble/csvs_dwd_core_ensemble,ICHEC-EC-EARTH,SMHI-RCA4,rcp45,r12i1p1,v1,2066-01-01,2066-12-31,False,False,True,True,True,False,False,True,False,True,False,False,False,,,0.98,100_220_390_120_330_140_25,prediction_runs,,crop_MS_2066_100_25832_etrs89-utm32n.asc,,DroughtStressThreshold,0.5,1,
1402,True,fixed,auto,SM_sfix_hauto,sim_projection_avgyield.json,crop.json,,site.json,False,dwd_core_ensemble,dwd_core_ensemble/csvs_dwd_core_ensemble,MIROC-MIROC5,CLMcom-CCLM4-8-17,rcp26,r1i1p1,v1,2066-01-01,2066-12-31,False,False,True,True,True,False,False,True,False,True,False,False,False,,,0.98,100_220_390_120_330_140_25,prediction_runs,,crop_MS_2066_100_25832_etrs89-utm32n.asc,,DroughtStressThreshold,0.5,1,
1403,True,fixed,auto,SM_sfix_hauto,sim_projection_avgyield.json,crop.json,,site.json,False,dwd_core_ensemble,dwd_core_ensemble/csvs_dwd_core_ensemble,MIROC-MIROC5,GERICS-REMO2015,rcp85,r1i1p1,v1,2066-01-01,2066-12-31,False,False,True,True,True,False,False,True,False,True,False,False,False,,,0.98,100_220_390_120_330_140_25,prediction_runs,,crop_MS_2066_100_25832_etrs89-utm32n.asc,,DroughtStressThreshold,0.5,1,
1404,True,fixed,auto,SM_sfix_hauto,sim_projection_avgyield.json,crop.json,,site.json,False,dwd_core_ensemble,dwd_core_ensemble/csvs_dwd_core_ensemble,MOHC-HadGEM2-ES,CLMcom-CCLM4-8-17,rcp45,r1i1p1,v1,2066-01-01,2066-12-31,False,False,True,True,True,False,False,True,False,True,False,False,False,,,0.98,100_220_390_120_330_140_25,prediction_runs,,crop_MS_2066_100_25832_etrs89-utm32n.asc,,DroughtStressThreshold,0.5,1,
1405,True,fixed,auto,SM_sfix_hauto,sim_projection_avgyield.json,crop.json,,site.json,False,dwd_core_ensemble,dwd_core_ensemble/csvs_dwd_core_ensemble,MOHC-HadGEM2-ES,CLMcom-CCLM4-8-17,rcp85,r1i1p1,v1,2066-01-01,2066-12-31,False,False,True,True,True,False,False,True,False,True,False,False,False,,,0.98,100_220_390_120_330_140_25,prediction_runs,,crop_MS_2066_100_25832_etrs89-utm32n.asc,,DroughtStressThreshold,0.5,1,
1406,True,fixed,auto,SM_sfix_hauto,sim_projection_avgyield.json,crop.json,,site.json,False,dwd_core_ensemble,dwd_core_ensemble/csvs_dwd_core_ensemble,MOHC-HadGEM2-ES,KNMI-RACMO22E,rcp26,r1i1p1,v2,2066-01-01,2066-12-31,False,False,True,True,True,False,False,True,False,True,False,False,False,,,0.98,100_220_390_120_330_140_25,prediction_runs,,crop_MS_2066_100_25832_etrs89-utm32n.asc,,DroughtStressThreshold,0.5,1,
1407,True,fixed,auto,SM_sfix_hauto,sim_projection_avgyield.json,crop.json,,site.json,False,dwd_core_ensemble,dwd_core_ensemble/csvs_dwd_core_ensemble,MPI-M-MPI-ESM-LR,MPI-CSC-REMO2009,rcp26,r2i1p1,v1,2066-01-01,2066-12-31,False,False,True,True,True,False,False,True,False,True,False,False,False,,,0.98,100_220_390_120_330_140_25,prediction_runs,,crop_MS_2066_100_25832_etrs89-utm32n.asc,,DroughtStressThreshold,0.5,1,
1408,True,fixed,auto,SM_sfix_hauto,sim_projection_avgyield.json,crop.json,,site.json,False,dwd_core_ensemble,dwd_core_ensemble/csvs_dwd_core_ensemble,MPI-M-MPI-ESM-LR,MPI-CSC-REMO2009,rcp45,r1i1p1,v1,2066-01-01,2066-12-31,False,False,True,True,True,False,False,True,False,True,False,False,False,,,0.98,100_220_390_120_330_140_25,prediction_runs,,crop_MS_2066_100_25832_etrs89-utm32n.asc,,DroughtStressThreshold,0.5,1,
1409,True,fixed,auto,SM_sfix_hauto,sim_projection_avgyield.json,crop.json,,site.json,False,dwd_core_ensemble,dwd_core_ensemble/csvs_dwd_core_ensemble,MPI-M-MPI-ESM-LR,MPI-CSC-REMO2009,rcp45,r2i1p1,v1,2066-01-01,2066-12-31,False,False,True,True,True,False,False,True,False,True,False,False,False,,,0.98,100_220_390_120_330_140_25,prediction_runs,,crop_MS_2066_100_25832_etrs89-utm32n.asc,,DroughtStressThreshold,0.5,1,
1410,True,fixed,auto,SM_sfix_hauto,sim_projection_avgyield.json,crop.json,,site.json,False,dwd_core_ensemble,dwd_core_ensemble/csvs_dwd_core_ensemble,MPI-M-MPI-ESM-LR,MPI-CSC-REMO2009,rcp85,r2i1p1,v1,2066-01-01,2066-12-31,False,False,True,True,True,False,False,True,False,True,False,False,False,,,0.98,100_220_390_120_330_140_25,prediction_runs,,crop_MS_2066_100_25832_etrs89-utm32n.asc,,DroughtStressThreshold,0.5,1,
1411,True,fixed,auto,SM_sfix_hauto,sim_projection_avgyield.json,crop.json,,site.json,False,dwd_core_ensemble,dwd_core_ensemble/csvs_dwd_core_ensemble,MPI-M-MPI-ESM-LR,UHOH-WRF361H,rcp85,r1i1p1,v1,2066-01-01,2066-12-31,False,False,True,True,True,False,False,True,False,True,False,False,False,,,0.98,100_220_390_120_330_140_25,prediction_runs,,crop_MS_2066_100_25832_etrs89-utm32n.asc,,DroughtStressThreshold,0.5,1,
1412,True,fixed,auto,SM_sfix_hauto,sim_projection_avgyield.json,crop.json,,site.json,False,dwd_core_ensemble,dwd_core_ensemble/csvs_dwd_core_ensemble,CCCma-CanESM2,CLMcom-CCLM4-8-17,rcp85,r1i1p1,v1,2067-01-01,2067-12-31,False,False,True,True,True,False,False,True,False,True,False,False,False,,,0.98,100_220_390_120_330_140_25,prediction_runs,,crop_MS_2067_100_25832_etrs89-utm32n.asc,,DroughtStressThreshold,0.5,1,
1413,True,fixed,auto,SM_sfix_hauto,sim_projection_avgyield.json,crop.json,,site.json,False,dwd_core_ensemble,dwd_core_ensemble/csvs_dwd_core_ensemble,ICHEC-EC-EARTH,CLMcom-CCLM4-8-17,rcp26,r12i1p1,v1,2067-01-01,2067-12-31,False,False,True,True,True,False,False,True,False,True,False,False,False,,,0.98,100_220_390_120_330_140_25,prediction_runs,,crop_MS_2067_100_25832_etrs89-utm32n.asc,,DroughtStressThreshold,0.5,1,
1414,True,fixed,auto,SM_sfix_hauto,sim_projection_avgyield.json,crop.json,,site.json,False,dwd_core_ensemble,dwd_core_ensemble/csvs_dwd_core_ensemble,ICHEC-EC-EARTH,KNMI-RACMO22E,rcp26,r12i1p1,v1,2067-01-01,2067-12-31,False,False,True,True,True,False,False,True,False,True,False,False,False,,,0.98,100_220_390_120_330_140_25,prediction_runs,,crop_MS_2067_100_25832_etrs89-utm32n.asc,,DroughtStressThreshold,0.5,1,
1415,True,fixed,auto,SM_sfix_hauto,sim_projection_avgyield.json,crop.json,,site.json,False,dwd_core_ensemble,dwd_core_ensemble/csvs_dwd_core_ensemble,ICHEC-EC-EARTH,KNMI-RACMO22E,rcp45,r1i1p1,v1,2067-01-01,2067-12-31,False,False,True,True,True,False,False,True,False,True,False,False,False,,,0.98,100_220_390_120_330_140_25,prediction_runs,,crop_MS_2067_100_25832_etrs89-utm32n.asc,,DroughtStressThreshold,0.5,1,
1416,True,fixed,auto,SM_sfix_hauto,sim_projection_avgyield.json,crop.json,,site.json,False,dwd_core_ensemble,dwd_core_ensemble/csvs_dwd_core_ensemble,ICHEC-EC-EARTH,KNMI-RACMO22E,rcp45,r12i1p1,v1,2067-01-01,2067-12-31,False,False,True,True,True,False,False,True,False,True,False,False,False,,,0.98,100_220_390_120_330_140_25,prediction_runs,,crop_MS_2067_100_25832_etrs89-utm32n.asc,,DroughtStressThreshold,0.5,1,
1417,True,fixed,auto,SM_sfix_hauto,sim_projection_avgyield.json,crop.json,,site.json,False,dwd_core_ensemble,dwd_core_ensemble/csvs_dwd_core_ensemble,ICHEC-EC-EARTH,KNMI-RACMO22E,rcp85,r1i1p1,v1,2067-01-01,2067-12-31,False,False,True,True,True,False,False,True,False,True,False,False,False,,,0.98,100_220_390_120_330_140_25,prediction_runs,,crop_MS_2067_100_25832_etrs89-utm32n.asc,,DroughtStressThreshold,0.5,1,
1418,True,fixed,auto,SM_sfix_hauto,sim_projection_avgyield.json,crop.json,,site.json,False,dwd_core_ensemble,dwd_core_ensemble/csvs_dwd_core_ensemble,ICHEC-EC-EARTH,SMHI-RCA4,rcp45,r12i1p1,v1,2067-01-01,2067-12-31,False,False,True,True,True,False,False,True,False,True,False,False,False,,,0.98,100_220_390_120_330_140_25,prediction_runs,,crop_MS_2067_100_25832_etrs89-utm32n.asc,,DroughtStressThreshold,0.5,1,
1419,True,fixed,auto,SM_sfix_hauto,sim_projection_avgyield.json,crop.json,,site.json,False,dwd_core_ensemble,dwd_core_ensemble/csvs_dwd_core_ensemble,MIROC-MIROC5,CLMcom-CCLM4-8-17,rcp26,r1i1p1,v1,2067-01-01,2067-12-31,False,False,True,True,True,False,False,True,False,True,False,False,False,,,0.98,100_220_390_120_330_140_25,prediction_runs,,crop_MS_2067_100_25832_etrs89-utm32n.asc,,DroughtStressThreshold,0.5,1,
1420,True,fixed,auto,SM_sfix_hauto,sim_projection_avgyield.json,crop.json,,site.json,False,dwd_core_ensemble,dwd_core_ensemble/csvs_dwd_core_ensemble,MIROC-MIROC5,GERICS-REMO2015,rcp85,r1i1p1,v1,2067-01-01,2067-12-31,False,False,True,True,True,False,False,True,False,True,False,False,False,,,0.98,100_220_390_120_330_140_25,prediction_runs,,crop_MS_2067_100_25832_etrs89-utm32n.asc,,DroughtStressThreshold,0.5,1,
1421,True,fixed,auto,SM_sfix_hauto,sim_projection_avgyield.json,crop.json,,site.json,False,dwd_core_ensemble,dwd_core_ensemble/csvs_dwd_core_ensemble,MOHC-HadGEM2-ES,CLMcom-CCLM4-8-17,rcp45,r1i1p1,v1,2067-01-01,2067-12-31,False,False,True,True,True,False,False,True,False,True,False,False,False,,,0.98,100_220_390_120_330_140_25,prediction_runs,,crop_MS_2067_100_25832_etrs89-utm32n.asc,,DroughtStressThreshold,0.5,1,
1422,True,fixed,auto,SM_sfix_hauto,sim_projection_avgyield.json,crop.json,,site.json,False,dwd_core_ensemble,dwd_core_ensemble/csvs_dwd_core_ensemble,MOHC-HadGEM2-ES,CLMcom-CCLM4-8-17,rcp85,r1i1p1,v1,2067-01-01,2067-12-31,False,False,True,True,True,False,False,True,False,True,False,False,False,,,0.98,100_220_390_120_330_140_25,prediction_runs,,crop_MS_2067_100_25832_etrs89-utm32n.asc,,DroughtStressThreshold,0.5,1,
1423,True,fixed,auto,SM_sfix_hauto,sim_projection_avgyield.json,crop.json,,site.json,False,dwd_core_ensemble,dwd_core_ensemble/csvs_dwd_core_ensemble,MOHC-HadGEM2-ES,KNMI-RACMO22E,rcp26,r1i1p1,v2,2067-01-01,2067-12-31,False,False,True,True,True,False,False,True,False,True,False,False,False,,,0.98,100_220_390_120_330_140_25,prediction_runs,,crop_MS_2067_100_25832_etrs89-utm32n.asc,,DroughtStressThreshold,0.5,1,
1424,True,fixed,auto,SM_sfix_hauto,sim_projection_avgyield.json,crop.json,,site.json,False,dwd_core_ensemble,dwd_core_ensemble/csvs_dwd_core_ensemble,MPI-M-MPI-ESM-LR,MPI-CSC-REMO2009,rcp26,r2i1p1,v1,2067-01-01,2067-12-31,False,False,True,True,True,False,False,True,False,True,False,False,False,,,0.98,100_220_390_120_330_140_25,prediction_runs,,crop_MS_2067_100_25832_etrs89-utm32n.asc,,DroughtStressThreshold,0.5,1,
1425,True,fixed,auto,SM_sfix_hauto,sim_projection_avgyield.json,crop.json,,site.json,False,dwd_core_ensemble,dwd_core_ensemble/csvs_dwd_core_ensemble,MPI-M-MPI-ESM-LR,MPI-CSC-REMO2009,rcp45,r1i1p1,v1,2067-01-01,2067-12-31,False,False,True,True,True,False,False,True,False,True,False,False,False,,,0.98,100_220_390_120_330_140_25,prediction_runs,,crop_MS_2067_100_25832_etrs89-utm32n.asc,,DroughtStressThreshold,0.5,1,
1426,True,fixed,auto,SM_sfix_hauto,sim_projection_avgyield.json,crop.json,,site.json,False,dwd_core_ensemble,dwd_core_ensemble/csvs_dwd_core_ensemble,MPI-M-MPI-ESM-LR,MPI-CSC-REMO2009,rcp45,r2i1p1,v1,2067-01-01,2067-12-31,False,False,True,True,True,False,False,True,False,True,False,False,False,,,0.98,100_220_390_120_330_140_25,prediction_runs,,crop_MS_2067_100_25832_etrs89-utm32n.asc,,DroughtStressThreshold,0.5,1,
1427,True,fixed,auto,SM_sfix_hauto,sim_projection_avgyield.json,crop.json,,site.json,False,dwd_core_ensemble,dwd_core_ensemble/csvs_dwd_core_ensemble,MPI-M-MPI-ESM-LR,MPI-CSC-REMO2009,rcp85,r2i1p1,v1,2067-01-01,2067-12-31,False,False,True,True,True,False,False,True,False,True,False,False,False,,,0.98,100_220_390_120_330_140_25,prediction_runs,,crop_MS_2067_100_25832_etrs89-utm32n.asc,,DroughtStressThreshold,0.5,1,
1428,True,fixed,auto,SM_sfix_hauto,sim_projection_avgyield.json,crop.json,,site.json,False,dwd_core_ensemble,dwd_core_ensemble/csvs_dwd_core_ensemble,MPI-M-MPI-ESM-LR,UHOH-WRF361H,rcp85,r1i1p1,v1,2067-01-01,2067-12-31,False,False,True,True,True,False,False,True,False,True,False,False,False,,,0.98,100_220_390_120_330_140_25,prediction_runs,,crop_MS_2067_100_25832_etrs89-utm32n.asc,,DroughtStressThreshold,0.5,1,
1429,True,fixed,auto,SM_sfix_hauto,sim_projection_avgyield.json,crop.json,,site.json,False,dwd_core_ensemble,dwd_core_ensemble/csvs_dwd_core_ensemble,CCCma-CanESM2,CLMcom-CCLM4-8-17,rcp85,r1i1p1,v1,2068-01-01,2068-12-31,False,False,True,True,True,False,False,True,False,True,False,False,False,,,0.98,100_220_390_120_330_140_25,prediction_runs,,crop_MS_2068_100_25832_etrs89-utm32n.asc,,DroughtStressThreshold,0.5,1,
1430,True,fixed,auto,SM_sfix_hauto,sim_projection_avgyield.json,crop.json,,site.json,False,dwd_core_ensemble,dwd_core_ensemble/csvs_dwd_core_ensemble,ICHEC-EC-EARTH,CLMcom-CCLM4-8-17,rcp26,r12i1p1,v1,2068-01-01,2068-12-31,False,False,True,True,True,False,False,True,False,True,False,False,False,,,0.98,100_220_390_120_330_140_25,prediction_runs,,crop_MS_2068_100_25832_etrs89-utm32n.asc,,DroughtStressThreshold,0.5,1,
1431,True,fixed,auto,SM_sfix_hauto,sim_projection_avgyield.json,crop.json,,site.json,False,dwd_core_ensemble,dwd_core_ensemble/csvs_dwd_core_ensemble,ICHEC-EC-EARTH,KNMI-RACMO22E,rcp26,r12i1p1,v1,2068-01-01,2068-12-31,False,False,True,True,True,False,False,True,False,True,False,False,False,,,0.98,100_220_390_120_330_140_25,prediction_runs,,crop_MS_2068_100_25832_etrs89-utm32n.asc,,DroughtStressThreshold,0.5,1,
1432,True,fixed,auto,SM_sfix_hauto,sim_projection_avgyield.json,crop.json,,site.json,False,dwd_core_ensemble,dwd_core_ensemble/csvs_dwd_core_ensemble,ICHEC-EC-EARTH,KNMI-RACMO22E,rcp45,r1i1p1,v1,2068-01-01,2068-12-31,False,False,True,True,True,False,False,True,False,True,False,False,False,,,0.98,100_220_390_120_330_140_25,prediction_runs,,crop_MS_2068_100_25832_etrs89-utm32n.asc,,DroughtStressThreshold,0.5,1,
1433,True,fixed,auto,SM_sfix_hauto,sim_projection_avgyield.json,crop.json,,site.json,False,dwd_core_ensemble,dwd_core_ensemble/csvs_dwd_core_ensemble,ICHEC-EC-EARTH,KNMI-RACMO22E,rcp45,r12i1p1,v1,2068-01-01,2068-12-31,False,False,True,True,True,False,False,True,False,True,False,False,False,,,0.98,100_220_390_120_330_140_25,prediction_runs,,crop_MS_2068_100_25832_etrs89-utm32n.asc,,DroughtStressThreshold,0.5,1,
1434,True,fixed,auto,SM_sfix_hauto,sim_projection_avgyield.json,crop.json,,site.json,False,dwd_core_ensemble,dwd_core_ensemble/csvs_dwd_core_ensemble,ICHEC-EC-EARTH,KNMI-RACMO22E,rcp85,r1i1p1,v1,2068-01-01,2068-12-31,False,False,True,True,True,False,False,True,False,True,False,False,False,,,0.98,100_220_390_120_330_140_25,prediction_runs,,crop_MS_2068_100_25832_etrs89-utm32n.asc,,DroughtStressThreshold,0.5,1,
1435,True,fixed,auto,SM_sfix_hauto,sim_projection_avgyield.json,crop.json,,site.json,False,dwd_core_ensemble,dwd_core_ensemble/csvs_dwd_core_ensemble,ICHEC-EC-EARTH,SMHI-RCA4,rcp45,r12i1p1,v1,2068-01-01,2068-12-31,False,False,True,True,True,False,False,True,False,True,False,False,False,,,0.98,100_220_390_120_330_140_25,prediction_runs,,crop_MS_2068_100_25832_etrs89-utm32n.asc,,DroughtStressThreshold,0.5,1,
1436,True,fixed,auto,SM_sfix_hauto,sim_projection_avgyield.json,crop.json,,site.json,False,dwd_core_ensemble,dwd_core_ensemble/csvs_dwd_core_ensemble,MIROC-MIROC5,CLMcom-CCLM4-8-17,rcp26,r1i1p1,v1,2068-01-01,2068-12-31,False,False,True,True,True,False,False,True,False,True,False,False,False,,,0.98,100_220_390_120_330_140_25,prediction_runs,,crop_MS_2068_100_25832_etrs89-utm32n.asc,,DroughtStressThreshold,0.5,1,
1437,True,fixed,auto,SM_sfix_hauto,sim_projection_avgyield.json,crop.json,,site.json,False,dwd_core_ensemble,dwd_core_ensemble/csvs_dwd_core_ensemble,MIROC-MIROC5,GERICS-REMO2015,rcp85,r1i1p1,v1,2068-01-01,2068-12-31,False,False,True,True,True,False,False,True,False,True,False,False,False,,,0.98,100_220_390_120_330_140_25,prediction_runs,,crop_MS_2068_100_25832_etrs89-utm32n.asc,,DroughtStressThreshold,0.5,1,
1438,True,fixed,auto,SM_sfix_hauto,sim_projection_avgyield.json,crop.json,,site.json,False,dwd_core_ensemble,dwd_core_ensemble/csvs_dwd_core_ensemble,MOHC-HadGEM2-ES,CLMcom-CCLM4-8-17,rcp45,r1i1p1,v1,2068-01-01,2068-12-31,False,False,True,True,True,False,False,True,False,True,False,False,False,,,0.98,100_220_390_120_330_140_25,prediction_runs,,crop_MS_2068_100_25832_etrs89-utm32n.asc,,DroughtStressThreshold,0.5,1,
1439,True,fixed,auto,SM_sfix_hauto,sim_projection_avgyield.json,crop.json,,site.json,False,dwd_core_ensemble,dwd_core_ensemble/csvs_dwd_core_ensemble,MOHC-HadGEM2-ES,CLMcom-CCLM4-8-17,rcp85,r1i1p1,v1,2068-01-01,2068-12-31,False,False,True,True,True,False,False,True,False,True,False,False,False,,,0.98,100_220_390_120_330_140_25,prediction_runs,,crop_MS_2068_100_25832_etrs89-utm32n.asc,,DroughtStressThreshold,0.5,1,
1440,True,fixed,auto,SM_sfix_hauto,sim_projection_avgyield.json,crop.json,,site.json,False,dwd_core_ensemble,dwd_core_ensemble/csvs_dwd_core_ensemble,MOHC-HadGEM2-ES,KNMI-RACMO22E,rcp26,r1i1p1,v2,2068-01-01,2068-12-31,False,False,True,True,True,False,False,True,False,True,False,False,False,,,0.98,100_220_390_120_330_140_25,prediction_runs,,crop_MS_2068_100_25832_etrs89-utm32n.asc,,DroughtStressThreshold,0.5,1,
1441,True,fixed,auto,SM_sfix_hauto,sim_projection_avgyield.json,crop.json,,site.json,False,dwd_core_ensemble,dwd_core_ensemble/csvs_dwd_core_ensemble,MPI-M-MPI-ESM-LR,MPI-CSC-REMO2009,rcp26,r2i1p1,v1,2068-01-01,2068-12-31,False,False,True,True,True,False,False,True,False,True,False,False,False,,,0.98,100_220_390_120_330_140_25,prediction_runs,,crop_MS_2068_100_25832_etrs89-utm32n.asc,,DroughtStressThreshold,0.5,1,
1442,True,fixed,auto,SM_sfix_hauto,sim_projection_avgyield.json,crop.json,,site.json,False,dwd_core_ensemble,dwd_core_ensemble/csvs_dwd_core_ensemble,MPI-M-MPI-ESM-LR,MPI-CSC-REMO2009,rcp45,r1i1p1,v1,2068-01-01,2068-12-31,False,False,True,True,True,False,False,True,False,True,False,False,False,,,0.98,100_220_390_120_330_140_25,prediction_runs,,crop_MS_2068_100_25832_etrs89-utm32n.asc,,DroughtStressThreshold,0.5,1,
1443,True,fixed,auto,SM_sfix_hauto,sim_projection_avgyield.json,crop.json,,site.json,False,dwd_core_ensemble,dwd_core_ensemble/csvs_dwd_core_ensemble,MPI-M-MPI-ESM-LR,MPI-CSC-REMO2009,rcp45,r2i1p1,v1,2068-01-01,2068-12-31,False,False,True,True,True,False,False,True,False,True,False,False,False,,,0.98,100_220_390_120_330_140_25,prediction_runs,,crop_MS_2068_100_25832_etrs89-utm32n.asc,,DroughtStressThreshold,0.5,1,
1444,True,fixed,auto,SM_sfix_hauto,sim_projection_avgyield.json,crop.json,,site.json,False,dwd_core_ensemble,dwd_core_ensemble/csvs_dwd_core_ensemble,MPI-M-MPI-ESM-LR,MPI-CSC-REMO2009,rcp85,r2i1p1,v1,2068-01-01,2068-12-31,False,False,True,True,True,False,False,True,False,True,False,False,False,,,0.98,100_220_390_120_330_140_25,prediction_runs,,crop_MS_2068_100_25832_etrs89-utm32n.asc,,DroughtStressThreshold,0.5,1,
1445,True,fixed,auto,SM_sfix_hauto,sim_projection_avgyield.json,crop.json,,site.json,False,dwd_core_ensemble,dwd_core_ensemble/csvs_dwd_core_ensemble,MPI-M-MPI-ESM-LR,UHOH-WRF361H,rcp85,r1i1p1,v1,2068-01-01,2068-12-31,False,False,True,True,True,False,False,True,False,True,False,False,False,,,0.98,100_220_390_120_330_140_25,prediction_runs,,crop_MS_2068_100_25832_etrs89-utm32n.asc,,DroughtStressThreshold,0.5,1,
1446,True,fixed,auto,SM_sfix_hauto,sim_projection_avgyield.json,crop.json,,site.json,False,dwd_core_ensemble,dwd_core_ensemble/csvs_dwd_core_ensemble,CCCma-CanESM2,CLMcom-CCLM4-8-17,rcp85,r1i1p1,v1,2069-01-01,2069-12-31,False,False,True,True,True,False,False,True,False,True,False,False,False,,,0.98,100_220_390_120_330_140_25,prediction_runs,,crop_MS_2069_100_25832_etrs89-utm32n.asc,,DroughtStressThreshold,0.5,1,
1447,True,fixed,auto,SM_sfix_hauto,sim_projection_avgyield.json,crop.json,,site.json,False,dwd_core_ensemble,dwd_core_ensemble/csvs_dwd_core_ensemble,ICHEC-EC-EARTH,CLMcom-CCLM4-8-17,rcp26,r12i1p1,v1,2069-01-01,2069-12-31,False,False,True,True,True,False,False,True,False,True,False,False,False,,,0.98,100_220_390_120_330_140_25,prediction_runs,,crop_MS_2069_100_25832_etrs89-utm32n.asc,,DroughtStressThreshold,0.5,1,
1448,True,fixed,auto,SM_sfix_hauto,sim_projection_avgyield.json,crop.json,,site.json,False,dwd_core_ensemble,dwd_core_ensemble/csvs_dwd_core_ensemble,ICHEC-EC-EARTH,KNMI-RACMO22E,rcp26,r12i1p1,v1,2069-01-01,2069-12-31,False,False,True,True,True,False,False,True,False,True,False,False,False,,,0.98,100_220_390_120_330_140_25,prediction_runs,,crop_MS_2069_100_25832_etrs89-utm32n.asc,,DroughtStressThreshold,0.5,1,
1449,True,fixed,auto,SM_sfix_hauto,sim_projection_avgyield.json,crop.json,,site.json,False,dwd_core_ensemble,dwd_core_ensemble/csvs_dwd_core_ensemble,ICHEC-EC-EARTH,KNMI-RACMO22E,rcp45,r1i1p1,v1,2069-01-01,2069-12-31,False,False,True,True,True,False,False,True,False,True,False,False,False,,,0.98,100_220_390_120_330_140_25,prediction_runs,,crop_MS_2069_100_25832_etrs89-utm32n.asc,,DroughtStressThreshold,0.5,1,
1450,True,fixed,auto,SM_sfix_hauto,sim_projection_avgyield.json,crop.json,,site.json,False,dwd_core_ensemble,dwd_core_ensemble/csvs_dwd_core_ensemble,ICHEC-EC-EARTH,KNMI-RACMO22E,rcp45,r12i1p1,v1,2069-01-01,2069-12-31,False,False,True,True,True,False,False,True,False,True,False,False,False,,,0.98,100_220_390_120_330_140_25,prediction_runs,,crop_MS_2069_100_25832_etrs89-utm32n.asc,,DroughtStressThreshold,0.5,1,
1451,True,fixed,auto,SM_sfix_hauto,sim_projection_avgyield.json,crop.json,,site.json,False,dwd_core_ensemble,dwd_core_ensemble/csvs_dwd_core_ensemble,ICHEC-EC-EARTH,KNMI-RACMO22E,rcp85,r1i1p1,v1,2069-01-01,2069-12-31,False,False,True,True,True,False,False,True,False,True,False,False,False,,,0.98,100_220_390_120_330_140_25,prediction_runs,,crop_MS_2069_100_25832_etrs89-utm32n.asc,,DroughtStressThreshold,0.5,1,
1452,True,fixed,auto,SM_sfix_hauto,sim_projection_avgyield.json,crop.json,,site.json,False,dwd_core_ensemble,dwd_core_ensemble/csvs_dwd_core_ensemble,ICHEC-EC-EARTH,SMHI-RCA4,rcp45,r12i1p1,v1,2069-01-01,2069-12-31,False,False,True,True,True,False,False,True,False,True,False,False,False,,,0.98,100_220_390_120_330_140_25,prediction_runs,,crop_MS_2069_100_25832_etrs89-utm32n.asc,,DroughtStressThreshold,0.5,1,
1453,True,fixed,auto,SM_sfix_hauto,sim_projection_avgyield.json,crop.json,,site.json,False,dwd_core_ensemble,dwd_core_ensemble/csvs_dwd_core_ensemble,MIROC-MIROC5,CLMcom-CCLM4-8-17,rcp26,r1i1p1,v1,2069-01-01,2069-12-31,False,False,True,True,True,False,False,True,False,True,False,False,False,,,0.98,100_220_390_120_330_140_25,prediction_runs,,crop_MS_2069_100_25832_etrs89-utm32n.asc,,DroughtStressThreshold,0.5,1,
1454,True,fixed,auto,SM_sfix_hauto,sim_projection_avgyield.json,crop.json,,site.json,False,dwd_core_ensemble,dwd_core_ensemble/csvs_dwd_core_ensemble,MIROC-MIROC5,GERICS-REMO2015,rcp85,r1i1p1,v1,2069-01-01,2069-12-31,False,False,True,True,True,False,False,True,False,True,False,False,False,,,0.98,100_220_390_120_330_140_25,prediction_runs,,crop_MS_2069_100_25832_etrs89-utm32n.asc,,DroughtStressThreshold,0.5,1,
1455,True,fixed,auto,SM_sfix_hauto,sim_projection_avgyield.json,crop.json,,site.json,False,dwd_core_ensemble,dwd_core_ensemble/csvs_dwd_core_ensemble,MOHC-HadGEM2-ES,CLMcom-CCLM4-8-17,rcp45,r1i1p1,v1,2069-01-01,2069-12-31,False,False,True,True,True,False,False,True,False,True,False,False,False,,,0.98,100_220_390_120_330_140_25,prediction_runs,,crop_MS_2069_100_25832_etrs89-utm32n.asc,,DroughtStressThreshold,0.5,1,
1456,True,fixed,auto,SM_sfix_hauto,sim_projection_avgyield.json,crop.json,,site.json,False,dwd_core_ensemble,dwd_core_ensemble/csvs_dwd_core_ensemble,MOHC-HadGEM2-ES,CLMcom-CCLM4-8-17,rcp85,r1i1p1,v1,2069-01-01,2069-12-31,False,False,True,True,True,False,False,True,False,True,False,False,False,,,0.98,100_220_390_120_330_140_25,prediction_runs,,crop_MS_2069_100_25832_etrs89-utm32n.asc,,DroughtStressThreshold,0.5,1,
1457,True,fixed,auto,SM_sfix_hauto,sim_projection_avgyield.json,crop.json,,site.json,False,dwd_core_ensemble,dwd_core_ensemble/csvs_dwd_core_ensemble,MOHC-HadGEM2-ES,KNMI-RACMO22E,rcp26,r1i1p1,v2,2069-01-01,2069-12-31,False,False,True,True,True,False,False,True,False,True,False,False,False,,,0.98,100_220_390_120_330_140_25,prediction_runs,,crop_MS_2069_100_25832_etrs89-utm32n.asc,,DroughtStressThreshold,0.5,1,
1458,True,fixed,auto,SM_sfix_hauto,sim_projection_avgyield.json,crop.json,,site.json,False,dwd_core_ensemble,dwd_core_ensemble/csvs_dwd_core_ensemble,MPI-M-MPI-ESM-LR,MPI-CSC-REMO2009,rcp26,r2i1p1,v1,2069-01-01,2069-12-31,False,False,True,True,True,False,False,True,False,True,False,False,False,,,0.98,100_220_390_120_330_140_25,prediction_runs,,crop_MS_2069_100_25832_etrs89-utm32n.asc,,DroughtStressThreshold,0.5,1,
1459,True,fixed,auto,SM_sfix_hauto,sim_projection_avgyield.json,crop.json,,site.json,False,dwd_core_ensemble,dwd_core_ensemble/csvs_dwd_core_ensemble,MPI-M-MPI-ESM-LR,MPI-CSC-REMO2009,rcp45,r1i1p1,v1,2069-01-01,2069-12-31,False,False,True,True,True,False,False,True,False,True,False,False,False,,,0.98,100_220_390_120_330_140_25,prediction_runs,,crop_MS_2069_100_25832_etrs89-utm32n.asc,,DroughtStressThreshold,0.5,1,
1460,True,fixed,auto,SM_sfix_hauto,sim_projection_avgyield.json,crop.json,,site.json,False,dwd_core_ensemble,dwd_core_ensemble/csvs_dwd_core_ensemble,MPI-M-MPI-ESM-LR,MPI-CSC-REMO2009,rcp45,r2i1p1,v1,2069-01-01,2069-12-31,False,False,True,True,True,False,False,True,False,True,False,False,False,,,0.98,100_220_390_120_330_140_25,prediction_runs,,crop_MS_2069_100_25832_etrs89-utm32n.asc,,DroughtStressThreshold,0.5,1,
1461,True,fixed,auto,SM_sfix_hauto,sim_projection_avgyield.json,crop.json,,site.json,False,dwd_core_ensemble,dwd_core_ensemble/csvs_dwd_core_ensemble,MPI-M-MPI-ESM-LR,MPI-CSC-REMO2009,rcp85,r2i1p1,v1,2069-01-01,2069-12-31,False,False,True,True,True,False,False,True,False,True,False,False,False,,,0.98,100_220_390_120_330_140_25,prediction_runs,,crop_MS_2069_100_25832_etrs89-utm32n.asc,,DroughtStressThreshold,0.5,1,
1462,True,fixed,auto,SM_sfix_hauto,sim_projection_avgyield.json,crop.json,,site.json,False,dwd_core_ensemble,dwd_core_ensemble/csvs_dwd_core_ensemble,MPI-M-MPI-ESM-LR,UHOH-WRF361H,rcp85,r1i1p1,v1,2069-01-01,2069-12-31,False,False,True,True,True,False,False,True,False,True,False,False,False,,,0.98,100_220_390_120_330_140_25,prediction_runs,,crop_MS_2069_100_25832_etrs89-utm32n.asc,,DroughtStressThreshold,0.5,1,